<?xml version="1.0" encoding="utf-8"?>
<COLLADA xmlns="http://www.collada.org/2005/11/COLLADASchema" version="1.4.1">
  <asset>
    <contributor>
      <authoring_tool>gz_demo</authoring_tool>
    </contributor>
    <unit name="meter" meter="1"/>
    <up_axis>Z_UP</up_axis>
  </asset>

  <library_effects>
    <effect id="terrain_effect">
      <profile_COMMON>
        <technique sid="common">
          <lambert>
            <diffuse>
              <color>0.45 0.58 0.36 1</color>
            </diffuse>
          </lambert>
        </technique>
      </profile_COMMON>
    </effect>
  </library_effects>

  <library_materials>
    <material id="terrain_material" name="terrain_material">
      <instance_effect url="#terrain_effect"/>
    </material>
  </library_materials>

  <library_geometries>
    <geometry id="terrain_mesh" name="terrain_mesh">
      <mesh>
        <source id="terrain_positions">
          <float_array id="terrain_positions_array" count="7803">
            0.0 50.0 0.0 1.0 50.0 0.0005757706239819527 2.0 50.0 0.0012356508523225784 3.0 50.0 0.0019891918636858463 4.0 50.0 0.002846558578312397 5.0 50.0 0.0038184914737939835 6.0 50.0 0.004916249308735132 7.0 50.0 0.006151536945253611 8.0 50.0 0.0075364126823842525 9.0 50.0 0.00908317556604743 10.0 50.0 0.010804230812937021 11.0 50.0 0.012711938004940748 12.0 50.0 0.014818435069173574 13.0 50.0 0.017135442700237036 14.0 50.0 0.019674052949994802 15.0 50.0 0.022444493602961302 16.0 50.0 0.025455887895077467 17.0 50.0 0.028715995606034994 18.0 50.0 0.03223094856366515 19.0 50.0 0.03600499173626304 20.0 50.0 0.04004020756110549 21.0 50.0 0.04433626448735595 22.0 50.0 0.048890174832195044 23.0 50.0 0.053696074988693 24.0 50.0 0.058745024260133505 25.0 50.0 0.06402484094724059 26.0 50.0 0.06951998686417937 27.0 50.0 0.07521147793158889 28.0 50.0 0.08107685809955001 29.0 50.0 0.08709022914990783 30.0 50.0 0.09322234755381942 31.0 50.0 0.09944075113162398 32.0 50.0 0.10570997511968017 33.0 50.0 0.11199184274300933 34.0 50.0 0.11824578559026122 35.0 50.0 0.12442925339564681 36.0 50.0 0.1304981387220323 37.0 50.0 0.13640728360041976 38.0 50.0 0.1421110755763948 39.0 50.0 0.14756393199786544 40.0 50.0 0.15272095566615462 41.0 50.0 0.15753850108012557 42.0 50.0 0.1619748598895967 43.0 50.0 0.16599076753482223 44.0 50.0 0.16955004399642348 45.0 50.0 0.17262010043486953 46.0 50.0 0.17517246073111892 47.0 50.0 0.17718320852145553 48.0 50.0 0.17863330012187362 49.0 50.0 0.17950895195826888 50.0 50.0 0.179801759775728 0.0 49.0 0.0005757706239819527 1.0 49.0 0.0012503629550337791 2.0 49.0 0.0020235017873346806 3.0 49.0 0.0029063764959573746 4.0 49.0 0.003910897299647331 5.0 49.0 0.00504964729771018 6.0 49.0 0.00633581867441535 7.0 49.0 0.0077831256203353405 8.0 49.0 0.009405693504959345 9.0 49.0 0.011217934545129538 10.0 49.0 0.013234382029622793 11.0 49.0 0.015469518955796957 12.0 49.0 0.017937564756721258 13.0 49.0 0.020652250852435827 14.0 49.0 0.023626574780791998 15.0 49.0 0.026872518938034773 16.0 49.0 0.03040077304467559 17.0 49.0 0.03422042867168784 18.0 49.0 0.038338670041412115 19.0 49.0 0.042760470416396856 20.0 49.0 0.04748826613649726 21.0 49.0 0.05252167722210288 22.0 49.0 0.05785719817504287 23.0 49.0 0.06348795956000686 24.0 49.0 0.06940348213538527 25.0 49.0 0.07558950548991561 26.0 49.0 0.08202780550345778 27.0 49.0 0.08869614964351058 28.0 49.0 0.09556823736056685 29.0 49.0 0.10261371498927474 30.0 49.0 0.10979831730946898 31.0 49.0 0.11708400910720229 32.0 49.0 0.12442925339564681 33.0 49.0 0.13178930943831801 34.0 49.0 0.13911664253100753 35.0 49.0 0.14636140828952193 36.0 49.0 0.15347191458567977 37.0 49.0 0.16039529209956527 38.0 49.0 0.1670780456624925 39.0 49.0 0.17346681421622634 40.0 49.0 0.17950895195826888 41.0 49.0 0.18515336280688643 42.0 49.0 0.1903511411510408 43.0 49.0 0.19505631690844893 44.0 49.0 0.19922648137435317 45.0 49.0 0.20282347267493606 46.0 49.0 0.20581392711028457 47.0 49.0 0.2081697708927095 48.0 49.0 0.20986875658854842 49.0 49.0 0.21089468663558364 50.0 49.0 0.2112377709709108 0.0 48.0 0.0012356508523225784 1.0 48.0 0.0020235017873346806 2.0 48.0 0.0029264437034726143 3.0 48.0 0.003957545850425959 4.0 48.0 0.0051307170651853085 5.0 48.0 0.006460654083639383 6.0 48.0 0.007962762843817472 7.0 48.0 0.009653059300035238 8.0 48.0 0.011548043694347143 9.0 48.0 0.01366454316303134 10.0 48.0 0.016019537579268217 11.0 48.0 0.018629934173077345 12.0 48.0 0.021512342151254416 13.0 48.0 0.024682802613824606 14.0 48.0 0.0281564905308187 15.0 48.0 0.03194740181788802 16.0 48.0 0.036068016197532415 17.0 48.0 0.040528961922973394 18.0 48.0 0.0453386208973825 19.0 48.0 0.050502804573625326 20.0 48.0 0.056024359073489904 21.0 48.0 0.06190283363685012 22.0 48.0 0.06813414162024856 23.0 48.0 0.07471026247367263 24.0 48.0 0.08161895489320159 25.0 48.0 0.08884355193004012 26.0 48.0 0.0963627896271646 27.0 48.0 0.10415069526061416 28.0 48.0 0.11217654263600707 29.0 48.0 0.12040489679202437 30.0 48.0 0.12879574066028 31.0 48.0 0.13730463152751327 32.0 48.0 0.14588308101519942 33.0 48.0 0.15447883075103164 34.0 48.0 0.16303635900840163 35.0 48.0 0.17149746185168624 36.0 48.0 0.179801759775728 37.0 48.0 0.18788751726970077 38.0 48.0 0.19569225376471877 39.0 48.0 0.20315362280234694 40.0 48.0 0.21021018689498305 41.0 48.0 0.21680225199088454 42.0 48.0 0.2228727019391954 43.0 48.0 0.22836783295497298 44.0 48.0 0.23323814338073134 45.0 48.0 0.2374390340410173 46.0 48.0 0.24093153839930892 47.0 48.0 0.24368293350562453 48.0 48.0 0.2456671572290361 49.0 48.0 0.2468653446994722 50.0 48.0 0.24726600712165236 0.0 47.0 0.0019891918636858463 1.0 47.0 0.0029063764959573746 2.0 47.0 0.003957545850425959 3.0 47.0 0.00515791354700923 4.0 47.0 0.006523672956973314 5.0 47.0 0.008071932476013899 6.0 47.0 0.009820627514272928 7.0 47.0 0.011788404081016779 8.0 47.0 0.01399446977302432 9.0 47.0 0.016458415891975164 10.0 47.0 0.019200004171580076 11.0 47.0 0.022238924633711576 12.0 47.0 0.025594509672373533 13.0 47.0 0.029285432305186987 14.0 47.0 0.03332936158403754 15.0 47.0 0.03774259006604552 16.0 47.0 0.04253965010866523 17.0 47.0 0.047732902225106955 18.0 47.0 0.05333211785182357 19.0 47.0 0.05934405094012618 20.0 47.0 0.06577202444896102 21.0 47.0 0.0726155168376863 22.0 47.0 0.07986975973471999 23.0 47.0 0.08752541011199355 24.0 47.0 0.09556823736056685 25.0 47.0 0.10397882526740432 26.0 47.0 0.11273243045434356 27.0 47.0 0.12179879611358047 28.0 47.0 0.1311421669088304 29.0 47.0 0.1407212889753282 30.0 47.0 0.1504895663820207 31.0 47.0 0.16039529209956527 32.0 47.0 0.170381975825876 33.0 47.0 0.1803888059221208 34.0 47.0 0.1903511411510408 35.0 47.0 0.20020121103152633 36.0 47.0 0.20986875658854842 37.0 47.0 0.21928186481818557 38.0 47.0 0.22836783295497298 39.0 47.0 0.23705406254157424 40.0 47.0 0.24526904290542006 41.0 47.0 0.25294326012954116 42.0 47.0 0.2600102252326906 43.0 47.0 0.2664074427448213 44.0 47.0 0.27207727497443557 45.0 47.0 0.2769677764736116 46.0 47.0 0.2810336179099977 47.0 47.0 0.28423668211326003 48.0 47.0 0.2865466303192079 49.0 47.0 0.2879414982162416 50.0 47.0 0.2884079343639314 0.0 46.0 0.002846558578312397 1.0 46.0 0.003910897299647331 2.0 46.0 0.0051307170651853085 3.0 46.0 0.006523672956973314 4.0 46.0 0.008108555804938078 5.0 46.0 0.009905219543725252 6.0 46.0 0.011934477370232344 7.0 46.0 0.014217964839190245 8.0 46.0 0.016777973156422377 9.0 46.0 0.019637235905975103 10.0 46.0 0.022818687837570906 11.0 46.0 0.02634517615661025 12.0 46.0 0.030239136423915625 13.0 46.0 0.03452223306521773 14.0 46.0 0.03921497380360961 15.0 46.0 0.04433626448735595 16.0 46.0 0.049902965780347586 17.0 46.0 0.0559294275008142 18.0 46.0 0.06242698943242431 19.0 46.0 0.06940348213538527 20.0 46.0 0.07686276501044631 21.0 46.0 0.08480422710999846 22.0 46.0 0.09322234755381942 23.0 46.0 0.10210628574714065 24.0 46.0 0.11143950885161757 25.0 46.0 0.1211995012126863 26.0 46.0 0.13135753339156508 27.0 46.0 0.1418785280548036 28.0 46.0 0.15272095566615462 29.0 46.0 0.16383695369586349 30.0 46.0 0.17517246073111892 31.0 46.0 0.1866674697957933 32.0 46.0 0.19825643068179488 33.0 46.0 0.20986875658854842 34.0 46.0 0.22142946487292647 35.0 46.0 0.23285989230498672 36.0 46.0 0.2440784997306764 37.0 46.0 0.2550018555484712 38.0 46.0 0.26554558938369155 39.0 46.0 0.2756254500709474 40.0 46.0 0.28515843814238906 41.0 46.0 0.2940639085136354 42.0 46.0 0.30226473277434707 43.0 46.0 0.30968831246718764 44.0 46.0 0.3162678009830415 45.0 46.0 0.3219429380260408 46.0 46.0 0.32666112249717116 47.0 46.0 0.3303780681453645 48.0 46.0 0.3330586380325258 49.0 46.0 0.33467732137069106 50.0 46.0 0.3352185911498964 0.0 45.0 0.0038184914737939835 1.0 45.0 0.00504964729771018 2.0 45.0 0.006460654083639383 3.0 45.0 0.008071932476013899 4.0 45.0 0.009905219543725252 5.0 45.0 0.011983480770140886 6.0 45.0 0.014330790843814611 7.0 45.0 0.016972176264971495 8.0 45.0 0.019933424424380064 9.0 45.0 0.023240830283612013 10.0 45.0 0.02692092163488269 11.0 45.0 0.03100012755021453 12.0 45.0 0.03550439840182662 13.0 45.0 0.04045880353078246 14.0 45.0 0.045887050684541464 15.0 45.0 0.051811018493026495 16.0 45.0 0.05825020885095 17.0 45.0 0.06522121792659163 18.0 45.0 0.07273716246709228 19.0 45.0 0.08080710982903838 20.0 45.0 0.08943551545962691 21.0 45.0 0.09862166410312057 22.0 45.0 0.10835918551310897 23.0 45.0 0.1186355329118669 24.0 45.0 0.12943158810958266 25.0 45.0 0.1407212889753282 26.0 45.0 0.15247143572196364 27.0 45.0 0.16464140778407454 28.0 45.0 0.17718320852145553 29.0 45.0 0.19004146521911025 30.0 45.0 0.20315362280234694 31.0 45.0 0.21645028656348586 32.0 45.0 0.22985560959205031 33.0 45.0 0.2432879782281816 34.0 45.0 0.25666065281257033 35.0 45.0 0.2698826021514833 36.0 45.0 0.282859546598047 37.0 45.0 0.29549495643004775 38.0 45.0 0.3076912290416658 39.0 45.0 0.31935094064101577 40.0 45.0 0.3303780681453645 41.0 45.0 0.34067933028563857 42.0 45.0 0.35016546910628676 43.0 45.0 0.35875259106978774 44.0 45.0 0.36636329954490066 45.0 45.0 0.37292794650420547 46.0 45.0 0.3783856160007417 47.0 45.0 0.38268513744696975 48.0 45.0 0.38578583067283034 49.0 45.0 0.3876581913791597 50.0 45.0 0.38828433817252517 0.0 44.0 0.004916249308735132 1.0 44.0 0.00633581867441535 2.0 44.0 0.007962762843817472 3.0 44.0 0.009820627514272928 4.0 44.0 0.011934477370232344 5.0 44.0 0.014330790843814611 6.0 44.0 0.017037327867001295 7.0 44.0 0.02008294640108943 8.0 44.0 0.02349737612530589 9.0 44.0 0.02731093904003501 10.0 44.0 0.031554223503917456 11.0 44.0 0.0362577005289495 12.0 44.0 0.04145129909738898 13.0 44.0 0.04716391256079078 14.0 44.0 0.05342288827523589 15.0 44.0 0.06025344645604491 16.0 44.0 0.06767807668074965 17.0 44.0 0.07571591204032302 18.0 44.0 0.08438208466395736 19.0 44.0 0.09368703281506896 20.0 44.0 0.1036359122954309 21.0 44.0 0.11422788864001632 22.0 44.0 0.12545561557635665 23.0 44.0 0.13730463152751327 24.0 44.0 0.14975288277491927 25.0 44.0 0.16277034347876906 26.0 44.0 0.17631870275363326 27.0 44.0 0.1903511411510408 28.0 44.0 0.2048123157583177 29.0 44.0 0.21963837509974837 30.0 44.0 0.23475718265399337 31.0 44.0 0.2500887340866029 32.0 44.0 0.26554558938369155 33.0 44.0 0.2810336179099977 34.0 44.0 0.2964528030715883 35.0 44.0 0.3116982108913362 36.0 44.0 0.32666112249717116 37.0 44.0 0.3412302262149751 38.0 44.0 0.35529298847541213 39.0 44.0 0.368737084325403 40.0 44.0 0.381451768334955 41.0 44.0 0.39332951372489333 42.0 44.0 0.4042674130760133 43.0 44.0 0.41416866844519973 44.0 44.0 0.42294411128386855 45.0 44.0 0.43051339453086257 46.0 44.0 0.436806274112314 47.0 44.0 0.44176380103453994 48.0 44.0 0.4453390366397798 49.0 44.0 0.44749794667586684 50.0 44.0 0.4482198781333864 0.0 43.0 0.006151536945253611 1.0 43.0 0.0077831256203353405 2.0 43.0 0.009653059300035238 3.0 43.0 0.011788404081016779 4.0 43.0 0.014217964839190245 5.0 43.0 0.016972176264971495 6.0 43.0 0.02008294640108943 7.0 43.0 0.023583439644426107 8.0 43.0 0.02750782808288932 9.0 43.0 0.031890963669866323 10.0 43.0 0.03676799824461341 11.0 43.0 0.042173956986516714 12.0 43.0 0.048143239226192236 13.0 43.0 0.05470905592665076 14.0 43.0 0.06190283363685012 15.0 43.0 0.06975356256589293 16.0 43.0 0.07828709250316024 17.0 43.0 0.08752541011199355 18.0 43.0 0.0974859050475061 19.0 43.0 0.10818058764562011 20.0 43.0 0.11961536621674895 21.0 43.0 0.13178930943831801 22.0 43.0 0.144693938549608 23.0 43.0 0.15831264620646834 24.0 43.0 0.17262010043486953 25.0 43.0 0.1875817752443254 26.0 43.0 0.20315362280234694 27.0 43.0 0.21928186481818557 28.0 43.0 0.23590287333354354 29.0 43.0 0.25294326012954116 30.0 43.0 0.27032013004645705 31.0 43.0 0.2879414982162416 32.0 43.0 0.3057069010101259 33.0 43.0 0.32350812619552016 34.0 43.0 0.3412302262149751 35.0 43.0 0.35875259106978774 36.0 43.0 0.3759502894245088 37.0 43.0 0.39269535010680556 38.0 43.0 0.4088584310375154 39.0 43.0 0.4243104583583772 40.0 43.0 0.43892414635047317 41.0 43.0 0.4525758749805391 42.0 43.0 0.4651473886333406 43.0 43.0 0.47652743523940444 44.0 43.0 0.4866135246120393 45.0 43.0 0.4953132993541658 46.0 43.0 0.502546054776758 47.0 43.0 0.5082440203987062 48.0 43.0 0.5123532242141664 49.0 43.0 0.5148345655761659 50.0 43.0 0.5156643218360841 0.0 42.0 0.0075364126823842525 1.0 42.0 0.009405693504959345 2.0 42.0 0.011548043694347143 3.0 42.0 0.01399446977302432 4.0 42.0 0.016777973156422377 5.0 42.0 0.019933424424380064 6.0 42.0 0.02349737612530589 7.0 42.0 0.02750782808288932 8.0 42.0 0.03200392937287688 9.0 42.0 0.03702560579404235 10.0 42.0 0.042613138910382986 11.0 42.0 0.04880665009841323 12.0 42.0 0.05564554547891021 13.0 42.0 0.06316788261756301 14.0 42.0 0.07140966271981597 15.0 42.0 0.08040410047397017 16.0 42.0 0.0901808119378984 17.0 42.0 0.10076498752459884 18.0 42.0 0.11217654263600707 19.0 42.0 0.12442925339564681 20.0 42.0 0.13752986257895827 21.0 42.0 0.15147733455523849 22.0 42.0 0.16626193886622787 23.0 42.0 0.18186464672908187 24.0 42.0 0.19825643068179488 25.0 42.0 0.21539774304255843 26.0 42.0 0.23323814338073134 27.0 42.0 0.2517159706912935 28.0 42.0 0.2707583433948457 29.0 42.0 0.2902812189422548 30.0 42.0 0.3101895875297487 31.0 42.0 0.3303780681453645 32.0 42.0 0.35073156422004104 33.0 42.0 0.3711261278949678 34.0 42.0 0.3914300031028688 35.0 42.0 0.41150505607947707 36.0 42.0 0.4312081462703645 37.0 42.0 0.4503926462493837 38.0 42.0 0.46891040867194533 39.0 42.0 0.4866135246120393 40.0 42.0 0.5033561415039003 41.0 42.0 0.5189966983161867 42.0 42.0 0.5333996242843568 43.0 42.0 0.5464375442825258 44.0 42.0 0.5579929775558412 45.0 42.0 0.5679601854644716 46.0 42.0 0.5762466019950807 47.0 42.0 0.582774621900171 48.0 42.0 0.5874824947677553 49.0 42.0 0.5903253383003175 50.0 42.0 0.5912759727798402 0.0 41.0 0.00908317556604743 1.0 41.0 0.011217934545129538 2.0 41.0 0.01366454316303134 3.0 41.0 0.016458415891975164 4.0 41.0 0.019637235905975103 5.0 41.0 0.023240830283612013 6.0 41.0 0.02731093904003501 7.0 41.0 0.031890963669866323 8.0 41.0 0.03702560579404235 9.0 41.0 0.042760470416396856 10.0 41.0 0.049141553696244955 11.0 41.0 0.05621467670425773 12.0 41.0 0.06402484094724059 13.0 41.0 0.0726155168376863 14.0 41.0 0.08202780550345778 15.0 41.0 0.09229964530095458 16.0 41.0 0.10346486186608672 17.0 41.0 0.11555222189053893 18.0 41.0 0.12858445709571242 19.0 41.0 0.1425773180089891 20.0 41.0 0.15753850108012557 21.0 41.0 0.17346681421622634 22.0 41.0 0.1903511411510408 23.0 41.0 0.2081697708927095 24.0 41.0 0.22688954835757613 25.0 41.0 0.24646530812606215 26.0 41.0 0.26683942740783095 27.0 41.0 0.2879414982162416 28.0 41.0 0.30968831246718764 29.0 41.0 0.33198384707793593 30.0 41.0 0.35471962159499526 31.0 41.0 0.3777753240428865 32.0 41.0 0.40101943677291274 33.0 41.0 0.4243104583583772 34.0 41.0 0.44749794667586684 35.0 41.0 0.47042409842833877 36.0 41.0 0.4929254180751741 37.0 41.0 0.5148345655761659 38.0 41.0 0.5359822339378297 39.0 41.0 0.5561995333991945 40.0 41.0 0.5753199881874025 41.0 41.0 0.5931818312965333 42.0 41.0 0.6096303290687501 43.0 41.0 0.6245199269615114 44.0 41.0 0.6377164549194276 45.0 41.0 0.6490992135368288 46.0 41.0 0.658562523778528 47.0 41.0 0.6660176343284547 48.0 41.0 0.6713940924964845 49.0 41.0 0.6746406978927553 50.0 41.0 0.6757263368926942 0.0 40.0 0.010804230812937021 1.0 40.0 0.013234382029622793 2.0 40.0 0.016019537579268217 3.0 40.0 0.019200004171580076 4.0 40.0 0.022818687837570906 5.0 40.0 0.02692092163488269 6.0 40.0 0.031554223503917456 7.0 40.0 0.03676799824461341 8.0 40.0 0.042613138910382986 9.0 40.0 0.049141553696244955 10.0 40.0 0.0564056015573442 11.0 40.0 0.06445745890960097 12.0 40.0 0.07334834104403853 13.0 40.0 0.08312772726640105 14.0 40.0 0.0938424221239984 15.0 40.0 0.10553560918197036 16.0 40.0 0.11824578559026122 17.0 40.0 0.13200570410117507 18.0 40.0 0.1468412703834474 19.0 40.0 0.16277034347876906 20.0 40.0 0.179801759775728 21.0 40.0 0.19793410366401076 22.0 40.0 0.2171547836624086 23.0 40.0 0.2374390340410173 24.0 40.0 0.25874911015853286 25.0 40.0 0.2810336179099977 26.0 40.0 0.3042269474826753 27.0 40.0 0.32824899023398757 28.0 40.0 0.3530049747787416 29.0 40.0 0.3783856160007417 30.0 40.0 0.4042674130760133 31.0 40.0 0.43051339453086257 32.0 40.0 0.45697386329993606 33.0 40.0 0.4834877378307283 34.0 40.0 0.5098837441764772 35.0 40.0 0.5359822339378297 36.0 40.0 0.5615971512161195 37.0 40.0 0.5865378803573549 38.0 40.0 0.6106118983589113 39.0 40.0 0.633626741822809 40.0 40.0 0.655392927583307 41.0 40.0 0.6757263368926942 42.0 40.0 0.6944508380256593 43.0 40.0 0.7114007896743715 44.0 40.0 0.7264233655296266 45.0 40.0 0.7393811768852174 46.0 40.0 0.7501539415679872 47.0 40.0 0.7586406893096864 48.0 40.0 0.7647610730491579 49.0 40.0 0.7684569186531007 50.0 40.0 0.7696927613578737 0.0 39.0 0.012711938004940748 1.0 39.0 0.015469518955796957 2.0 39.0 0.018629934173077345 3.0 39.0 0.022238924633711576 4.0 39.0 0.02634517615661025 5.0 39.0 0.03100012755021453 6.0 39.0 0.0362577005289495 7.0 39.0 0.042173956986516714 8.0 39.0 0.04880665009841323 9.0 39.0 0.05621467670425773 10.0 39.0 0.06445745890960097 11.0 39.0 0.07359418040141463 12.0 39.0 0.0836829892359674 13.0 39.0 0.0947800106368959 14.0 39.0 0.10693836724385619 15.0 39.0 0.12020703917369246 16.0 39.0 0.13462973898276687 17.0 39.0 0.15024360781535506 18.0 39.0 0.1670780456624925 19.0 39.0 0.18515336280688643 20.0 39.0 0.20447951322421432 21.0 39.0 0.225054947193712 22.0 39.0 0.2468653446994722 23.0 39.0 0.2698826021514833 24.0 39.0 0.2940639085136354 25.0 39.0 0.31935094064101577 26.0 39.0 0.34566925233229995 27.0 39.0 0.37292794650420547 28.0 39.0 0.40101943677291274 29.0 39.0 0.42981974547728896 30.0 39.0 0.45918877189978957 31.0 39.0 0.4889710075221956 32.0 39.0 0.5189966983161867 33.0 39.0 0.5490829176269472 34.0 39.0 0.5790353841148317 35.0 39.0 0.6086503094993532 36.0 39.0 0.6377164549194276 37.0 39.0 0.6660176343284547 38.0 39.0 0.6933352774940431 39.0 39.0 0.7194509929977357 40.0 39.0 0.7441499060951173 41.0 39.0 0.7672229832969606 42.0 39.0 0.7884703702293336 43.0 39.0 0.8077040142379701 44.0 39.0 0.8247507042251527 45.0 39.0 0.8394543952308595 46.0 39.0 0.8516786522231996 47.0 39.0 0.8613088554702699 48.0 39.0 0.8682538694702089 49.0 39.0 0.8724476522766054 50.0 39.0 0.8738500899635255 0.0 38.0 0.014818435069173574 1.0 38.0 0.017937564756721258 2.0 38.0 0.021512342151254416 3.0 38.0 0.025594509672373533 4.0 38.0 0.030239136423915625 5.0 38.0 0.03550439840182662 6.0 38.0 0.04145129909738898 7.0 38.0 0.048143239226192236 8.0 38.0 0.05564554547891021 9.0 38.0 0.06402484094724059 10.0 38.0 0.07334834104403853 11.0 38.0 0.0836829892359674 12.0 38.0 0.09509454434737563 13.0 38.0 0.10764650022611022 14.0 38.0 0.12139894580468535 15.0 38.0 0.13640728360041976 16.0 38.0 0.15272095566615462 17.0 38.0 0.170381975825876 18.0 38.0 0.18942358857020736 19.0 38.0 0.20986875658854842 20.0 38.0 0.23172877496108413 21.0 38.0 0.2550018555484712 22.0 38.0 0.27967183059081435 23.0 38.0 0.3057069010101259 24.0 38.0 0.3330586380325258 25.0 38.0 0.3616610891185701 26.0 38.0 0.3914300031028688 27.0 38.0 0.42226259177550673 28.0 38.0 0.45403717225417495 29.0 38.0 0.4866135246120393 30.0 38.0 0.5198331302963197 31.0 38.0 0.5535201258026063 32.0 38.0 0.5874824947677553 33.0 38.0 0.6215133494697511 34.0 38.0 0.655392927583307 35.0 38.0 0.6888906783424318 36.0 38.0 0.7217677063308656 37.0 38.0 0.7537794536910951 38.0 38.0 0.7846786803565919 39.0 38.0 0.8142185038886964 40.0 38.0 0.8421556777320802 41.0 38.0 0.8682538694702089 42.0 38.0 0.8922869986854494 43.0 38.0 0.9140424556098878 44.0 38.0 0.9333241409622133 45.0 38.0 0.9499556249938905 46.0 38.0 0.9637825912795961 47.0 38.0 0.9746753997169435 48.0 38.0 0.9825309938751161 49.0 38.0 0.9872746295295656 50.0 38.0 0.9888609475456178 0.0 37.0 0.017135442700237036 1.0 37.0 0.020652250852435827 2.0 37.0 0.024682802613824606 3.0 37.0 0.029285432305186987 4.0 37.0 0.03452223306521773 5.0 37.0 0.04045880353078246 6.0 37.0 0.04716391256079078 7.0 37.0 0.05470905592665076 8.0 37.0 0.06316788261756301 9.0 37.0 0.0726155168376863 10.0 37.0 0.08312772726640105 11.0 37.0 0.0947800106368959 12.0 37.0 0.10764650022611022 13.0 37.0 0.12179879611358047 14.0 37.0 0.13730463152751327 15.0 37.0 0.15422649448737502 16.0 37.0 0.17262010043486953 17.0 37.0 0.19253284996375442 18.0 37.0 0.21400220459327102 19.0 37.0 0.23705406254157424 20.0 37.0 0.261701179202646 21.0 37.0 0.2879414982162416 22.0 37.0 0.3157568103633821 23.0 37.0 0.34511126345023513 24.0 37.0 0.3759502894245088 25.0 37.0 0.4081994420848787 26.0 37.0 0.44176380103453994 27.0 37.0 0.47652743523940444 28.0 37.0 0.5123532242141664 29.0 37.0 0.5490829176269472 30.0 37.0 0.5865378803573549 31.0 37.0 0.6245199269615114 32.0 37.0 0.6628123349510133 33.0 37.0 0.701182050164789 34.0 37.0 0.7393811768852174 35.0 37.0 0.7771497792564332 36.0 37.0 0.8142185038886964 37.0 37.0 0.8503116792999208 38.0 37.0 0.8851504749618471 39.0 37.0 0.9184565371833742 40.0 37.0 0.9499556249938905 41.0 37.0 0.9793812460266054 42.0 37.0 1.0064784712158144 43.0 37.0 1.0310076898895204 44.0 37.0 1.0527477688156068 45.0 37.0 1.0714996284805238 46.0 37.0 1.087089580949396 47.0 37.0 1.0993711180053651 48.0 37.0 1.1082283682189882 49.0 37.0 1.1135768122039735 50.0 37.0 1.115365309175104 0.0 36.0 0.019674052949994802 1.0 36.0 0.023626574780791998 2.0 36.0 0.0281564905308187 3.0 36.0 0.03332936158403754 4.0 36.0 0.03921497380360961 5.0 36.0 0.045887050684541464 6.0 36.0 0.05342288827523589 7.0 36.0 0.06190283363685012 8.0 36.0 0.07140966271981597 9.0 36.0 0.08202780550345778 10.0 36.0 0.0938424221239984 11.0 36.0 0.10693836724385619 12.0 36.0 0.12139894580468535 13.0 36.0 0.13730463152751327 14.0 36.0 0.1547315544448793 15.0 36.0 0.17374995118007064 16.0 36.0 0.19442242151126266 17.0 36.0 0.21680225199088454 18.0 36.0 0.24093153839930892 19.0 36.0 0.26683942740783095 20.0 36.0 0.29454014962539077 21.0 36.0 0.32403151458129287 22.0 36.0 0.35529298847541213 23.0 36.0 0.38828433817252517 24.0 36.0 0.42294411128386855 25.0 36.0 0.45918877189978957 26.0 36.0 0.4969115681014955 27.0 36.0 0.5359822339378297 28.0 36.0 0.5762466019950807 29.0 36.0 0.6175269312225282 30.0 36.0 0.659622413571924 31.0 36.0 0.7023101872764528 32.0 36.0 0.7453468865714967 33.0 36.0 0.7884703702293336 34.0 36.0 0.8314021057449281 35.0 36.0 0.8738500899635255 36.0 36.0 0.9155114120803773 37.0 36.0 0.9560763663612306 38.0 36.0 0.9952314919792116 39.0 36.0 1.032663983758539 40.0 36.0 1.0680655664764345 41.0 36.0 1.1011369652114809 42.0 36.0 1.131591362413019 43.0 36.0 1.159159583505243 44.0 36.0 1.1835930771194398 45.0 36.0 1.2046683258377016 46.0 36.0 1.2221897072158754 47.0 36.0 1.2359929508529603 48.0 36.0 1.2459475225768983 49.0 36.0 1.251958531793207 50.0 36.0 1.2539686388336122 0.0 35.0 0.022444493602961302 1.0 35.0 0.026872518938034773 2.0 35.0 0.03194740181788802 3.0 35.0 0.03774259006604552 4.0 35.0 0.04433626448735595 5.0 35.0 0.051811018493026495 6.0 35.0 0.06025344645604491 7.0 35.0 0.06975356256589293 8.0 35.0 0.08040410047397017 9.0 35.0 0.09229964530095458 10.0 35.0 0.10553560918197036 11.0 35.0 0.12020703917369246 12.0 35.0 0.13640728360041976 13.0 35.0 0.15422649448737502 14.0 35.0 0.17374995118007064 15.0 35.0 0.19505631690844893 16.0 35.0 0.21821577614173293 17.0 35.0 0.2432879782281816 18.0 35.0 0.27032013004645705 19.0 35.0 0.29934482043609023 20.0 35.0 0.3303780681453645 21.0 35.0 0.36341736977919936 22.0 35.0 0.39843971794471145 23.0 35.0 0.4354000217281282 24.0 35.0 0.4742295271717012 25.0 35.0 0.5148345655761659 26.0 35.0 0.5570955700241029 27.0 35.0 0.6008665985427797 28.0 35.0 0.6459749168716371 29.0 35.0 0.6922214454971254 30.0 35.0 0.7393811768852174 31.0 35.0 0.7872044271789491 32.0 35.0 0.8354185647331178 33.0 35.0 0.88372997706756 34.0 35.0 0.9318266338668764 35.0 35.0 0.9793812460266054 36.0 35.0 1.026054663117975 37.0 35.0 1.0714996284805238 38.0 35.0 1.115365309175104 39.0 35.0 1.1573011106811464 40.0 35.0 1.1969616836868227 41.0 35.0 1.2340115732513368 42.0 35.0 1.2681298679672182 43.0 35.0 1.2990146107040346 44.0 35.0 1.3263875669799745 45.0 35.0 1.3499981588684022 46.0 35.0 1.3696275181137025 47.0 35.0 1.3850913471542299 48.0 35.0 1.3962433761917055 49.0 35.0 1.4029776281677186 50.0 35.0 1.4052296108566225 0.0 34.0 0.025455887895077467 1.0 34.0 0.03040077304467559 2.0 34.0 0.036068016197532415 3.0 34.0 0.04253965010866523 4.0 34.0 0.049902965780347586 5.0 34.0 0.05825020885095 6.0 34.0 0.06767807668074965 7.0 34.0 0.07828709250316024 8.0 34.0 0.0901808119378984 9.0 34.0 0.10346486186608672 10.0 34.0 0.11824578559026122 11.0 34.0 0.13462973898276687 12.0 34.0 0.15272095566615462 13.0 34.0 0.17262010043486953 14.0 34.0 0.19442242151126266 15.0 34.0 0.21821577614173293 16.0 34.0 0.2440784997306764 17.0 34.0 0.27207727497443557 18.0 34.0 0.30226473277434707 19.0 34.0 0.33467732137069106 20.0 34.0 0.36933292215690017 21.0 34.0 0.40622870391234756 22.0 34.0 0.4453390366397798 23.0 34.0 0.4866135246120393 24.0 34.0 0.5299753970466554 25.0 34.0 0.5753199881874025 26.0 34.0 0.6225139326415956 27.0 34.0 0.6713940924964845 28.0 34.0 0.7217677063308656 29.0 34.0 0.7734123296104372 30.0 34.0 0.8260767287574708 31.0 34.0 0.879482192452997 32.0 34.0 0.9333241409622133 33.0 34.0 0.9872746295295656 34.0 34.0 1.0409853882156312 35.0 34.0 1.0940907425247133 36.0 34.0 1.1462120241485536 37.0 34.0 1.1969616836868227 38.0 34.0 1.2459475225768983 39.0 34.0 1.2927781767211854 40.0 34.0 1.3370681232772768 41.0 34.0 1.3784426874481142 42.0 34.0 1.4165434069000185 43.0 34.0 1.4510332769714296 44.0 34.0 1.4816012806259096 45.0 34.0 1.5079678720794618 46.0 34.0 1.5298883146606386 47.0 34.0 1.5471572107635438 48.0 34.0 1.559611005242914 49.0 34.0 1.567131323274225 50.0 34.0 1.5696461624465883 0.0 33.0 0.028715995606034994 1.0 33.0 0.03422042867168784 2.0 33.0 0.040528961922973394 3.0 33.0 0.047732902225106955 4.0 33.0 0.0559294275008142 5.0 33.0 0.06522121792659163 6.0 33.0 0.07571591204032302 7.0 33.0 0.08752541011199355 8.0 33.0 0.10076498752459884 9.0 33.0 0.11555222189053893 10.0 33.0 0.13200570410117507 11.0 33.0 0.15024360781535506 12.0 33.0 0.170381975825876 13.0 33.0 0.19253284996375442 14.0 33.0 0.21680225199088454 15.0 33.0 0.2432879782281816 16.0 33.0 0.27207727497443557 17.0 33.0 0.30324427550658584 18.0 33.0 0.3368476456962526 19.0 33.0 0.37292794650420547 20.0 33.0 0.41150505607947707 21.0 33.0 0.4525758749805391 22.0 33.0 0.4961117929778993 23.0 33.0 0.5420567817054689 24.0 33.0 0.5903253383003175 25.0 33.0 0.6408009952865541 26.0 33.0 0.6933352774940431 27.0 33.0 0.747746569570154 28.0 33.0 0.8038202947936952 29.0 33.0 0.8613088554702699 30.0 33.0 0.9199325866065919 31.0 33.0 0.9793812460266054 32.0 33.0 1.039315742906183 33.0 33.0 1.0993711180053651 34.0 33.0 1.159159583505243 35.0 33.0 1.21827427810058 36.0 33.0 1.2762934393249452 37.0 33.0 1.3327856487594545 38.0 33.0 1.387314600404352 39.0 33.0 1.4394445843063295 40.0 33.0 1.4887462086044252 41.0 33.0 1.53480259841308 42.0 33.0 1.5772146410308778 43.0 33.0 1.6156071848236024 44.0 33.0 1.6496342844329774 45.0 33.0 1.678984326776117 46.0 33.0 1.7033852762542665 47.0 33.0 1.7226082510314882 48.0 33.0 1.7364713377319276 49.0 33.0 1.7448425716720521 50.0 33.0 1.7476419634185731 0.0 32.0 0.03223094856366515 1.0 32.0 0.038338670041412115 2.0 32.0 0.0453386208973825 3.0 32.0 0.05333211785182357 4.0 32.0 0.06242698943242431 5.0 32.0 0.07273716246709228 6.0 32.0 0.08438208466395736 7.0 32.0 0.0974859050475061 8.0 32.0 0.11217654263600707 9.0 32.0 0.12858445709571242 10.0 32.0 0.1468412703834474 11.0 32.0 0.1670780456624925 12.0 32.0 0.18942358857020736 13.0 32.0 0.21400220459327102 14.0 32.0 0.24093153839930892 15.0 32.0 0.27032013004645705 16.0 32.0 0.30226473277434707 17.0 32.0 0.3368476456962526 18.0 32.0 0.3741339868865907 19.0 32.0 0.41416866844519973 20.0 32.0 0.45697386329993606 21.0 32.0 0.502546054776758 22.0 32.0 0.5508535332046449 23.0 32.0 0.6018341011367738 24.0 32.0 0.655392927583307 25.0 32.0 0.7114007896743715 26.0 32.0 0.7696927613578737 27.0 32.0 0.8300675577484071 28.0 32.0 0.8922869986854494 29.0 32.0 0.9560763663612306 30.0 32.0 1.0211252397857606 31.0 32.0 1.087089580949396 32.0 32.0 1.1535928673110902 33.0 32.0 1.2202303833328187 34.0 32.0 1.2865716642700136 35.0 32.0 1.352165264543146 36.0 32.0 1.4165434069000185 37.0 32.0 1.4792272276245058 38.0 32.0 1.539732617791742 39.0 32.0 1.59757594531402 40.0 32.0 1.652281207498163 41.0 32.0 1.7033852762542665 42.0 32.0 1.7504457659088075 43.0 32.0 1.7930461592040956 44.0 32.0 1.8308026022277772 45.0 32.0 1.8633695072494447 46.0 32.0 1.8904447979293764 47.0 32.0 1.911774558480829 48.0 32.0 1.9271570867858827 49.0 32.0 1.93644575541839 50.0 32.0 1.9395519918762147 0.0 31.0 0.03600499173626304 1.0 31.0 0.042760470416396856 2.0 31.0 0.050502804573625326 3.0 31.0 0.05934405094012618 4.0 31.0 0.06940348213538527 5.0 31.0 0.08080710982903838 6.0 31.0 0.09368703281506896 7.0 31.0 0.10818058764562011 8.0 31.0 0.12442925339564681 9.0 31.0 0.1425773180089891 10.0 31.0 0.16277034347876906 11.0 31.0 0.18515336280688643 12.0 31.0 0.20986875658854842 13.0 31.0 0.23705406254157424 14.0 31.0 0.26683942740783095 15.0 31.0 0.29934482043609023 16.0 31.0 0.33467732137069106 17.0 31.0 0.37292794650420547 18.0 31.0 0.41416866844519973 19.0 31.0 0.4584492868743837 20.0 31.0 0.5057942098937929 21.0 31.0 0.5561995333991945 22.0 31.0 0.6096303290687501 23.0 31.0 0.6660176343284547 24.0 31.0 0.7252566642127931 25.0 31.0 0.7872044271789491 26.0 31.0 0.8516786522231996 27.0 31.0 0.9184565371833742 28.0 31.0 0.9872746295295656 29.0 31.0 1.0578291839919984 30.0 31.0 1.1297768778167665 31.0 31.0 1.2027370161376894 32.0 31.0 1.2762934393249452 33.0 31.0 1.3499981588684022 34.0 31.0 1.4233752912841737 35.0 31.0 1.4959254688583314 36.0 31.0 1.567131323274225 37.0 31.0 1.6364630884490907 38.0 31.0 1.7033852762542665 39.0 31.0 1.7673633522354066 40.0 31.0 1.8278702921234071 41.0 31.0 1.8843943304382265 42.0 31.0 1.93644575541839 43.0 31.0 1.9835641807876527 44.0 31.0 2.0253249830566347 45.0 31.0 2.061345738824457 46.0 31.0 2.091292542871088 47.0 31.0 2.1148842996917665 48.0 31.0 2.131898326333612 49.0 31.0 2.1421720213256776 50.0 31.0 2.145607633050531 0.0 30.0 0.04004020756110549 1.0 30.0 0.04748826613649726 2.0 30.0 0.056024359073489904 3.0 30.0 0.06577202444896102 4.0 30.0 0.07686276501044631 5.0 30.0 0.08943551545962691 6.0 30.0 0.1036359122954309 7.0 30.0 0.11961536621674895 8.0 30.0 0.13752986257895827 9.0 30.0 0.15753850108012557 10.0 30.0 0.179801759775728 11.0 30.0 0.20447951322421432 12.0 30.0 0.23172877496108413 13.0 30.0 0.261701179202646 14.0 30.0 0.29454014962539077 15.0 30.0 0.3303780681453645 16.0 30.0 0.36933292215690017 17.0 30.0 0.41150505607947707 18.0 30.0 0.45697386329993606 19.0 30.0 0.5057942098937929 20.0 30.0 0.5579929775558412 21.0 30.0 0.6135660237632692 22.0 30.0 0.672474545892328 23.0 30.0 0.734642846044153 24.0 30.0 0.7999551123939455 25.0 30.0 0.8682538694702089 26.0 30.0 0.9393380708061159 27.0 30.0 1.0129621452651918 28.0 30.0 1.0888356394134462 29.0 30.0 1.1666235155425966 30.0 30.0 1.2459475225768983 31.0 30.0 1.3263875669799745 32.0 30.0 1.4074851698242128 33.0 30.0 1.4887462086044252 34.0 30.0 1.5696461624465883 35.0 30.0 1.6496342844329774 36.0 30.0 1.7281401581130922 37.0 30.0 1.8045800155960023 38.0 30.0 1.8783631748519838 39.0 30.0 1.948900384362787 40.0 30.0 2.0156106180511415 41.0 30.0 2.0779296583496034 42.0 30.0 2.1353174871765077 43.0 30.0 2.187266511376947 44.0 30.0 2.2333084768615663 45.0 30.0 2.2730223364196718 46.0 30.0 2.3060392565093935 47.0 30.0 2.3320497698150575 48.0 30.0 2.3508080667816103 49.0 30.0 2.3621350950561464 50.0 30.0 2.365922851022333 0.0 29.0 0.04433626448735595 1.0 29.0 0.05252167722210288 2.0 29.0 0.06190283363685012 3.0 29.0 0.0726155168376863 4.0 29.0 0.08480422710999846 5.0 29.0 0.09862166410312057 6.0 29.0 0.11422788864001632 7.0 29.0 0.13178930943831801 8.0 29.0 0.15147733455523849 9.0 29.0 0.17346681421622634 10.0 29.0 0.19793410366401076 11.0 29.0 0.225054947193712 12.0 29.0 0.2550018555484712 13.0 29.0 0.2879414982162416 14.0 29.0 0.32403151458129287 15.0 29.0 0.36341736977919936 16.0 29.0 0.40622870391234756 17.0 29.0 0.4525758749805391 18.0 29.0 0.502546054776758 19.0 29.0 0.5561995333991945 20.0 29.0 0.6135660237632692 21.0 29.0 0.6746406978927553 22.0 29.0 0.7393811768852174 23.0 29.0 0.8077040142379701 24.0 29.0 0.879482192452997 25.0 29.0 0.9545425004325807 26.0 29.0 1.032663983758539 27.0 29.0 1.1135768122039735 28.0 29.0 1.1969616836868227 29.0 29.0 1.2824504799209535 30.0 29.0 1.3696275181137025 31.0 29.0 1.4580311006866395 32.0 29.0 1.5471572107635438 33.0 29.0 1.6364630884490907 34.0 29.0 1.7253719992004335 35.0 29.0 1.813278955873102 36.0 29.0 1.899556917604059 37.0 29.0 1.9835641807876527 38.0 29.0 2.0646518892608583 39.0 29.0 2.1421720213256776 40.0 29.0 2.2154866880737245 41.0 29.0 2.2839750475250185 42.0 29.0 2.347044391091913 43.0 29.0 2.4041363424621522 44.0 29.0 2.454736632760614 45.0 29.0 2.4983817762695253 46.0 29.0 2.5346674150787294 47.0 29.0 2.5632530874572694 48.0 29.0 2.5838684267364442 49.0 29.0 2.596316976007074 50.0 29.0 2.6004797643981874 0.0 28.0 0.048890174832195044 1.0 28.0 0.05785719817504287 2.0 28.0 0.06813414162024856 3.0 28.0 0.07986975973471999 4.0 28.0 0.09322234755381942 5.0 28.0 0.10835918551310897 6.0 28.0 0.12545561557635665 7.0 28.0 0.144693938549608 8.0 28.0 0.16626193886622787 9.0 28.0 0.1903511411510408 10.0 28.0 0.2171547836624086 11.0 28.0 0.2468653446994722 12.0 28.0 0.27967183059081435 13.0 28.0 0.3157568103633821 14.0 28.0 0.35529298847541213 15.0 28.0 0.39843971794471145 16.0 28.0 0.4453390366397798 17.0 28.0 0.4961117929778993 18.0 28.0 0.5508535332046449 19.0 28.0 0.6096303290687501 20.0 28.0 0.672474545892328 21.0 28.0 0.7393811768852174 22.0 28.0 0.8103035516105592 23.0 28.0 0.8851504749618471 24.0 28.0 0.9637825912795961 25.0 28.0 1.0460102981887758 26.0 28.0 1.131591362413019 27.0 28.0 1.2202303833328187 28.0 28.0 1.3115776008926332 29.0 28.0 1.4052296108566225 30.0 28.0 1.500730914529413 31.0 28.0 1.59757594531402 32.0 28.0 1.6952126449905336 33.0 28.0 1.7930461592040956 34.0 28.0 1.8904447979293764 35.0 28.0 1.9867457575164735 36.0 28.0 2.081262273248285 37.0 28.0 2.173291129525751 38.0 28.0 2.2621218389831483 39.0 28.0 2.347044391091913 40.0 28.0 2.42735950415954 41.0 28.0 2.502387923654169 42.0 28.0 2.5714794821105897 43.0 28.0 2.6340228742919862 44.0 28.0 2.6894549555145204 45.0 28.0 2.737267894204706 46.0 28.0 2.777018470223993 47.0 28.0 2.808333558496088 48.0 28.0 2.830917281564325 49.0 28.0 2.8445545858703554 50.0 28.0 2.849114818032831 0.0 27.0 0.053696074988693 1.0 27.0 0.06348795956000686 2.0 27.0 0.07471026247367263 3.0 27.0 0.08752541011199355 4.0 27.0 0.10210628574714065 5.0 27.0 0.1186355329118669 6.0 27.0 0.13730463152751327 7.0 27.0 0.15831264620646834 8.0 27.0 0.18186464672908187 9.0 27.0 0.2081697708927095 10.0 27.0 0.2374390340410173 11.0 27.0 0.2698826021514833 12.0 27.0 0.3057069010101259 13.0 27.0 0.34511126345023513 14.0 27.0 0.38828433817252517 15.0 27.0 0.4354000217281282 16.0 27.0 0.4866135246120393 17.0 27.0 0.5420567817054689 18.0 27.0 0.6018341011367738 19.0 27.0 0.6660176343284547 20.0 27.0 0.734642846044153 21.0 27.0 0.8077040142379701 22.0 27.0 0.8851504749618471 23.0 27.0 0.966882390435785 24.0 27.0 1.0527477688156068 25.0 27.0 1.1425393051467836 26.0 27.0 1.2359929508529603 27.0 27.0 1.3327856487594545 28.0 27.0 1.4325356907211244 29.0 27.0 1.53480259841308 30.0 27.0 1.6390889114700258 31.0 27.0 1.7448425716720521 32.0 27.0 1.8514606184326112 33.0 27.0 1.95829371875152 34.0 27.0 2.0646518892608583 35.0 27.0 2.1698114103637636 36.0 27.0 2.2730223364196718 37.0 27.0 2.3735167211852968 38.0 27.0 2.470518750604242 39.0 27.0 2.5632530874572694 40.0 27.0 2.6509563154540956 41.0 27.0 2.7328864759765565 42.0 27.0 2.808333558496088 43.0 27.0 2.876630467828363 44.0 27.0 2.9371613687835634 45.0 27.0 2.9893726534210145 46.0 27.0 3.032779616769403 47.0 27.0 3.066975516732782 48.0 27.0 3.0916365808807313 49.0 27.0 3.106528443749994 50.0 27.0 3.1115080541931093 0.0 26.0 0.058745024260133505 1.0 26.0 0.06940348213538527 2.0 26.0 0.08161895489320159 3.0 26.0 0.09556823736056685 4.0 26.0 0.11143950885161757 5.0 26.0 0.12943158810958266 6.0 26.0 0.14975288277491927 7.0 26.0 0.17262010043486953 8.0 26.0 0.19825643068179488 9.0 26.0 0.22688954835757613 10.0 26.0 0.25874911015853286 11.0 26.0 0.2940639085136354 12.0 26.0 0.3330586380325258 13.0 26.0 0.3759502894245088 14.0 26.0 0.42294411128386855 15.0 26.0 0.4742295271717012 16.0 26.0 0.5299753970466554 17.0 26.0 0.5903253383003175 18.0 26.0 0.655392927583307 19.0 26.0 0.7252566642127931 20.0 26.0 0.7999551123939455 21.0 26.0 0.879482192452997 22.0 26.0 0.9637825912795961 23.0 26.0 1.0527477688156068 24.0 26.0 1.1462120241485536 25.0 26.0 1.243950170930475 26.0 26.0 1.3456744379363954 27.0 26.0 1.4510332769714296 28.0 26.0 1.559611005242914 29.0 26.0 1.670928520616144 30.0 26.0 1.7844441360794008 31.0 26.0 1.899556917604059 32.0 26.0 2.0156106180511415 33.0 26.0 2.131898326333612 34.0 26.0 2.2476691431365907 35.0 26.0 2.3621350950561464 36.0 26.0 2.4744800752960145 37.0 26.0 2.5838684267364442 38.0 26.0 2.6894549555145204 39.0 26.0 2.7903961366973817 40.0 26.0 2.8858610815368593 41.0 26.0 2.975042027886957 42.0 26.0 3.0571662611328065 43.0 26.0 3.1315070814453065 44.0 26.0 3.197395247872919 45.0 26.0 3.2542270845733583 46.0 26.0 3.3014754480682313 47.0 26.0 3.3386978334747255 48.0 26.0 3.3655413812957704 49.0 26.0 3.3817509836517274 50.0 26.0 3.3871714300476015 0.0 25.0 0.06402484094724059 1.0 25.0 0.07558950548991561 2.0 25.0 0.08884355193004012 3.0 25.0 0.10397882526740432 4.0 25.0 0.1211995012126863 5.0 25.0 0.1407212889753282 6.0 25.0 0.16277034347876906 7.0 25.0 0.1875817752443254 8.0 25.0 0.21539774304255843 9.0 25.0 0.24646530812606215 10.0 25.0 0.2810336179099977 11.0 25.0 0.31935094064101577 12.0 25.0 0.3616610891185701 13.0 25.0 0.4081994420848787 14.0 25.0 0.45918877189978957 15.0 25.0 0.5148345655761659 16.0 25.0 0.5753199881874025 17.0 25.0 0.6408009952865541 18.0 25.0 0.7114007896743715 19.0 25.0 0.7872044271789491 20.0 25.0 0.8682538694702089 21.0 25.0 0.9545425004325807 22.0 25.0 1.0460102981887758 23.0 25.0 1.1425393051467836 24.0 25.0 1.243950170930475 25.0 25.0 1.3499981588684022 26.0 25.0 1.4603711790405214 27.0 25.0 1.57468776172027 28.0 25.0 1.6924970573745668 29.0 25.0 1.813278955873102 30.0 25.0 1.93644575541839 31.0 25.0 2.061345738824457 32.0 25.0 2.187266511376947 33.0 25.0 2.3134411997161806 34.0 25.0 2.439054889138788 35.0 25.0 2.5632530874572694 36.0 25.0 2.6851498312316835 37.0 25.0 2.803838414605707 38.0 25.0 2.9184021181426942 39.0 25.0 3.0279256529174745 40.0 25.0 3.1315070814453065 41.0 25.0 3.228270215447992 42.0 25.0 3.31737677520141 43.0 25.0 3.3980385488830507 44.0 25.0 3.469528359826654 45.0 25.0 3.531192225869745 46.0 25.0 3.5824579424224794 47.0 25.0 3.6228448576293886 48.0 25.0 3.6519707865081728 49.0 25.0 3.669558448251337 50.0 25.0 3.675439757760614 0.0 24.0 0.06951998686417937 1.0 24.0 0.08202780550345778 2.0 24.0 0.0963627896271646 3.0 24.0 0.11273243045434356 4.0 24.0 0.13135753339156508 5.0 24.0 0.15247143572196364 6.0 24.0 0.17631870275363326 7.0 24.0 0.20315362280234694 8.0 24.0 0.23323814338073134 9.0 24.0 0.26683942740783095 10.0 24.0 0.3042269474826753 11.0 24.0 0.34566925233229995 12.0 24.0 0.3914300031028688 13.0 24.0 0.44176380103453994 14.0 24.0 0.4969115681014955 15.0 24.0 0.5570955700241029 16.0 24.0 0.6225139326415956 17.0 24.0 0.6933352774940431 18.0 24.0 0.7696927613578737 19.0 24.0 0.8516786522231996 20.0 24.0 0.9393380708061159 21.0 24.0 1.032663983758539 22.0 24.0 1.131591362413019 23.0 24.0 1.2359929508529603 24.0 24.0 1.3456744379363954 25.0 24.0 1.4603711790405214 26.0 24.0 1.5797455734573305 27.0 24.0 1.7033852762542665 28.0 24.0 1.8308026022277772 29.0 24.0 1.961434883531183 30.0 24.0 2.0946466154418886 31.0 24.0 2.229732675012201 32.0 24.0 2.365922851022333 33.0 24.0 2.502387923654169 34.0 24.0 2.6382462210021913 35.0 24.0 2.7725733942352235 36.0 24.0 2.9044114775024354 37.0 24.0 3.032779616769403 38.0 24.0 3.1566867060028017 39.0 24.0 3.275142354425043 40.0 24.0 3.3871714300476015 41.0 24.0 3.4918262190185487 42.0 24.0 3.5881997770629823 43.0 24.0 3.675439757760614 44.0 24.0 3.7527600950561464 45.0 24.0 3.8194529241882265 46.0 24.0 3.874899548944086 47.0 24.0 3.918580216821283 48.0 24.0 3.950081510003656 49.0 24.0 3.969103497918695 50.0 24.0 3.975464505609125 0.0 23.0 0.07521147793158889 1.0 23.0 0.08869614964351058 2.0 23.0 0.10415069526061416 3.0 23.0 0.12179879611358047 4.0 23.0 0.1418785280548036 5.0 23.0 0.16464140778407454 6.0 23.0 0.1903511411510408 7.0 23.0 0.21928186481818557 8.0 23.0 0.2517159706912935 9.0 23.0 0.2879414982162416 10.0 23.0 0.32824899023398757 11.0 23.0 0.37292794650420547 12.0 23.0 0.42226259177550673 13.0 23.0 0.47652743523940444 14.0 23.0 0.5359822339378297 15.0 23.0 0.6008665985427797 16.0 23.0 0.6713940924964845 17.0 23.0 0.747746569570154 18.0 23.0 0.8300675577484071 19.0 23.0 0.9184565371833742 20.0 23.0 1.0129621452651918 21.0 23.0 1.1135768122039735 22.0 23.0 1.2202303833328187 23.0 23.0 1.3327856487594545 24.0 23.0 1.4510332769714296 25.0 23.0 1.57468776172027 26.0 23.0 1.7033852762542665 27.0 23.0 1.8366812891326845 28.0 23.0 1.9740498489700258 29.0 23.0 2.1148842996917665 30.0 23.0 2.2585000223480165 31.0 23.0 2.4041363424621522 32.0 23.0 2.550962848123163 33.0 23.0 2.698085708077997 34.0 23.0 2.8445545858703554 35.0 23.0 2.9893726534210145 36.0 23.0 3.1315070814453065 37.0 23.0 3.269900960382074 38.0 23.0 3.4034849829040468 39.0 23.0 3.531192225869745 40.0 23.0 3.6519707865081728 41.0 23.0 3.7647988027893007 42.0 23.0 3.8686992353759706 43.0 23.0 3.962752742227167 44.0 23.0 4.046111506875604 45.0 23.0 4.118013305123895 46.0 23.0 4.177790088113397 47.0 23.0 4.22488204902038 48.0 23.0 4.258843821939081 49.0 23.0 4.279351634439081 50.0 23.0 4.286209506448358 0.0 22.0 0.08107685809955001 1.0 22.0 0.09556823736056685 2.0 22.0 0.11217654263600707 3.0 22.0 0.1311421669088304 4.0 22.0 0.15272095566615462 5.0 22.0 0.17718320852145553 6.0 22.0 0.2048123157583177 7.0 22.0 0.23590287333354354 8.0 22.0 0.2707583433948457 9.0 22.0 0.30968831246718764 10.0 22.0 0.3530049747787416 11.0 22.0 0.40101943677291274 12.0 22.0 0.45403717225417495 13.0 22.0 0.5123532242141664 14.0 22.0 0.5762466019950807 15.0 22.0 0.6459749168716371 16.0 22.0 0.7217677063308656 17.0 22.0 0.8038202947936952 18.0 22.0 0.8922869986854494 19.0 22.0 0.9872746295295656 20.0 22.0 1.0888356394134462 21.0 22.0 1.1969616836868227 22.0 22.0 1.3115776008926332 23.0 22.0 1.4325356907211244 24.0 22.0 1.559611005242914 25.0 22.0 1.6924970573745668 26.0 22.0 1.8308026022277772 27.0 22.0 1.9740498489700258 28.0 22.0 2.1216735071502626 29.0 22.0 2.2730223364196718 30.0 22.0 2.42735950415954 31.0 22.0 2.5838684267364442 32.0 22.0 2.7416564649902284 33.0 22.0 2.899762792047113 34.0 22.0 3.0571662611328065 35.0 22.0 3.212795657571405 36.0 22.0 3.3655413812957704 37.0 22.0 3.514267129357904 38.0 22.0 3.657823962625116 39.0 22.0 3.7950650877319276 40.0 22.0 3.9248601621948183 41.0 22.0 4.046111506875604 42.0 22.0 4.1577686495147645 43.0 22.0 4.258843821939081 44.0 22.0 4.348425788339227 45.0 22.0 4.425695342477411 46.0 22.0 4.489934844430536 47.0 22.0 4.54054252570495 48.0 22.0 4.577039641793817 49.0 22.0 4.5990785784088075 50.0 22.0 4.606448096688837 0.0 21.0 0.08709022914990783 1.0 21.0 0.10261371498927474 2.0 21.0 0.12040489679202437 3.0 21.0 0.1407212889753282 4.0 21.0 0.16383695369586349 5.0 21.0 0.19004146521911025 6.0 21.0 0.21963837509974837 7.0 21.0 0.25294326012954116 8.0 21.0 0.2902812189422548 9.0 21.0 0.33198384707793593 10.0 21.0 0.3783856160007417 11.0 21.0 0.42981974547728896 12.0 21.0 0.4866135246120393 13.0 21.0 0.5490829176269472 14.0 21.0 0.6175269312225282 15.0 21.0 0.6922214454971254 16.0 21.0 0.7734123296104372 17.0 21.0 0.8613088554702699 18.0 21.0 0.9560763663612306 19.0 21.0 1.0578291839919984 20.0 21.0 1.1666235155425966 21.0 21.0 1.2824504799209535 22.0 21.0 1.4052296108566225 23.0 21.0 1.53480259841308 24.0 21.0 1.670928520616144 25.0 21.0 1.813278955873102 26.0 21.0 1.961434883531183 27.0 21.0 2.1148842996917665 28.0 21.0 2.2730223364196718 29.0 21.0 2.4351503080688417 30.0 21.0 2.6004797643981874 31.0 21.0 2.768135470803827 32.0 21.0 2.9371613687835634 33.0 21.0 3.106528443749994 34.0 21.0 3.275142354425043 35.0 21.0 3.4418560690246522 36.0 21.0 3.6054805940948427 37.0 21.0 3.7647988027893007 38.0 21.0 3.918580216821283 39.0 21.0 4.0655960268341005 40.0 21.0 4.204635543283075 41.0 21.0 4.334522647317499 42.0 21.0 4.454132003244013 43.0 21.0 4.562405986245722 44.0 21.0 4.658368033822626 45.0 21.0 4.741140765603632 46.0 21.0 4.809955996926874 47.0 21.0 4.864168090280145 48.0 21.0 4.903264445718378 49.0 21.0 4.9268726534210145 50.0 21.0 4.9347671694122255 0.0 20.0 0.09322234755381942 1.0 20.0 0.10979831730946898 2.0 20.0 0.12879574066028 3.0 20.0 0.1504895663820207 4.0 20.0 0.17517246073111892 5.0 20.0 0.20315362280234694 6.0 20.0 0.23475718265399337 7.0 20.0 0.27032013004645705 8.0 20.0 0.3101895875297487 9.0 20.0 0.35471962159499526 10.0 20.0 0.4042674130760133 11.0 20.0 0.45918877189978957 12.0 20.0 0.5198331302963197 13.0 20.0 0.5865378803573549 14.0 20.0 0.659622413571924 15.0 20.0 0.7393811768852174 16.0 20.0 0.8260767287574708 17.0 20.0 0.9199325866065919 18.0 20.0 1.0211252397857606 19.0 20.0 1.1297768778167665 20.0 20.0 1.2459475225768983 21.0 20.0 1.3696275181137025 22.0 20.0 1.500730914529413 23.0 20.0 1.6390889114700258 24.0 20.0 1.7844441360794008 25.0 20.0 1.93644575541839 26.0 20.0 2.0946466154418886 27.0 20.0 2.2585000223480165 28.0 20.0 2.42735950415954 29.0 20.0 2.6004797643981874 30.0 20.0 2.777018470223993 31.0 20.0 2.956041020806879 32.0 20.0 3.13652698462829 33.0 20.0 3.31737677520141 34.0 20.0 3.497422856744379 35.0 20.0 3.675439757760614 36.0 20.0 3.8501578993164003 37.0 20.0 4.020277900155634 38.0 20.0 4.184485358651727 39.0 20.0 4.341468734201044 40.0 20.0 4.489934844430536 41.0 20.0 4.628628653939813 42.0 20.0 4.756347579415888 43.0 20.0 4.8719619936309755 44.0 20.0 4.97443096106872 45.0 20.0 5.06281511252746 46.0 20.0 5.136295718606561 47.0 20.0 5.194183749612421 48.0 20.0 5.235930842813104 49.0 20.0 5.261139792855829 50.0 20.0 5.269569796975702 0.0 19.0 0.09944075113162398 1.0 19.0 0.11708400910720229 2.0 19.0 0.13730463152751327 3.0 19.0 0.16039529209956527 4.0 19.0 0.1866674697957933 5.0 19.0 0.21645028656348586 6.0 19.0 0.2500887340866029 7.0 19.0 0.2879414982162416 8.0 19.0 0.3303780681453645 9.0 19.0 0.3777753240428865 10.0 19.0 0.43051339453086257 11.0 19.0 0.4889710075221956 12.0 19.0 0.5535201258026063 13.0 19.0 0.6245199269615114 14.0 19.0 0.7023101872764528 15.0 19.0 0.7872044271789491 16.0 19.0 0.879482192452997 17.0 19.0 0.9793812460266054 18.0 19.0 1.087089580949396 19.0 19.0 1.2027370161376894 20.0 19.0 1.3263875669799745 21.0 19.0 1.4580311006866395 22.0 19.0 1.59757594531402 23.0 19.0 1.7448425716720521 24.0 19.0 1.899556917604059 25.0 19.0 2.061345738824457 26.0 19.0 2.229732675012201 27.0 19.0 2.4041363424621522 28.0 19.0 2.5838684267364442 29.0 19.0 2.768135470803827 30.0 19.0 2.956041020806879 31.0 19.0 3.146590632852167 32.0 19.0 3.3386978334747255 33.0 19.0 3.531192225869745 34.0 19.0 3.722830933984369 35.0 19.0 3.912310046609491 36.0 19.0 4.0982779688201845 37.0 19.0 4.279351634439081 38.0 19.0 4.454132003244013 39.0 19.0 4.621223372872919 40.0 19.0 4.779249114450067 41.0 19.0 4.9268726534210145 42.0 19.0 5.06281511252746 43.0 19.0 5.185874385293573 44.0 19.0 5.2949403948150575 45.0 19.0 5.38901607459411 46.0 19.0 5.467227858956903 47.0 19.0 5.528842849191278 48.0 19.0 5.573277873452753 49.0 19.0 5.600109977182001 50.0 19.0 5.609082621987909 0.0 18.0 0.10570997511968017 1.0 18.0 0.12442925339564681 2.0 18.0 0.14588308101519942 3.0 18.0 0.170381975825876 4.0 18.0 0.19825643068179488 5.0 18.0 0.22985560959205031 6.0 18.0 0.26554558938369155 7.0 18.0 0.3057069010101259 8.0 18.0 0.35073156422004104 9.0 18.0 0.40101943677291274 10.0 18.0 0.45697386329993606 11.0 18.0 0.5189966983161867 12.0 18.0 0.5874824947677553 13.0 18.0 0.6628123349510133 14.0 18.0 0.7453468865714967 15.0 18.0 0.8354185647331178 16.0 18.0 0.9333241409622133 17.0 18.0 1.039315742906183 18.0 18.0 1.1535928673110902 19.0 18.0 1.2762934393249452 20.0 18.0 1.4074851698242128 21.0 18.0 1.5471572107635438 22.0 18.0 1.6952126449905336 23.0 18.0 1.8514606184326112 24.0 18.0 2.0156106180511415 25.0 18.0 2.187266511376947 26.0 18.0 2.365922851022333 27.0 18.0 2.550962848123163 28.0 18.0 2.7416564649902284 29.0 18.0 2.9371613687835634 30.0 18.0 3.13652698462829 31.0 18.0 3.3386978334747255 32.0 18.0 3.542520923074335 33.0 18.0 3.7467550463043153 34.0 18.0 3.950081510003656 35.0 18.0 4.151116294320673 36.0 18.0 4.348425788339227 37.0 18.0 4.54054252570495 38.0 18.0 4.725982589181513 39.0 18.0 4.903264445718378 40.0 18.0 5.07092754309997 41.0 18.0 5.227554721292108 42.0 18.0 5.371787948068231 43.0 18.0 5.502351684030145 44.0 18.0 5.618070048745722 45.0 18.0 5.717882556375116 46.0 18.0 5.800864619668573 47.0 18.0 5.866237086709589 48.0 18.0 5.91338245337829 49.0 18.0 5.941851062234491 50.0 18.0 5.951370639260858 0.0 17.0 0.11199184274300933 1.0 17.0 0.13178930943831801 2.0 17.0 0.15447883075103164 3.0 17.0 0.1803888059221208 4.0 17.0 0.20986875658854842 5.0 17.0 0.2432879782281816 6.0 17.0 0.2810336179099977 7.0 17.0 0.32350812619552016 8.0 17.0 0.3711261278949678 9.0 17.0 0.4243104583583772 10.0 17.0 0.4834877378307283 11.0 17.0 0.5490829176269472 12.0 17.0 0.6215133494697511 13.0 17.0 0.701182050164789 14.0 17.0 0.7884703702293336 15.0 17.0 0.88372997706756 16.0 17.0 0.9872746295295656 17.0 17.0 1.0993711180053651 18.0 17.0 1.2202303833328187 19.0 17.0 1.3499981588684022 20.0 17.0 1.4887462086044252 21.0 17.0 1.6364630884490907 22.0 17.0 1.7930461592040956 23.0 17.0 1.95829371875152 24.0 17.0 2.131898326333612 25.0 17.0 2.3134411997161806 26.0 17.0 2.502387923654169 27.0 17.0 2.698085708077997 28.0 17.0 2.899762792047113 29.0 17.0 3.106528443749994 30.0 17.0 3.31737677520141 31.0 17.0 3.531192225869745 32.0 17.0 3.7467550463043153 33.0 17.0 3.962752742227167 34.0 17.0 4.177790088113397 35.0 17.0 4.3904041475616395 36.0 17.0 4.5990785784088075 37.0 17.0 4.802260798867792 38.0 17.0 4.998381537850946 39.0 17.0 5.185874385293573 40.0 17.0 5.363194388803095 41.0 17.0 5.528842849191278 42.0 17.0 5.681383532937616 43.0 17.0 5.81946794455871 44.0 17.0 5.941851062234491 45.0 17.0 6.047412795480341 46.0 17.0 6.135174197610468 47.0 17.0 6.204312247689813 48.0 17.0 6.254172725137323 49.0 17.0 6.284280700143427 50.0 17.0 6.294349116738886 0.0 16.0 0.11824578559026122 1.0 16.0 0.13911664253100753 2.0 16.0 0.16303635900840163 3.0 16.0 0.1903511411510408 4.0 16.0 0.22142946487292647 5.0 16.0 0.25666065281257033 6.0 16.0 0.2964528030715883 7.0 16.0 0.3412302262149751 8.0 16.0 0.3914300031028688 9.0 16.0 0.44749794667586684 10.0 16.0 0.5098837441764772 11.0 16.0 0.5790353841148317 12.0 16.0 0.655392927583307 13.0 16.0 0.7393811768852174 14.0 16.0 0.8314021057449281 15.0 16.0 0.9318266338668764 16.0 16.0 1.0409853882156312 17.0 16.0 1.159159583505243 18.0 16.0 1.2865716642700136 19.0 16.0 1.4233752912841737 20.0 16.0 1.5696461624465883 21.0 16.0 1.7253719992004335 22.0 16.0 1.8904447979293764 23.0 16.0 2.0646518892608583 24.0 16.0 2.2476691431365907 25.0 16.0 2.439054889138788 26.0 16.0 2.6382462210021913 27.0 16.0 2.8445545858703554 28.0 16.0 3.0571662611328065 29.0 16.0 3.275142354425043 30.0 16.0 3.497422856744379 31.0 16.0 3.722830933984369 32.0 16.0 3.950081510003656 33.0 16.0 4.177790088113397 34.0 16.0 4.404486579354852 35.0 16.0 4.628628653939813 36.0 16.0 4.848616523202509 37.0 16.0 5.06281511252746 38.0 16.0 5.269569796975702 39.0 16.0 5.467227858956903 40.0 16.0 5.654162330087274 41.0 16.0 5.828791541513056 42.0 16.0 5.989603442605585 43.0 16.0 6.135174197610468 44.0 16.0 6.264192504342645 45.0 16.0 6.375477713998407 46.0 16.0 6.467997474130243 47.0 16.0 6.540884417947382 48.0 16.0 6.593448085244745 49.0 16.0 6.625188750680536 50.0 16.0 6.635803145822138 0.0 15.0 0.12442925339564681 1.0 15.0 0.14636140828952193 2.0 15.0 0.17149746185168624 3.0 15.0 0.20020121103152633 4.0 15.0 0.23285989230498672 5.0 15.0 0.2698826021514833 6.0 15.0 0.3116982108913362 7.0 15.0 0.35875259106978774 8.0 15.0 0.41150505607947707 9.0 15.0 0.47042409842833877 10.0 15.0 0.5359822339378297 11.0 15.0 0.6086503094993532 12.0 15.0 0.6888906783424318 13.0 15.0 0.7771497792564332 14.0 15.0 0.8738500899635255 15.0 15.0 0.9793812460266054 16.0 15.0 1.0940907425247133 17.0 15.0 1.21827427810058 18.0 15.0 1.352165264543146 19.0 15.0 1.4959254688583314 20.0 15.0 1.6496342844329774 21.0 15.0 1.813278955873102 22.0 15.0 1.9867457575164735 23.0 15.0 2.1698114103637636 24.0 15.0 2.3621350950561464 25.0 15.0 2.5632530874572694 26.0 15.0 2.7725733942352235 27.0 15.0 2.9893726534210145 28.0 15.0 3.212795657571405 29.0 15.0 3.4418560690246522 30.0 15.0 3.675439757760614 31.0 15.0 3.912310046609491 32.0 15.0 4.151116294320673 33.0 15.0 4.3904041475616395 34.0 15.0 4.628628653939813 35.0 15.0 4.864168090280145 36.0 15.0 5.095342559274286 37.0 15.0 5.320433539804071 38.0 15.0 5.537701529916376 39.0 15.0 5.745410842355341 40.0 15.0 5.941851062234491 41.0 15.0 6.125360412057489 42.0 15.0 6.294349116738886 43.0 15.0 6.447322291787714 44.0 15.0 6.582901400979608 45.0 15.0 6.699845714028925 46.0 15.0 6.797070426400751 47.0 15.0 6.873663348611444 48.0 15.0 6.928900165017694 49.0 15.0 6.962254924234003 50.0 15.0 6.973408622201532 0.0 14.0 0.1304981387220323 1.0 14.0 0.15347191458567977 2.0 14.0 0.179801759775728 3.0 14.0 0.20986875658854842 4.0 14.0 0.2440784997306764 5.0 14.0 0.282859546598047 6.0 14.0 0.32666112249717116 7.0 14.0 0.3759502894245088 8.0 14.0 0.4312081462703645 9.0 14.0 0.4929254180751741 10.0 14.0 0.5615971512161195 11.0 14.0 0.6377164549194276 12.0 14.0 0.7217677063308656 13.0 14.0 0.8142185038886964 14.0 14.0 0.9155114120803773 15.0 14.0 1.026054663117975 16.0 14.0 1.1462120241485536 17.0 14.0 1.2762934393249452 18.0 14.0 1.4165434069000185 19.0 14.0 1.567131323274225 20.0 14.0 1.7281401581130922 21.0 14.0 1.899556917604059 22.0 14.0 2.081262273248285 23.0 14.0 2.2730223364196718 24.0 14.0 2.4744800752960145 25.0 14.0 2.6851498312316835 26.0 14.0 2.9044114775024354 27.0 14.0 3.1315070814453065 28.0 14.0 3.3655413812957704 29.0 14.0 3.6054805940948427 30.0 14.0 3.8501578993164003 31.0 14.0 4.0982779688201845 32.0 14.0 4.348425788339227 33.0 14.0 4.5990785784088075 34.0 14.0 4.848616523202509 35.0 14.0 5.095342559274286 36.0 14.0 5.337496680673212 37.0 14.0 5.573277873452753 38.0 14.0 5.800864619668573 39.0 14.0 6.018438739236444 40.0 14.0 6.224208278115839 41.0 14.0 6.4164332575164735 42.0 14.0 6.593448085244745 43.0 14.0 6.753686351235956 44.0 14.0 6.8957046694122255 45.0 14.0 7.018203181680292 46.0 14.0 7.120045108254999 47.0 14.0 7.200275344308466 48.0 14.0 7.258135718759149 49.0 14.0 7.293074531015009 50.0 14.0 7.30475847190246 0.0 13.0 0.13640728360041976 1.0 13.0 0.16039529209956527 2.0 13.0 0.18788751726970077 3.0 13.0 0.21928186481818557 4.0 13.0 0.2550018555484712 5.0 13.0 0.29549495643004775 6.0 13.0 0.3412302262149751 7.0 13.0 0.39269535010680556 8.0 13.0 0.4503926462493837 9.0 13.0 0.5148345655761659 10.0 13.0 0.5865378803573549 11.0 13.0 0.6660176343284547 12.0 13.0 0.7537794536910951 13.0 13.0 0.8503116792999208 14.0 13.0 0.9560763663612306 15.0 13.0 1.0714996284805238 16.0 13.0 1.1969616836868227 17.0 13.0 1.3327856487594545 18.0 13.0 1.4792272276245058 19.0 13.0 1.6364630884490907 20.0 13.0 1.8045800155960023 21.0 13.0 1.9835641807876527 22.0 13.0 2.173291129525751 23.0 13.0 2.3735167211852968 24.0 13.0 2.5838684267364442 25.0 13.0 2.803838414605707 26.0 13.0 3.032779616769403 27.0 13.0 3.269900960382074 28.0 13.0 3.514267129357904 29.0 13.0 3.7647988027893007 30.0 13.0 4.020277900155634 31.0 13.0 4.279351634439081 32.0 13.0 4.54054252570495 33.0 13.0 4.802260798867792 34.0 13.0 5.06281511252746 35.0 13.0 5.320433539804071 36.0 13.0 5.573277873452753 37.0 13.0 5.81946794455871 38.0 13.0 6.05710164969787 39.0 13.0 6.284280700143427 40.0 13.0 6.499134940560907 41.0 13.0 6.699845714028925 42.0 13.0 6.884674949105829 43.0 13.0 7.0519875711761415 44.0 13.0 7.200275344308466 45.0 13.0 7.328181666787714 46.0 13.0 7.434519690927118 47.0 13.0 7.518291873391718 48.0 13.0 7.578706664498895 49.0 13.0 7.615188044961542 50.0 13.0 7.627387446817011 0.0 12.0 0.1421110755763948 1.0 12.0 0.1670780456624925 2.0 12.0 0.19569225376471877 3.0 12.0 0.22836783295497298 4.0 12.0 0.26554558938369155 5.0 12.0 0.3076912290416658 6.0 12.0 0.35529298847541213 7.0 12.0 0.4088584310375154 8.0 12.0 0.46891040867194533 9.0 12.0 0.5359822339378297 10.0 12.0 0.6106118983589113 11.0 12.0 0.6933352774940431 12.0 12.0 0.7846786803565919 13.0 12.0 0.8851504749618471 14.0 12.0 0.9952314919792116 15.0 12.0 1.115365309175104 16.0 12.0 1.2459475225768983 17.0 12.0 1.387314600404352 18.0 12.0 1.539732617791742 19.0 12.0 1.7033852762542665 20.0 12.0 1.8783631748519838 21.0 12.0 2.0646518892608583 22.0 12.0 2.2621218389831483 23.0 12.0 2.470518750604242 24.0 12.0 2.6894549555145204 25.0 12.0 2.9184021181426942 26.0 12.0 3.1566867060028017 27.0 12.0 3.4034849829040468 28.0 12.0 3.657823962625116 29.0 12.0 3.918580216821283 30.0 12.0 4.184485358651727 31.0 12.0 4.454132003244013 32.0 12.0 4.725982589181513 33.0 12.0 4.998381537850946 34.0 12.0 5.269569796975702 35.0 12.0 5.537701529916376 36.0 12.0 5.800864619668573 37.0 12.0 6.05710164969787 38.0 12.0 6.3044337457977235 39.0 12.0 6.540884417947382 40.0 12.0 6.764506263192743 41.0 12.0 6.973408622201532 42.0 12.0 7.165780944284052 43.0 12.0 7.339921397622675 44.0 12.0 7.494261187966913 45.0 12.0 7.627387446817011 46.0 12.0 7.738065165933222 47.0 12.0 7.825256270822138 48.0 12.0 7.8881363100372255 49.0 12.0 7.926106376107782 50.0 12.0 7.938804072793573 0.0 11.0 0.14756393199786544 1.0 11.0 0.17346681421622634 2.0 11.0 0.20315362280234694 3.0 11.0 0.23705406254157424 4.0 11.0 0.2756254500709474 5.0 11.0 0.31935094064101577 6.0 11.0 0.368737084325403 7.0 11.0 0.4243104583583772 8.0 11.0 0.4866135246120393 9.0 11.0 0.5561995333991945 10.0 11.0 0.633626741822809 11.0 11.0 0.7194509929977357 12.0 11.0 0.8142185038886964 13.0 11.0 0.9184565371833742 14.0 11.0 1.032663983758539 15.0 11.0 1.1573011106811464 16.0 11.0 1.2927781767211854 17.0 11.0 1.4394445843063295 18.0 11.0 1.59757594531402 19.0 11.0 1.7673633522354066 20.0 11.0 1.948900384362787 21.0 11.0 2.1421720213256776 22.0 11.0 2.347044391091913 23.0 11.0 2.5632530874572694 24.0 11.0 2.7903961366973817 25.0 11.0 3.0279256529174745 26.0 11.0 3.275142354425043 27.0 11.0 3.531192225869745 28.0 11.0 3.7950650877319276 29.0 11.0 4.0655960268341005 30.0 11.0 4.341468734201044 31.0 11.0 4.621223372872919 32.0 11.0 4.903264445718378 33.0 11.0 5.185874385293573 34.0 11.0 5.467227858956903 35.0 11.0 5.745410842355341 36.0 11.0 6.018438739236444 37.0 11.0 6.284280700143427 38.0 11.0 6.540884417947382 39.0 11.0 6.786198062356561 40.0 11.0 7.018203181680292 41.0 11.0 7.234936160501093 42.0 11.0 7.434519690927118 43.0 11.0 7.615188044961542 44.0 11.0 7.775313300546259 45.0 11.0 7.913429660256952 46.0 11.0 8.02825586264953 47.0 11.0 8.118715686257929 48.0 11.0 8.183952731546015 49.0 11.0 8.223346156533808 50.0 11.0 8.236519259866327 0.0 10.0 0.15272095566615462 1.0 10.0 0.17950895195826888 2.0 10.0 0.21021018689498305 3.0 10.0 0.24526904290542006 4.0 10.0 0.28515843814238906 5.0 10.0 0.3303780681453645 6.0 10.0 0.381451768334955 7.0 10.0 0.43892414635047317 8.0 10.0 0.5033561415039003 9.0 10.0 0.5753199881874025 10.0 10.0 0.655392927583307 11.0 10.0 0.7441499060951173 12.0 10.0 0.8421556777320802 13.0 10.0 0.9499556249938905 14.0 10.0 1.0680655664764345 15.0 10.0 1.1969616836868227 16.0 10.0 1.3370681232772768 17.0 10.0 1.4887462086044252 18.0 10.0 1.652281207498163 19.0 10.0 1.8278702921234071 20.0 10.0 2.0156106180511415 21.0 10.0 2.2154866880737245 22.0 10.0 2.42735950415954 23.0 10.0 2.6509563154540956 24.0 10.0 2.8858610815368593 25.0 10.0 3.1315070814453065 26.0 10.0 3.3871714300476015 27.0 10.0 3.6519707865081728 28.0 10.0 3.9248601621948183 29.0 10.0 4.204635543283075 30.0 10.0 4.489934844430536 31.0 10.0 4.779249114450067 32.0 10.0 5.07092754309997 33.0 10.0 5.363194388803095 34.0 10.0 5.654162330087274 35.0 10.0 5.941851062234491 36.0 10.0 6.224208278115839 37.0 10.0 6.499134940560907 38.0 10.0 6.764506263192743 39.0 10.0 7.018203181680292 40.0 10.0 7.258135718759149 41.0 10.0 7.482274932321161 42.0 10.0 7.6886781877838075 43.0 10.0 7.875520152505487 44.0 10.0 8.041117114480585 45.0 10.0 8.183952731546015 46.0 10.0 8.302703303750604 47.0 10.0 8.396253985818475 48.0 10.0 8.463719767984003 49.0 10.0 8.504459781106561 50.0 10.0 8.518083018716425 0.0 9.0 0.15753850108012557 1.0 9.0 0.18515336280688643 2.0 9.0 0.21680225199088454 3.0 9.0 0.25294326012954116 4.0 9.0 0.2940639085136354 5.0 9.0 0.34067933028563857 6.0 9.0 0.39332951372489333 7.0 9.0 0.4525758749805391 8.0 9.0 0.5189966983161867 9.0 9.0 0.5931818312965333 10.0 9.0 0.6757263368926942 11.0 9.0 0.7672229832969606 12.0 9.0 0.8682538694702089 13.0 9.0 0.9793812460266054 14.0 9.0 1.1011369652114809 15.0 9.0 1.2340115732513368 16.0 9.0 1.3784426874481142 17.0 9.0 1.53480259841308 18.0 9.0 1.7033852762542665 19.0 9.0 1.8843943304382265 20.0 9.0 2.0779296583496034 21.0 9.0 2.2839750475250185 22.0 9.0 2.502387923654169 23.0 9.0 2.7328864759765565 24.0 9.0 2.975042027886957 25.0 9.0 3.228270215447992 26.0 9.0 3.4918262190185487 27.0 9.0 3.7647988027893007 28.0 9.0 4.046111506875604 29.0 9.0 4.334522647317499 30.0 9.0 4.628628653939813 31.0 9.0 4.9268726534210145 32.0 9.0 5.227554721292108 33.0 9.0 5.528842849191278 34.0 9.0 5.828791541513056 35.0 9.0 6.125360412057489 36.0 9.0 6.4164332575164735 37.0 9.0 6.699845714028925 38.0 9.0 6.973408622201532 39.0 9.0 7.234936160501093 40.0 9.0 7.482274932321161 41.0 9.0 7.713332099374384 42.0 9.0 7.926106376107782 43.0 9.0 8.118715686257929 44.0 9.0 8.289424342568964 45.0 9.0 8.43666879599914 46.0 9.0 8.559084338601679 47.0 9.0 8.655522746499628 48.0 9.0 8.725071353372186 49.0 9.0 8.767069262918085 50.0 9.0 8.781113070901483 0.0 8.0 0.1619748598895967 1.0 8.0 0.1903511411510408 2.0 8.0 0.2228727019391954 3.0 8.0 0.2600102252326906 4.0 8.0 0.30226473277434707 5.0 8.0 0.35016546910628676 6.0 8.0 0.4042674130760133 7.0 8.0 0.4651473886333406 8.0 8.0 0.5333996242843568 9.0 8.0 0.6096303290687501 10.0 8.0 0.6944508380256593 11.0 8.0 0.7884703702293336 12.0 8.0 0.8922869986854494 13.0 8.0 1.0064784712158144 14.0 8.0 1.131591362413019 15.0 8.0 1.2681298679672182 16.0 8.0 1.4165434069000185 17.0 8.0 1.5772146410308778 18.0 8.0 1.7504457659088075 19.0 8.0 1.93644575541839 20.0 8.0 2.1353174871765077 21.0 8.0 2.347044391091913 22.0 8.0 2.5714794821105897 23.0 8.0 2.808333558496088 24.0 8.0 3.0571662611328065 25.0 8.0 3.31737677520141 26.0 8.0 3.5881997770629823 27.0 8.0 3.8686992353759706 28.0 8.0 4.1577686495147645 29.0 8.0 4.454132003244013 30.0 8.0 4.756347579415888 31.0 8.0 5.06281511252746 32.0 8.0 5.371787948068231 33.0 8.0 5.681383532937616 34.0 8.0 5.989603442605585 35.0 8.0 6.294349116738886 36.0 8.0 6.593448085244745 37.0 8.0 6.884674949105829 38.0 8.0 7.165780944284052 39.0 8.0 7.434519690927118 40.0 8.0 7.6886781877838075 41.0 8.0 7.926106376107782 42.0 8.0 8.14474813407287 43.0 8.0 8.342667979653925 44.0 8.0 8.518083018716425 45.0 8.0 8.669388217385858 46.0 8.0 8.795178813394159 47.0 8.0 8.894277018960565 48.0 8.0 8.965743464883417 49.0 8.0 9.008898181375116 50.0 8.0 9.023329181130975 0.0 7.0 0.16599076753482223 1.0 7.0 0.19505631690844893 2.0 7.0 0.22836783295497298 3.0 7.0 0.2664074427448213 4.0 7.0 0.30968831246718764 5.0 7.0 0.35875259106978774 6.0 7.0 0.41416866844519973 7.0 7.0 0.47652743523940444 8.0 7.0 0.5464375442825258 9.0 7.0 0.6245199269615114 10.0 7.0 0.7114007896743715 11.0 7.0 0.8077040142379701 12.0 7.0 0.9140424556098878 13.0 7.0 1.0310076898895204 14.0 7.0 1.159159583505243 15.0 7.0 1.2990146107040346 16.0 7.0 1.4510332769714296 17.0 7.0 1.6156071848236024 18.0 7.0 1.7930461592040956 19.0 7.0 1.9835641807876527 20.0 7.0 2.187266511376947 21.0 7.0 2.4041363424621522 22.0 7.0 2.6340228742919862 23.0 7.0 2.876630467828363 24.0 7.0 3.1315070814453065 25.0 7.0 3.3980385488830507 26.0 7.0 3.675439757760614 27.0 7.0 3.962752742227167 28.0 7.0 4.258843821939081 29.0 7.0 4.562405986245722 30.0 7.0 4.8719619936309755 31.0 7.0 5.185874385293573 32.0 7.0 5.502351684030145 33.0 7.0 5.81946794455871 34.0 7.0 6.135174197610468 35.0 7.0 6.447322291787714 36.0 7.0 6.753686351235956 37.0 7.0 7.0519875711761415 38.0 7.0 7.339921397622675 39.0 7.0 7.615188044961542 40.0 7.0 7.875520152505487 41.0 7.0 8.118715686257929 42.0 7.0 8.342667979653925 43.0 7.0 8.545395297463983 44.0 7.0 8.725071353372186 45.0 7.0 8.88005201285705 46.0 7.0 9.008898181375116 47.0 7.0 9.110402507241815 48.0 7.0 9.183605594094843 49.0 7.0 9.227808398660272 50.0 7.0 9.24259035056457 0.0 6.0 0.16955004399642348 1.0 6.0 0.19922648137435317 2.0 6.0 0.23323814338073134 3.0 6.0 0.27207727497443557 4.0 6.0 0.3162678009830415 5.0 6.0 0.36636329954490066 6.0 6.0 0.42294411128386855 7.0 6.0 0.4866135246120393 8.0 6.0 0.5579929775558412 9.0 6.0 0.6377164549194276 10.0 6.0 0.7264233655296266 11.0 6.0 0.8247507042251527 12.0 6.0 0.9333241409622133 13.0 6.0 1.0527477688156068 14.0 6.0 1.1835930771194398 15.0 6.0 1.3263875669799745 16.0 6.0 1.4816012806259096 17.0 6.0 1.6496342844329774 18.0 6.0 1.8308026022277772 19.0 6.0 2.0253249830566347 20.0 6.0 2.2333084768615663 21.0 6.0 2.454736632760614 22.0 6.0 2.6894549555145204 23.0 6.0 2.9371613687835634 24.0 6.0 3.197395247872919 25.0 6.0 3.469528359826654 26.0 6.0 3.7527600950561464 27.0 6.0 4.046111506875604 28.0 6.0 4.348425788339227 29.0 6.0 4.658368033822626 30.0 6.0 4.97443096106872 31.0 6.0 5.2949403948150575 32.0 6.0 5.618070048745722 33.0 6.0 5.941851062234491 34.0 6.0 6.264192504342645 35.0 6.0 6.582901400979608 36.0 6.0 6.8957046694122255 37.0 6.0 7.200275344308466 38.0 6.0 7.494261187966913 39.0 6.0 7.775313300546259 40.0 6.0 8.041117114480585 41.0 6.0 8.289424342568964 42.0 6.0 8.518083018716425 43.0 6.0 8.725071353372186 44.0 6.0 8.908523959573358 45.0 6.0 9.066761416848749 46.0 6.0 9.198316020425409 47.0 6.0 9.301954669412225 48.0 6.0 9.3766950792633 49.0 6.0 9.421827716287225 50.0 6.0 9.43692056601867 0.0 5.0 0.17262010043486953 1.0 5.0 0.20282347267493606 2.0 5.0 0.2374390340410173 3.0 5.0 0.2769677764736116 4.0 5.0 0.3219429380260408 5.0 5.0 0.37292794650420547 6.0 5.0 0.43051339453086257 7.0 5.0 0.4953132993541658 8.0 5.0 0.5679601854644716 9.0 5.0 0.6490992135368288 10.0 5.0 0.7393811768852174 11.0 5.0 0.8394543952308595 12.0 5.0 0.9499556249938905 13.0 5.0 1.0714996284805238 14.0 5.0 1.2046683258377016 15.0 5.0 1.3499981588684022 16.0 5.0 1.5079678720794618 17.0 5.0 1.678984326776117 18.0 5.0 1.8633695072494447 19.0 5.0 2.061345738824457 20.0 5.0 2.2730223364196718 21.0 5.0 2.4983817762695253 22.0 5.0 2.737267894204706 23.0 5.0 2.9893726534210145 24.0 5.0 3.2542270845733583 25.0 5.0 3.531192225869745 26.0 5.0 3.8194529241882265 27.0 5.0 4.118013305123895 28.0 5.0 4.425695342477411 29.0 5.0 4.741140765603632 30.0 5.0 5.06281511252746 31.0 5.0 5.38901607459411 32.0 5.0 5.717882556375116 33.0 5.0 6.047412795480341 34.0 5.0 6.375477713998407 35.0 5.0 6.699845714028925 36.0 5.0 7.018203181680292 37.0 5.0 7.328181666787714 38.0 5.0 7.627387446817011 39.0 5.0 7.913429660256952 40.0 5.0 8.183952731546015 41.0 5.0 8.43666879599914 42.0 5.0 8.669388217385858 43.0 5.0 8.88005201285705 44.0 5.0 9.066761416848749 45.0 5.0 9.227808398660272 46.0 5.0 9.361699504312128 47.0 5.0 9.467177791055292 48.0 5.0 9.543245715554804 49.0 5.0 9.58917943900451 50.0 5.0 9.60453931754455 0.0 4.0 0.17517246073111892 1.0 4.0 0.20581392711028457 2.0 4.0 0.24093153839930892 3.0 4.0 0.2810336179099977 4.0 4.0 0.32666112249717116 5.0 4.0 0.3783856160007417 6.0 4.0 0.436806274112314 7.0 4.0 0.502546054776758 8.0 4.0 0.5762466019950807 9.0 4.0 0.658562523778528 10.0 4.0 0.7501539415679872 11.0 4.0 0.8516786522231996 12.0 4.0 0.9637825912795961 13.0 4.0 1.087089580949396 14.0 4.0 1.2221897072158754 15.0 4.0 1.3696275181137025 16.0 4.0 1.5298883146606386 17.0 4.0 1.7033852762542665 18.0 4.0 1.8904447979293764 19.0 4.0 2.091292542871088 20.0 4.0 2.3060392565093935 21.0 4.0 2.5346674150787294 22.0 4.0 2.777018470223993 23.0 4.0 3.032779616769403 24.0 4.0 3.3014754480682313 25.0 4.0 3.5824579424224794 26.0 4.0 3.874899548944086 27.0 4.0 4.177790088113397 28.0 4.0 4.489934844430536 29.0 4.0 4.809955996926874 30.0 4.0 5.136295718606561 31.0 4.0 5.467227858956903 32.0 4.0 5.800864619668573 33.0 4.0 6.135174197610468 34.0 4.0 6.467997474130243 35.0 4.0 6.797070426400751 36.0 4.0 7.120045108254999 37.0 4.0 7.434519690927118 38.0 4.0 7.738065165933222 39.0 4.0 8.02825586264953 40.0 4.0 8.302703303750604 41.0 4.0 8.559084338601679 42.0 4.0 8.795178813394159 43.0 4.0 9.008898181375116 44.0 4.0 9.198316020425409 45.0 4.0 9.361699504312128 46.0 4.0 9.49753133719787 47.0 4.0 9.60453931754455 48.0 4.0 9.68171159690246 49.0 4.0 9.728310985025018 50.0 4.0 9.743894023355097 0.0 3.0 0.17718320852145553 1.0 3.0 0.2081697708927095 2.0 3.0 0.24368293350562453 3.0 3.0 0.28423668211326003 4.0 3.0 0.3303780681453645 5.0 3.0 0.38268513744696975 6.0 3.0 0.44176380103453994 7.0 3.0 0.5082440203987062 8.0 3.0 0.582774621900171 9.0 3.0 0.6660176343284547 10.0 3.0 0.7586406893096864 11.0 3.0 0.8613088554702699 12.0 3.0 0.9746753997169435 13.0 3.0 1.0993711180053651 14.0 3.0 1.2359929508529603 15.0 3.0 1.3850913471542299 16.0 3.0 1.5471572107635438 17.0 3.0 1.7226082510314882 18.0 3.0 1.911774558480829 19.0 3.0 2.1148842996917665 20.0 3.0 2.3320497698150575 21.0 3.0 2.5632530874572694 22.0 3.0 2.808333558496088 23.0 3.0 3.066975516732782 24.0 3.0 3.3386978334747255 25.0 3.0 3.6228448576293886 26.0 3.0 3.918580216821283 27.0 3.0 4.22488204902038 28.0 3.0 4.54054252570495 29.0 3.0 4.864168090280145 30.0 3.0 5.194183749612421 31.0 3.0 5.528842849191278 32.0 3.0 5.866237086709589 33.0 3.0 6.204312247689813 34.0 3.0 6.540884417947382 35.0 3.0 6.873663348611444 36.0 3.0 7.200275344308466 37.0 3.0 7.518291873391718 38.0 3.0 7.825256270822138 39.0 3.0 8.118715686257929 40.0 3.0 8.396253985818475 41.0 3.0 8.655522746499628 42.0 3.0 8.894277018960565 43.0 3.0 9.110402507241815 44.0 3.0 9.301954669412225 45.0 3.0 9.467177791055292 46.0 3.0 9.60453931754455 47.0 3.0 9.712752742227167 48.0 3.0 9.790793818887323 49.0 3.0 9.837918681558222 50.0 3.0 9.853677195962518 0.0 2.0 0.17863330012187362 1.0 2.0 0.20986875658854842 2.0 2.0 0.2456671572290361 3.0 2.0 0.2865466303192079 4.0 2.0 0.3330586380325258 5.0 2.0 0.38578583067283034 6.0 2.0 0.4453390366397798 7.0 2.0 0.5123532242141664 8.0 2.0 0.5874824947677553 9.0 2.0 0.6713940924964845 10.0 2.0 0.7647610730491579 11.0 2.0 0.8682538694702089 12.0 2.0 0.9825309938751161 13.0 2.0 1.1082283682189882 14.0 2.0 1.2459475225768983 15.0 2.0 1.3962433761917055 16.0 2.0 1.559611005242914 17.0 2.0 1.7364713377319276 18.0 2.0 1.9271570867858827 19.0 2.0 2.131898326333612 20.0 2.0 2.3508080667816103 21.0 2.0 2.5838684267364442 22.0 2.0 2.830917281564325 23.0 2.0 3.0916365808807313 24.0 2.0 3.3655413812957704 25.0 2.0 3.6519707865081728 26.0 2.0 3.950081510003656 27.0 2.0 4.258843821939081 28.0 2.0 4.577039641793817 29.0 2.0 4.903264445718378 30.0 2.0 5.235930842813104 31.0 2.0 5.573277873452753 32.0 2.0 5.91338245337829 33.0 2.0 6.254172725137323 34.0 2.0 6.593448085244745 35.0 2.0 6.928900165017694 36.0 2.0 7.258135718759149 37.0 2.0 7.578706664498895 38.0 2.0 7.8881363100372255 39.0 2.0 8.183952731546015 40.0 2.0 8.463719767984003 41.0 2.0 8.725071353372186 42.0 2.0 8.965743464883417 43.0 2.0 9.183605594094843 44.0 2.0 9.3766950792633 45.0 2.0 9.543245715554804 46.0 2.0 9.68171159690246 47.0 2.0 9.790793818887323 48.0 2.0 9.869461459573358 49.0 2.0 9.91696493094787 50.0 2.0 9.932849330361933 0.0 1.0 0.17950895195826888 1.0 1.0 0.21089468663558364 2.0 1.0 0.2468653446994722 3.0 1.0 0.2879414982162416 4.0 1.0 0.33467732137069106 5.0 1.0 0.3876581913791597 6.0 1.0 0.44749794667586684 7.0 1.0 0.5148345655761659 8.0 1.0 0.5903253383003175 9.0 1.0 0.6746406978927553 10.0 1.0 0.7684569186531007 11.0 1.0 0.8724476522766054 12.0 1.0 0.9872746295295656 13.0 1.0 1.1135768122039735 14.0 1.0 1.251958531793207 15.0 1.0 1.4029776281677186 16.0 1.0 1.567131323274225 17.0 1.0 1.7448425716720521 18.0 1.0 1.93644575541839 19.0 1.0 2.1421720213256776 20.0 1.0 2.3621350950561464 21.0 1.0 2.596316976007074 22.0 1.0 2.8445545858703554 23.0 1.0 3.106528443749994 24.0 1.0 3.3817509836517274 25.0 1.0 3.669558448251337 26.0 1.0 3.969103497918695 27.0 1.0 4.279351634439081 28.0 1.0 4.5990785784088075 29.0 1.0 4.9268726534210145 30.0 1.0 5.261139792855829 31.0 1.0 5.600109977182001 32.0 1.0 5.941851062234491 33.0 1.0 6.284280700143427 34.0 1.0 6.625188750680536 35.0 1.0 6.962254924234003 36.0 1.0 7.293074531015009 37.0 1.0 7.615188044961542 38.0 1.0 7.926106376107782 39.0 1.0 8.223346156533808 40.0 1.0 8.504459781106561 41.0 1.0 8.767069262918085 42.0 1.0 9.008898181375116 43.0 1.0 9.227808398660272 44.0 1.0 9.421827716287225 45.0 1.0 9.58917943900451 46.0 1.0 9.728310985025018 47.0 1.0 9.837918681558222 48.0 1.0 9.91696493094787 49.0 1.0 9.964696330484003 50.0 1.0 9.980657977517694 0.0 0.0 0.179801759775728 1.0 0.0 0.2112377709709108 2.0 0.0 0.24726600712165236 3.0 0.0 0.2884079343639314 4.0 0.0 0.3352185911498964 5.0 0.0 0.38828433817252517 6.0 0.0 0.4482198781333864 7.0 0.0 0.5156643218360841 8.0 0.0 0.5912759727798402 9.0 0.0 0.6757263368926942 10.0 0.0 0.7696927613578737 11.0 0.0 0.8738500899635255 12.0 0.0 0.9888609475456178 13.0 0.0 1.115365309175104 14.0 0.0 1.2539686388336122 15.0 0.0 1.4052296108566225 16.0 0.0 1.5696461624465883 17.0 0.0 1.7476419634185731 18.0 0.0 1.9395519918762147 19.0 0.0 2.145607633050531 20.0 0.0 2.365922851022333 21.0 0.0 2.6004797643981874 22.0 0.0 2.849114818032831 23.0 0.0 3.1115080541931093 24.0 0.0 3.3871714300476015 25.0 0.0 3.675439757760614 26.0 0.0 3.975464505609125 27.0 0.0 4.286209506448358 28.0 0.0 4.606448096688837 29.0 0.0 4.9347671694122255 30.0 0.0 5.269569796975702 31.0 0.0 5.609082621987909 32.0 0.0 5.951370639260858 33.0 0.0 6.294349116738886 34.0 0.0 6.635803145822138 35.0 0.0 6.973408622201532 36.0 0.0 7.30475847190246 37.0 0.0 7.627387446817011 38.0 0.0 7.938804072793573 39.0 0.0 8.236519259866327 40.0 0.0 8.518083018716425 41.0 0.0 8.781113070901483 42.0 0.0 9.023329181130975 43.0 0.0 9.24259035056457 44.0 0.0 9.43692056601867 45.0 0.0 9.60453931754455 46.0 0.0 9.743894023355097 47.0 0.0 9.853677195962518 48.0 0.0 9.932849330361933 49.0 0.0 9.980657977517694 50.0 0.0 9.996645373757929
          </float_array>
          <technique_common>
            <accessor source="#terrain_positions_array" count="2601" stride="3">
              <param name="X" type="float"/>
              <param name="Y" type="float"/>
              <param name="Z" type="float"/>
            </accessor>
          </technique_common>
        </source>

        <source id="terrain_normals">
          <float_array id="terrain_normals_array" count="7803">
            -0.0006251812331636772 0.0006251812331636772 0.9999996091483493 -0.0006695962373849501 0.000712344856893653 0.9999995221027277 -0.0007654314882488518 0.0008309616345194886 0.9999993618084958 -0.0008718087629630665 0.0009662351731591811 0.9999991531691771 -0.0009893487524734882 0.0011199431659530724 0.9999988834575522 -0.0011186190488626994 0.0012939584365272037 0.9999985371804241 -0.001260115049000628 0.0014902396185455323 0.9999980956461579 -0.001414240236352545 0.001710815158622262 0.999997536514989 -0.001581288169148528 0.0019577673165899296 0.9999968333324162 -0.0017614146886389904 0.0022332139895854973 0.999995955078605 -0.0019546230095888644 0.002539281374559671 0.9999948657363152 -0.0021607359267191324 0.0028780784894753566 0.999993523921262 -0.0023793774890754045 0.003251662687512109 0.9999918825933195 -0.002609954053504732 0.0036620088921642253 0.9999898888642386 -0.002851629130247714 0.004110971377786471 0.9999874839844919 -0.003103314993890037 0.004600240890023223 0.999984603491375 -0.0033636556050929 0.005131304247450606 0.9999811775917037 -0.00363101729773052 0.00570539835479934 0.9999771318100212 -0.003903490647580697 0.006323465459592594 0.9999723878914585 -0.004178879310848148 0.006986106551641556 0.9999668650925162 -0.004454718052287738 0.007693538495980165 0.9999604816953945 -0.004728274021096509 0.008445553042311049 0.999953156932159 -0.004996580943879685 0.009241465919162316 0.9999448132204778 -0.0052564503578290765 0.01008008954439229 0.9999353786742484 -0.005504515139211373 0.010959700796725822 0.9999247898074777 -0.005737254417032874 0.011878013789099199 0.9999129945651172 -0.005951064434981997 0.0128321501946085 0.9998999553722732 -0.006142283472946084 0.013818658033191416 0.9998856519842155 -0.006307256502133193 0.014833484560162834 0.9998700846866155 -0.006442418452571051 0.015871981469696202 0.9998532769605286 -0.006544326558541788 0.016928939925960555 0.9998352778247416 -0.006609742344261439 0.017998618161287123 0.9998161636273073 -0.006635696197053302 0.019074779016341154 0.99979603937076 -0.006619559354471753 0.020150724993597182 0.9997750395544915 -0.006559108395299505 0.02121938293320991 0.9997533275188397 -0.006452552449326342 0.022273366311238028 0.9997310947049983 -0.006298634847814611 0.023305054841158676 0.9997085583398316 -0.0060966503166514545 0.02430668890150336 0.999685958553766 -0.005846506835548493 0.025270431604472017 0.9996635552246294 -0.00554868567005013 0.026188527553002265 0.9996416223386962 -0.005204352857688364 0.027053342359967716 0.9996204436577351 -0.004815304342057132 0.027857526145940337 0.9996003056627792 -0.004383980663324069 0.028594062797060955 0.9995814925689157 -0.003913412157623453 0.029256423343356746 0.9995642785226165 -0.003407238698304634 0.02983861507158338 0.9995489221519188 -0.002869625223162874 0.03033530999059426 0.9995356593032853 -0.0023052220260575953 0.030741879027234003 0.9995246984568642 -0.0017191102169272798 0.031054495691577783 0.9995162144544749 -0.00111667774648219 0.031270229871857895 0.9995103429952946 -0.0005035997593257951 0.03138701770268435 0.9995071793173943 -0.00029266323238853656 0.03142048846106821 0.999506211713114 -0.0007123448568936528 0.0006695962373849501 0.9999995221027277 -0.0007290287458515075 0.0007290287458515075 0.9999994685169465 -0.0008338343010375752 0.0008512239432107886 0.9999992900688264 -0.0009502496221935878 0.0009907288194698652 0.999999057740587 -0.0010789728468333923 0.0011494165978283193 0.9999987573287681 -0.0012206453626860305 0.001329265795392801 0.9999983715373459 -0.0013758321670340721 0.0015323494268064917 0.9999978794932929 -0.0015449992756515535 0.0017608224202478341 0.9999972562370572 -0.0017284926050138364 0.0020169025886449827 0.9999964722024085 -0.0019265135159202145 0.002302851286713923 0.9999954927006544 -0.0021390909410124097 0.002620949251886976 0.9999942774411086 -0.002366062669187383 0.002973464834656943 0.9999927801010979 -0.0026070461520071 0.0033626266474958326 0.9999909479852259 -0.002861419709820916 0.0037905837909321303 0.9999887218122853 -0.003128298461356368 0.004259366850696141 0.9999860356738827 -0.003406515688065949 0.004770846406941783 0.9999828171900896 -0.0036946142912219295 0.00532668812542561 0.9999789878886723 -0.003990823198557071 0.005928306761377617 0.999974463928525 -0.004293068857158215 0.006576811472647057 0.9999691570796776 -0.0045989587971733345 0.007272965108102941 0.9999629760928743 -0.004905797491876267 0.008017128294878554 0.9999558284268721 -0.0052105947808311895 0.008809219372881212 0.9999476223063237 -0.005510087966291173 0.009648667521268337 0.9999382691674861 -0.005800768581671801 0.010534368707310783 0.9999276864652765 -0.006078921590672103 0.011464648498539825 0.999915800728791 -0.006340658390811435 0.01243724291805843 0.999902550771708 -0.00658197714249854 0.01344926754846404 0.9998878911054506 -0.006798819377759488 0.014497201583676261 0.9998717953824434 -0.0069871154310857005 0.015576894274877967 0.9998542596712293 -0.007142874557825841 0.01668356210664512 0.9998353054871012 -0.0072622433748827046 0.017811799052701426 0.9998149827021349 -0.00734159034079588 0.018955612922648326 0.9997933715473386 -0.007377555438856357 0.020108479102344878 0.999770584056131 -0.007367148235752673 0.021263360776643783 0.9997467652437565 -0.00730782725929291 0.022412788703008172 0.9997220926654081 -0.0071975197392730285 0.023548940946850984 0.9996967755724154 -0.007034738119980593 0.02466370764173582 0.9996710528893723 -0.006818588523415 0.025748811514101685 0.9996451898329525 -0.006548859862231654 0.026795860048037773 0.9996194747596661 -0.006225997472047692 0.02779650175930152 0.9995942133913257 -0.005851166110936799 0.028742511605542396 0.9995697233718853 -0.005426254623067169 0.029625899854513624 0.9995463280001463 -0.00495386572902056 0.03043902082431596 0.9995243494910945 -0.004437273588103393 0.0311747013624458 0.9995041013412935 -0.0038804112163677604 0.03182633202752909 0.9994858813402345 -0.003287828188778795 0.032387958225524205 0.9994699647051845 -0.0026646087092161703 0.03285439859588843 0.9994565965330006 -0.002016322047769859 0.033221284063155915 0.9994459869000399 -0.0013489308585783136 0.033485151505702804 0.9994383047563161 -0.0006686846934783453 0.03364350029265487 0.9994336735115736 -0.000326147623145967 0.032931960537998024 0.9994575426714492 -0.0008309616345194882 0.0007654314882488516 0.9999993618084958 -0.0008512239432107885 0.0008338343010375752 0.9999992900688264 -0.0009735981609742858 0.0009735981609742858 0.9999990521061716 -0.0011095287079329614 0.001133160521516767 0.9999987424458487 -0.0012598306559137064 0.0013146642729827155 0.9999983422409098 -0.001425252926952244 0.0015203724111740257 0.9999978285585552 -0.0016064550796928072 0.0017526564605129524 0.9999971737447103 -0.0018039823088917468 0.002013980314273744 0.9999963447588811 -0.002018237260894417 0.0023068820522099695 0.9999953024957446 -0.00224945572754293 0.002633947060257598 0.9999940011179135 -0.0024976722488707264 0.002997783860139644 0.999992387433657 -0.002762694794544042 0.003400988988775854 0.9999904003496086 -0.0030440802204108057 0.0038461084551656534 0.9999879704403263 -0.0033411010328270015 0.0043356021385339595 0.9999850196867874 -0.0036527228646296645 0.004871793278005736 0.9999814614511264 -0.003977583661778894 0.005456821525840872 0.9999772007036203 -0.004313982188659563 0.006092589477034417 0.9999721345673289 -0.004659853193372157 0.006780713543756486 0.9999661532732265 -0.005012768660633195 0.007522465519400274 0.9999591414967236 -0.00536994125264732 0.008318713530583872 0.9999509801665976 -0.005728218144087699 0.009169875731907437 0.9999415487397026 -0.006084109335785637 0.010075853536695012 0.9999307279952433 -0.006433806366432807 0.011035986920123043 0.999918403235153 -0.006773214085064078 0.012049015350457023 0.9999044678368241 -0.007097983067432045 0.013113030081904837 0.9998888273595448 -0.007403586749277646 0.014225430230687413 0.9998714037505012 -0.007685343320619397 0.015382918649669784 0.9998521397246005 -0.007938514606357057 0.0165814668311268 0.9998310031918258 -0.008158353415799546 0.01781632147249418 0.9998079915457425 -0.008340199296683976 0.019082007380161033 0.9997831355199162 -0.008479549429368863 0.020372350291140966 0.9997565026470645 -0.0085721592718899 0.021680496010868005 0.9997282001514912 -0.008614125767471429 0.022998964325768888 0.9996983767503098 -0.008601939445369872 0.02431972028167358 0.9996672235515174 -0.008532639481344887 0.0256342181128727 0.999634973840563 -0.008403815987044193 0.026933512131414428 0.999601901659417 -0.008213717729170336 0.02820833523324563 0.9995683191580426 -0.007961326262811102 0.029449203333630894 0.9995345725422166 -0.007646360483119978 0.030646546936075738 0.9995010366839332 -0.007269380443726278 0.0317908003365428 0.9994681091070021 -0.006831729789064479 0.03287256755618542 0.9994362019510566 -0.006335617217722981 0.033882711164187916 0.999405734343482 -0.005784073858440666 0.03481250294117848 0.9993771230764543 -0.005180938028591511 0.03565374214463861 0.9993507735286082 -0.004530785480076924 0.03639887118281982 0.9993270706628286 -0.003838934213871068 0.03704108374511362 0.9993063697881092 -0.0031113377411747484 0.03757444779778713 0.9992889874556568 -0.002354466076941098 0.03799399390331052 0.9992751937863602 -0.0015752935810876576 0.03829575401887918 0.9992652068766624 -0.0007811082295622856 0.0384768748104401 0.9992591855843785 -0.0003811974593507811 0.03768658678241706 0.9992895355527287 -0.0009662351731591811 0.0008718087629630665 0.9999991531691771 -0.0009907288194698652 0.0009502496221935877 0.999999057740587 -0.001133160521516767 0.0011095287079329614 0.9999987424458486 -0.0012913709914750796 0.0012913709914750796 0.9999983323595719 -0.0014663088316867647 0.001498218663863927 0.9999978026372085 -0.0016588457706797947 0.0017326510006353936 0.9999971230714712 -0.001869749409538061 0.0019973703726021913 0.9999962572673661 -0.0020996544908401843 0.002295185146395085 0.9999951617763773 -0.0023490302064490503 0.002628987222862057 0.9999937852223238 -0.0026181488215509348 0.0030017248329156664 0.9999920674409251 -0.0029070535196871984 0.0034163689598110387 0.9999899386808669 -0.003215519726230579 0.003875879285136709 0.9999873189159236 -0.003543029313628455 0.0043831587923704495 0.9999841173050118 -0.0038887392188926262 0.00494100696190537 0.9999802318833557 -0.004251443233996424 0.005552073110373241 0.9999755495583905 -0.004629556773652333 0.006218794509231044 0.9999699464478576 -0.005021096063862136 0.006943341947317155 0.9999632886245976 -0.005423661689739377 0.00772755473725627 0.9999554334027383 -0.005834423092338245 0.008572881314531199 0.9999462311610293 -0.0062501378553243 0.009480308983964925 0.999935527680839 -0.006667138734815986 0.010450309832535754 0.9999231671911071 -0.007081357971286869 0.011482775501788044 0.999908995977163 -0.007488359705323672 0.012576956354640963 0.9998928665801038 -0.007883382982299021 0.013731403810156063 0.9998746425538338 -0.008261367406663682 0.01494393820689811 0.9998542036314297 -0.00861703407554952 0.016211601231917654 0.9998314511502616 -0.008944944805101203 0.017530629555583477 0.9998063137377252 -0.009239569435373176 0.018896432916371598 0.999778753114751 -0.009495396580203699 0.020303582236031136 0.999748769437687 -0.009706998412167699 0.021745841274096032 0.999716406071796 -0.009869141343343654 0.023216166091524073 0.9996817542003834 -0.009976873045743564 0.024706755459056623 0.9996449560913693 -0.010025654078743215 0.02620907894952348 0.9996062076842616 -0.010011417406925282 0.027713970793147066 0.9995657593897367 -0.00993069855589134 0.02921170876618259 0.9995239153202647 -0.009780712282041271 0.030692084315767677 0.9994810321499902 -0.009559414204606403 0.032144546947679875 0.9994375146559155 -0.009265621920469154 0.033558296310483834 0.9993938107668892 -0.008899016870172855 0.03492242616539386 0.999350404837796 -0.008460240464379766 0.03622605069898743 0.9993078092269865 -0.007950876010186762 0.037458457858750634 0.9992665547818134 -0.007373482769319674 0.03860925494724299 0.9992271799667328 -0.006731590375956329 0.03966849662947049 0.9991902201613906 -0.00602967845053144 0.04062683501173047 0.9991561956244442 -0.005273059583616271 0.04147568440524577 0.9991255989342602 -0.004467923790732827 0.042207301712864145 0.9990988846651364 -0.003621194571359631 0.042814931239575714 0.999076457841354 -0.002740419906182946 0.043292895001011224 0.9990586646144305 -0.0018336808239568405 0.043636707910375536 0.9990457824030791 -0.0009094827909347841 0.04384310154112141 0.9990380149365227 -0.00044409917294641906 0.042969533864343434 0.9990762843423947 -0.0011199431659530727 0.0009893487524734884 0.9999988834575522 -0.0011494165978283193 0.0010789728468333921 0.9999987573287681 -0.0013146642729827155 0.0012598306559137064 0.9999983422409099 -0.001498218663863927 0.0014663088316867647 0.9999978026372085 -0.0017011805892483262 0.0017011805892483262 0.999997105980415 -0.0019245613230450204 0.0019673745185281584 0.9999962127434372 -0.0021692509104992513 0.0022679594215725043 0.9999950753431486 -0.002435986868160808 0.0026061239413268196 0.9999936370227465 -0.002725312867651848 0.0029851524547700116 0.9999918307339292 -0.003037545486177705 0.0034083913301493486 0.9999895780386714 -0.003372733657412308 0.0038792153253717526 0.9999867880907906 -0.0037306181189759803 0.004400983726390498 0.9999833567768468 -0.004110596756150438 0.004976993985339134 0.9999791660455623 -0.004511688393954005 0.00561042587366188 0.999974083558845 -0.004932499231582428 0.0063042826702390635 0.9999679627224785 -0.00537118555985242 0.007061335129973509 0.9999606431814523 -0.005825448155925871 0.007884044023616355 0.9999519518474957 -0.006292501553026308 0.008774498507934384 0.9999417046008929 -0.00676906258372312 0.009734343017543492 0.9999297087084443 -0.007251362238336821 0.010764699520138695 0.9999157659472769 -0.007735148872971257 0.011866096016533809 0.999899676586226 -0.008215708225113355 0.013038402541557801 0.9998812440472739 -0.008687889068221199 0.014280770961861764 0.9998602803213423 -0.009146159337666476 0.015591560588335914 0.9998366121561013 -0.009584652372663387 0.016968283768090505 0.9998100878591197 -0.009997246716376385 0.01840757766944542 0.9997805839995271 -0.010377629811791994 0.01990516380201353 0.9997480128779974 -0.010719387776037087 0.02145582630353956 0.9997123297445818 -0.011016116264783375 0.02305341146970602 0.999673539412767 -0.011261530060208762 0.02469081874419836 0.9996317028838392 -0.011449558925578718 0.026360048904924178 0.9995869424027807 -0.011574457023403033 0.02805223619810216 0.9995394459394282 -0.011630953154374303 0.02975770283010306 0.9994894697049069 -0.01161434498656087 0.03146604694399684 0.9994373391465077 -0.011520605530191378 0.03316622059463501 0.9993834486620667 -0.011346506793913594 0.03484663979911427 0.999328258620903 -0.01108969113487397 0.03649532413416982 0.9992722902526993 -0.010748782167026988 0.03810001620396669 0.9992161189888719 -0.010323426031292264 0.03964834291725637 0.9991603653963121 -0.00981434995788402 0.04112796398444361 0.9991056846567326 -0.009223410863691488 0.042526717546790035 0.9990527548566868 -0.008553581923957524 0.043832807537376686 0.9990022628701405 -0.007808951650979584 0.0450349732953679 0.9989548895993244 -0.006994698319690424 0.04612261923911162 0.9989112964572682 -0.006117032339057395 0.047085978994076426 0.9988721101810443 -0.005183096694523656 0.04791629664872374 0.9988379067817394 -0.0042009272506016455 0.04860590397416931 0.9988092001524059 -0.0031792743949386093 0.049148367028401106 0.9987864287387785 -0.0021275291818703282 0.04953858837395059 0.9987699444223863 -0.0010555306720318447 0.04977289468705897 0.998760003609211 -0.0005157071383314931 0.048812043328205164 0.9988078486236845 -0.0012939584365272035 0.0011186190488626994 0.9999985371804241 -0.0013292657953928011 0.0012206453626860308 0.9999983715373459 -0.0015203724111740257 0.0014252529269522438 0.9999978285585552 -0.0017326510006353936 0.0016588457706797949 0.9999971230714712 -0.0019673745185281584 0.0019245613230450208 0.9999962127434372 -0.0022257126073466815 0.0022257126073466815 0.9999950461911195 -0.0025086947042632906 0.0025657718230975048 0.99999356161219 -0.002817173452142828 0.0029483463097572187 0.9999916853593225 -0.003151778868258983 0.003377150847662571 0.9999893305141399 -0.0035128748344209256 0.003855972956202336 0.9999863954989382 -0.003900518685165676 0.00438862916888702 0.9999827627954417 -0.004314411322576498 0.004978920199318298 0.9999782978688031 -0.004753856175861951 0.005630574907438012 0.9999728483702299 -0.0052177169200744705 0.006347191137192164 0.9999662437276621 -0.00570437954670799 0.0071321678393758605 0.9999582952483058 -0.006211716309586362 0.007988634382014201 0.9999487968397182 -0.006737061797373607 0.008919377054277366 0.999937526404176 -0.007277197417554517 0.009926756255784078 0.9999242480848158 -0.007828324125437785 0.011012626803767337 0.9999087155297068 -0.008386083626967826 0.012178256404999591 0.999890675860284 -0.008945548603608891 0.013424246666155503 0.9998698749145445 -0.009501273843141013 0.014750440522104025 0.9998460633016272 -0.010047305231695445 0.016155871363639992 0.9998190033591393 -0.010577236003166754 0.017638677537255475 0.9997884771956865 -0.011084279197240384 0.01919604804171957 0.9997542950616705 -0.011561360037670778 0.020824169651920278 0.9997163042145444 -0.012001171115417575 0.022518196601284242 0.9996743983486245 -0.012396303302938382 0.02427221798200482 0.999628526553067 -0.012739350582575052 0.026079266319669312 0.9995787016613359 -0.013023032194010374 0.027931313932299633 0.9995250083587148 -0.013240341976405926 0.029819296741846798 0.9994676097233813 -0.01338463550541081 0.03173318783717357 0.9994067521895565 -0.013449821286538164 0.03366203383850072 0.9993427689162593 -0.01343047228639931 0.035594060705361225 0.9992760805986838 -0.013321924802578287 0.037516781886848496 0.9992071944278669 -0.013120451517062835 0.039417098785541796 0.9991367003945553 -0.012823339977562773 0.04128146291704147 0.999065264520416 -0.012428995660672643 0.04309601779458715 0.9989936202584657 -0.011937029945208552 0.04484677006257844 0.9989225568236215 -0.0113482809792173 0.04651977498123547 0.9988529056144915 -0.010664898992104193 0.048101296519965794 0.9987855251266843 -0.009890320006010953 0.04957801893036969 0.9987212832462912 -0.009029289312333334 0.05093718846608044 0.9986610409772102 -0.008087790872150988 0.05216685365688616 0.9986056313772466 -0.007072996920003917 0.05325600620003126 0.998555842463601 -0.0059931683161573435 0.05419473159962399 0.9985124000233442 -0.004857599944738981 0.054974374494008486 0.9984759495710296 -0.003676392969726555 0.055587694243892725 0.9984470403498523 -0.0024604060695633534 0.05602891684561348 0.9984261148823583 -0.0012210284887687918 0.05629386143288995 0.9984134966307318 -0.0005969378104158333 0.0552422927858787 0.9984728002069008 -0.001490239618545532 0.0012601150490006278 0.9999980956461579 -0.0015323494268064917 0.0013758321670340726 0.9999978794932929 -0.0017526564605129524 0.0016064550796928072 0.9999971737447103 -0.0019973703726021913 0.001869749409538061 0.9999962572673661 -0.0022679594215725043 0.0021692509104992504 0.9999950753431486 -0.0025657718230975048 0.00250869470426329 0.99999356161219 -0.002891994341939175 0.002891994341939175 0.9999916363337508 -0.0032476092446679125 0.003323215958099038 0.9999892045766743 -0.0036333434815181928 0.003806546504614929 0.9999861544135765 -0.004049616306088524 0.004346253887450833 0.9999823551867899 -0.0044964930945157276 0.004946640244404461 0.9999776559004423 -0.0049736307756826185 0.0056119891370072705 0.999971883892159 -0.0054802224819447895 0.006346505413048315 0.9999648438973194 -0.0060149595855568845 0.007154239823410004 0.9999563176027907 -0.006575980085236123 0.008039023230285285 0.9999460638411561 -0.007160830981179468 0.009004383094687074 0.9999338196024491 -0.007766436889224923 0.010053455912426566 0.9999193019850464 -0.008389087634372069 0.011188898095852646 0.9999022111026975 -0.009024400451709127 0.012412801222150176 0.9998822343467788 -0.009667349308858196 0.013726586837274473 0.9998590516523512 -0.010312258933442378 0.015130927412528975 0.9998323421210811 -0.010952833084842246 0.016625651273553775 0.9998017919403555 -0.011582223285700789 0.018209647060971883 0.999767103308403 -0.012193035585574746 0.019880818045787434 0.9997280044877402 -0.01277744792386757 0.021635987016830307 0.9996842605994957 -0.013327292810743333 0.02347084861097599 0.9996356849031638 -0.013834159929492001 0.02537992689681273 0.9995821503657205 -0.014289496269495073 0.027356564289113146 0.999523600865262 -0.014684775744058055 0.02939289090093486 0.9994600618963383 -0.015011599198407291 0.03147985125671286 0.9993916503825523 -0.015261888583394797 0.03360722872152022 0.9993185823022244 -0.015428013891983922 0.03576370731208251 0.9992411789085978 -0.015502929733409549 0.03793695835062021 0.9991598702714117 -0.015480395959037491 0.04011369976251546 0.9990751965854793 -0.015355053963595504 0.042279849447421865 0.9989878060559491 -0.01512261177413075 0.044420668324460635 0.9988984487117484 -0.014779941955518088 0.0465208980175525 0.9988079692130175 -0.014325216356655889 0.04856492023187182 0.9987172956844229 -0.01375800830301969 0.05053698722568296 0.9986274230811435 -0.013079283056116001 0.052421407012780065 0.9985393975409976 -0.012291519624850963 0.05420271036709714 0.9984542977693933 -0.01139870861611184 0.05586590121735033 0.998373212041999 -0.010406280873040756 0.057396666717421774 0.9982972162478069 -0.009321175308798854 0.058781532218882875 0.9982273524407469 -0.008151639379936319 0.06000811973801435 0.998164603830915 -0.006907193769960866 0.06106528732413913 0.9981098743917147 -0.0055985480580488245 0.0619433079198192 0.998063967320528 -0.004237348482766311 0.06263402865516839 0.9980275664190139 -0.0028360700531342565 0.06313096613641168 0.9980012213526278 -0.0014078348684030718 0.06342943196172912 0.9979853331397188 -0.0006886583829006006 0.062284594902802824 0.9980581921849173 -0.001710815158622262 0.001414240236352545 0.999997536514989 -0.0017608224202478335 0.0015449992756515533 0.9999972562370572 -0.0020139803142737436 0.0018039823088917466 0.9999963447588811 -0.002295185146395085 0.0020996544908401843 0.9999951617763773 -0.002606123941326819 0.0024359868681608074 0.9999936370227465 -0.0029483463097572187 0.0028171734521428276 0.9999916853593225 -0.003323215958099038 0.003247609244667912 0.9999892045766743 -0.003731860787612746 0.003731860787612746 0.9999860731180829 -0.004175116304748739 0.0042746290753411 0.9999821478157048 -0.004653464826090269 0.004880707773972397 0.999977261719854 -0.005166978861113755 0.005554928360672809 0.9999712221360957 -0.005715265105562221 0.006302097456302095 0.999963809001318 -0.00629739911707455 0.007126934109638562 0.9999547737645724 -0.006911868996661938 0.008033991822200206 0.9999438389441548 -0.007556538951169488 0.009027567800703549 0.9999306984679904 -0.008228587740229382 0.0101116205557796 0.9999150191258942 -0.008924478831932023 0.011289670715843459 0.9998964431443419 -0.009639943040120611 0.01256469749511046 0.9998745920739458 -0.010369953179525026 0.013939040158533141 0.9998490722256601 -0.011108714972725958 0.015414297070813546 0.9998194816552974 -0.01184972450810826 0.016991207470212964 0.9997854184262671 -0.012585725287116782 0.018669581835988627 0.9997464909831224 -0.013308844199797581 0.02044816169944326 0.9997023293706877 -0.014010599787483948 0.02232457160779822 0.9996525979539708 -0.014681991347758267 0.02429524037706599 0.999597009011674 -0.015313630359880807 0.026355327680315753 0.9995353367580678 -0.01589584716902873 0.028498670926873464 0.9994674320847983 -0.01641883118919259 0.03071776977867923 0.99939323621996 -0.0168727760159406 0.03300379091602996 0.9993127934809435 -0.017248031868160908 0.035346558321818794 0.9992262637718633 -0.017535317330360064 0.03773458849330045 0.9991339317015335 -0.01772588113079814 0.040155165537765304 0.9990362134671452 -0.01781164366452855 0.04259444113045742 0.9989336609278675 -0.01778541247864516 0.04503751204386946 0.9988269627977926 -0.01764106988841677 0.04746855935082858 0.9987169411431593 -0.017373698005079874 0.04987104412378481 0.998604543137889 -0.016979698351993987 0.05222784555565767 0.9984908322025243 -0.01645698282296516 0.05452145509766108 0.9983769722156048 -0.01580508491251687 0.05673420926835315 0.9982642079077075 -0.015025126948074728 0.058848496778287115 0.9981538458509941 -0.014119955737524146 0.06084699893064118 0.9980472281265576 -0.013094154446225185 0.06271290929505734 0.9979457070036868 -0.011954005124658133 0.06443016227697149 0.9978506180538461 -0.010707436844747573 0.0659837051983781 0.9977632491951732 -0.00936396464075425 0.06735965618339383 0.9976848164049916 -0.007934485421343028 0.06854554067936647 0.9976164357076681 -0.006431322543851197 0.06953044874732126 0.9975590983933398 -0.004867845116568738 0.07030527160305516 0.997513645454909 -0.0032583408993475155 0.07086276096781847 0.9974807528582201 -0.0016178998634573689 0.07119764346495172 0.9974609155075047 -0.0007918626538734454 0.06995799153700542 0.9975496240155903 -0.001957767316589929 0.001581288169148528 0.9999968333324162 -0.0020169025886449827 0.0017284926050138364 0.9999964722024085 -0.00230688205220997 0.002018237260894417 0.9999953024957446 -0.0026289872228620575 0.0023490302064490508 0.9999937852223238 -0.0029851524547700116 0.0027253128676518476 0.9999918307339292 -0.003377150847662571 0.003151778868258983 0.9999893305141399 -0.0038065465046149293 0.003633343481518193 0.9999861544135766 -0.0042746290753411 0.004175116304748739 0.9999821478157048 -0.00478235650520881 0.00478235650520881 0.9999771288047112 -0.005330281465829341 0.005460426151880925 0.9999708854990402 -0.005918485683216778 0.006214729984771899 0.999963173651127 -0.006546514251651812 0.007050646738204399 0.9999537146946983 -0.007213313045320586 0.007973452325241073 0.9999421944157209 -0.007917145959067014 0.008988238610241582 0.9999282626101477 -0.008655564319915066 0.01009980976777266 0.9999115336113285 -0.0094253366083943 0.011312592873365918 0.9998915882595972 -0.010222408047864057 0.012630522392092976 0.9998679774239226 -0.011041880155665344 0.014056925911693306 0.9998402270945799 -0.011878001593614884 0.015594411781176522 0.9998078452379443 -0.012724124422252066 0.01724476492383544 0.9997703309962787 -0.013572793996471414 0.019008801209385532 0.9997271851558861 -0.014415706250083584 0.020886286636270804 0.9996779233552469 -0.015243821606409533 0.022875815833127155 0.9996220900684422 -0.016047429472822283 0.024974723239599286 0.9995592744837197 -0.016816221631312692 0.027178988559653016 0.999489128140432 -0.017539443981495276 0.029483176225832998 0.9994113818765806 -0.018206006203136463 0.03188038910429929 0.9993258638345601 -0.018804679530837195 0.0343622215169321 0.9992325163645165 -0.01932424233640124 0.03691876496879243 0.9991314120030974 -0.01975364288123605 0.039538624302754614 0.9990227678992938 -0.020082251017579517 0.04220895650413145 0.9989069562200973 -0.02030003998345532 0.04491552968770217 0.998784513080546 -0.020397807242509426 0.047642821756166166 0.9986561425209418 -0.02036729294625356 0.05037419571772645 0.9985227157074764 -0.020201503518629853 0.05309196057492253 0.9983852678089243 -0.019894843416080388 0.05577759756159523 0.998244987373193 -0.019443216411697738 0.05841198536531507 0.9981032017287842 -0.018844215494483226 0.06097557961656421 0.9979613590880269 -0.018097346883446094 0.06344862565425974 0.9978210049594897 -0.017203906688896955 0.06581148369111348 0.9976837546081493 -0.016167164853642585 0.0680448138562727 0.9975512648921159 -0.014992385648329328 0.07012986362231097 0.9974252005042222 -0.013686754428889896 0.07204871928766346 0.9973072018200865 -0.012259374486947309 0.07378455137135286 0.9971988506391877 -0.01072114584288742 0.07532188865169903 0.9971016348004633 -0.009084521406290545 0.07664685726106957 0.9970169159762635 -0.0073635713965048664 0.0777472814832272 0.9969459052718238 -0.005573677488253136 0.07861294764241944 0.9968896320968671 -0.003731139061406389 0.07923583888108804 0.9968489155524595 -0.0018531718550153218 0.07961009519327106 0.9968243568941292 -0.000907538948178944 0.07827525985126277 0.996931371794606 -0.0022332139895854973 0.0017614146886389909 0.999995955078605 -0.002302851286713923 0.0019265135159202147 0.9999954927006544 -0.0026339470602575986 0.00224945572754293 0.9999940011179135 -0.0030017248329156664 0.0026181488215509348 0.9999920674409251 -0.003408391330149349 0.0030375454861777053 0.9999895780386714 -0.003855972956202335 0.0035128748344209247 0.9999863954989381 -0.004346253887450833 0.004049616306088523 0.9999823551867899 -0.004880707773972397 0.004653464826090269 0.999977261719854 -0.005460426151880925 0.005330281465829341 0.9999708854990405 -0.006086040307574543 0.006086040307574543 0.9999629594273726 -0.00675764497815011 0.006926764982773133 0.9999531759843672 -0.007474713962217222 0.007858451463026082 0.9999411849662889 -0.00823604552238583 0.008886973994187154 0.9999265919293174 -0.009039657200107902 0.010018005529970217 0.9999089579371244 -0.0098827446072771 0.01125690145043204 0.9998878004700141 -0.010761620415853337 0.012608585701365544 0.9998625961064032 -0.011671650962208431 0.014077436278578057 0.9998327851954241 -0.012607237687748204 0.015667163266762364 0.9997977783297266 -0.013561797526925535 0.017380661503560692 0.9997569655939074 -0.014527765864694437 0.019219893175323913 0.9997097277336606 -0.01549658735221444 0.021185780574680013 0.9996554498835469 -0.016458805105798554 0.02327803340072399 0.9995935378419992 -0.01740407572226259 0.025495077041761013 0.9995234360408407 -0.01832131744802531 0.02783390940980876 0.9994446471986006 -0.019198753117497972 0.030290039105368365 0.9993567538220415 -0.02002409357702857 0.03285739326236449 0.9992594394772665 -0.0207846914545862 0.035528255975853414 0.9991525106951651 -0.021467714783597387 0.03829324969589478 0.9990359173972164 -0.02206036021609538 0.04114131243081005 0.9989097721609328 -0.02255001382352882 0.04405972030917407 0.9987743678743644 -0.022924562673929054 0.04703413535430289 0.9986301890778599 -0.02317255198449968 0.05004870820398272 0.998477921459277 -0.02328349266409234 0.05308613866281566 0.9983184566315668 -0.023248009205298365 0.05612785997597229 0.9981528907950464 -0.023058090586131872 0.05915419264514242 0.9979825178584157 -0.02270738467576355 0.062144526899945936 0.9978088155842124 -0.02219125370468672 0.06507754873637497 0.9976334301282607 -0.02150699719193682 0.06793152821668003 0.9974581477665778 -0.020653985117599707 0.07068453196589929 0.9972848689514565 -0.019633815377053884 0.07331462890671507 0.9971155792996168 -0.01845019838165368 0.0758003701758418 0.9969523028013342 -0.01710916923698575 0.07812091161181332 0.9967970703693703 -0.01561892385357406 0.08025638139204444 0.9966518762654847 -0.013989829533023766 0.08218809314998478 0.9965186410770278 -0.012234367323547003 0.08389882203995741 0.9963991709734107 -0.010366778990331966 0.08537315403034437 0.9962951141425299 -0.008403027513991516 0.0865976427922805 0.996207928793693 -0.006360650502441938 0.08756094761754858 0.9961388570764131 -0.0042583379085181245 0.08825408050031297 0.996088893539779 -0.0021156104119253766 0.08867060505720778 0.9960587572986713 -0.0010366567512233515 0.08724161988733814 0.9961866417003458 -0.002539281374559671 0.0019546230095888644 0.9999948657363152 -0.002620949251886976 0.0021390909410124092 0.9999942774411088 -0.0029977838601396435 0.002497672248870726 0.999992387433657 -0.0034163689598110387 0.0029070535196871984 0.999989938680867 -0.0038792153253717526 0.0033727336574123083 0.9999867880907906 -0.00438862916888702 0.0039005186851656763 0.9999827627954417 -0.004946640244404461 0.004496493094515727 0.9999776559004423 -0.00555492836067281 0.005166978861113755 0.9999712221360957 -0.006214729984771899 0.005918485683216778 0.9999631736511269 -0.006926764982773134 0.00675764497815011 0.9999531759843672 -0.007691139421463035 0.007691139421463036 0.9999408446247203 -0.008507259208661898 0.008725624602647673 0.9999257422509185 -0.009373737826854297 0.009867630687338235 0.9999073771623909 -0.010288332640485707 0.011123440363810657 0.9998852030538063 -0.011247839656283542 0.012498997720193701 0.9998586205854592 -0.012248061009897223 0.013999764884397664 0.9998269808245221 -0.013283711761468277 0.01563059601206289 0.9997895915992254 -0.014348430554079696 0.017395586453378884 0.9997457257285863 -0.015434698052375847 0.01929796361868594 0.9996946327235151 -0.01653389847323896 0.021339882457737106 0.9996355533983207 -0.01763630948811376 0.023522331747173934 0.9995677368226805 -0.018731140972397375 0.0258449887045656 0.9994904606431885 -0.019806622612950728 0.02830607421870006 0.9994030537590896 -0.020850121725626582 0.030902238606403683 0.9993049204687923 -0.02184824534441084 0.033628461928283795 0.999195566805472 -0.022787002185260686 0.03647797761772162 0.9990746266822764 -0.023652001997446416 0.039442197164722734 0.9989418881418137 -0.024428627650572927 0.04251068305037204 0.998797318767777 -0.025102323570771242 0.04567111272689138 0.998641088086023 -0.025658747298806413 0.04890936006462182 0.9984735866236649 -0.026084106366453752 0.052209495633088146 0.998295441220084 -0.026365427189769353 0.05555388401134506 0.998107524378188 -0.026490738461554843 0.05892334556694738 0.9979109580132687 -0.02644944164535879 0.06229723852344757 0.9977071118865504 -0.026232441820727807 0.06565374800087258 0.9974975911597782 -0.02583252501827212 0.06897002029330059 0.9972842207474867 -0.02524445157474736 0.07222244392455782 0.9970690228154991 -0.024465216612511054 0.07538690348523783 0.9968541859063493 -0.0234940868275436 0.0784391054014078 0.9966420293304746 -0.022332893960163077 0.08135483129435941 0.9964349618878446 -0.020985932279000172 0.08411029784062206 0.9962354382592215 -0.01946006918527374 0.08668242986558454 0.9960459136304421 -0.01776466368743635 0.08904921968060271 0.9958687931642141 -0.01591150107786329 0.09119004003052276 0.9957063827919759 -0.013914719557058832 0.09308591626983079 0.9955608433299568 -0.011790590652136319 0.09471973920940242 0.9954341530087144 -0.009557252136267994 0.09607663437750472 0.9953280560992416 -0.007234562387325221 0.0971441257660064 0.9952440303444288 -0.004843788660618385 0.0979122813271737 0.9951832609508259 -0.0024071590149054795 0.09837395838347054 0.9951466072380714 -0.001180182856726641 0.09685346674408525 0.9952979519460879 -0.0028780784894753566 0.0021607359267191324 0.999993523921262 -0.0029734648346569433 0.0023660626691873825 0.9999927801010977 -0.003400988988775854 0.002762694794544042 0.9999904003496086 -0.003875879285136709 0.003215519726230579 0.9999873189159236 -0.004400983726390498 0.0037306181189759803 0.9999833567768468 -0.004978920199318298 0.004314411322576498 0.9999782978688031 -0.005611989137007272 0.004973630775682619 0.999971883892159 -0.006302097456302094 0.005715265105562222 0.999963809001318 -0.007050646738204398 0.006546514251651812 0.9999537146946983 -0.007858451463026082 0.007474713962217222 0.9999411849662889 -0.008725624602647673 0.008507259208661898 0.9999257422509185 -0.009651497943737094 0.009651497943737094 0.999906844248445 -0.010634494908453078 0.01091464797168356 0.9998838822471819 -0.011672059893278896 0.012303663983175697 0.9998561810932795 -0.012760556022403866 0.013825110034819042 0.9998230016070465 -0.01389521641522277 0.015485014532117047 0.9997835452165205 -0.015070037317849058 0.017288739449802953 0.9997369621372791 -0.016277785725371075 0.019240803640644545 0.9996823621366644 -0.017509949041924194 0.021344733620760146 0.9996188293700795 -0.01875670877950627 0.023602927049766628 0.9995454405430722 -0.020007041404799395 0.02601644590759725 0.9994612863120631 -0.021248698142417845 0.02858490095299393 0.9993654968352469 -0.02246831075264189 0.03130630224110042 0.9992572694015849 -0.023651538853566568 0.03417690695736943 0.9991358985346716 -0.02478319294589054 0.03719114041105037 0.9990008070178584 -0.025847385208632712 0.04034147873040927 0.9988515794509815 -0.026827799522294183 0.04361837754814386 0.9986879924745561 -0.027707847427406604 0.04701026667977212 0.9985100450259058 -0.028471019618704088 0.050503496455702235 0.9983179843554959 -0.029101090533447026 0.05408239936379083 0.9981123286528523 -0.02958240369750546 0.05772934503288919 0.9978938841948833 -0.02990028451950466 0.06142482026204885 0.9976637531961496 -0.030041173948930043 0.06514761826663192 0.9974233382581117 -0.029993062468998865 0.06887492803275219 0.997174338063417 -0.029745733629164453 0.07258260555084266 0.996918731242579 -0.029291000609838087 0.07624543812598096 0.9966587532592346 -0.02862298057666326 0.07983734211127522 0.9963968706231042 -0.027738282941870203 0.08333172546954855 0.9961357393396266 -0.026636161948039513 0.08670178286934706 0.9958781630922301 -0.025318688066356197 0.08992082169258192 0.9956270435563357 -0.023790815605198013 0.09296262889696769 0.9953853257514922 -0.0220602924321589 0.09580182450814877 0.9951559445226248 -0.020137768980989446 0.09841417258642184 0.994941767589741 -0.018036641965540726 0.10077691954537617 0.9947455413489179 -0.015772940067950332 0.10286916951161736 0.9945698307939985 -0.013365054543761438 0.10467216058419698 0.9944169719567735 -0.01083356175137718 0.1061695116819613 0.9942890267568043 -0.008200950087898225 0.10734748969606234 0.9941877392492877 -0.005491251087976033 0.10819520983490723 0.9941145018207256 -0.0027297030075696133 0.10870477967208392 0.9940703293016719 -0.0013391368480709263 0.10709713921459132 0.9942476600347383 -0.003251662687512109 0.002379377489075405 0.9999918825933195 -0.0033626266474958326 0.0026070461520070996 0.9999909479852259 -0.0038461084551656534 0.0030440802204108057 0.9999879704403263 -0.0043831587923704495 0.003543029313628455 0.9999841173050118 -0.004976993985339134 0.004110596756150438 0.9999791660455623 -0.005630574907438014 0.004753856175861952 0.9999728483702299 -0.006346505413048315 0.0054802224819447895 0.9999648438973194 -0.007126934109638562 0.006297399117074549 0.9999547737645724 -0.007973452325241073 0.007213313045320586 0.9999421944157209 -0.008886973994187154 0.00823604552238583 0.9999265919293174 -0.009867630687338235 0.009373737826854297 0.9999073771623909 -0.01091464797168356 0.010634494908453074 0.9998838822471819 -0.012026254042171381 0.012026254042171381 0.9998553587531679 -0.013199544315886626 0.013556670648801967 0.9998209783310075 -0.014430407591068362 0.015232966672036661 0.9997798357954236 -0.015713429427052217 0.017061780062277886 0.9997309557059577 -0.017041829962228385 0.01904899248122604 0.9996733025928963 -0.018407398403922016 0.02119957568950731 0.9996057951385557 -0.01980050129176653 0.02351739222261004 0.9995273244947547 -0.02121004670138555 0.02600504116789536 0.9994367772664667 -0.02262351747886208 0.02866368347506901 0.9993330624504149 -0.02402707848796603 0.031492840839287155 0.9992151422367479 -0.025405590418458933 0.03449028758378453 0.9990820667181837 -0.026742825383697547 0.03765187686315779 0.9989330094952207 -0.028021591483055934 0.04097141077263028 0.9987673071892458 -0.02922392734197277 0.04444054446615353 0.998584498216482 -0.030331368791579435 0.04804873422304643 0.9983843584545944 -0.031325200689036374 0.051783180056600514 0.9981669369724772 -0.03218671563426798 0.05562882214734849 0.9979325876446652 -0.03289762046774676 0.05956833863193533 0.997681993222385 -0.03344024785324248 0.06358230787732405 0.9974161819163087 -0.033797979344051134 0.06764922782754765 0.9971365395805107 -0.03395562616266134 0.0717456735760813 0.9968448092732469 -0.033899559787847984 0.0758466074079848 0.9965430808504412 -0.03361831529804804 0.07992543479908368 0.9962337746476468 -0.033102706407419934 0.08395438911929477 0.9959196109004533 -0.032346126137642976 0.08790483365185912 0.9956035698733341 -0.03134479590755071 0.09174755495859684 0.9952888474853083 -0.030097958523526633 0.09545308649641879 0.9949788043827986 -0.028607961168884564 0.0989921846364064 0.994676898263286 -0.026880447735276976 0.10233605458767522 0.994386631779098 -0.02492422520026154 0.10545683740091054 0.9941114818990697 -0.022751388886635172 0.10832799396685149 0.9938548284467137 -0.02037699616057321 0.11092467709288283 0.9936198941442907 -0.017819178002119372 0.11322391488647919 0.9934096949361366 -0.015098779772710453 0.11520514502409356 0.993226963694277 -0.012238927991938212 0.1168504949761773 0.9930741011955908 -0.009265094491472935 0.11814487749372081 0.9929531438824583 -0.00620428622890344 0.11907644947065141 0.9928657039166239 -0.003084988792185343 0.1196364989979402 0.9928129687668609 -0.0015143504678316428 0.11794795510576174 0.9930186235056369 -0.0036620088921642253 0.002609954053504732 0.9999898888642386 -0.00379058379093213 0.002861419709820916 0.9999887218122853 -0.00433560213853396 0.0033411010328270024 0.9999850196867874 -0.004941006961905369 0.0038887392188926262 0.9999802318833557 -0.00561042587366188 0.004511688393954005 0.999974083558845 -0.006347191137192164 0.0052177169200744705 0.9999662437276621 -0.007154239823410004 0.0060149595855568845 0.9999563176027907 -0.008033991822200208 0.006911868996661937 0.9999438389441548 -0.008988238610241582 0.007917145959067014 0.9999282626101474 -0.010018005529970217 0.009039657200107902 0.9999089579371244 -0.011123440363810657 0.010288332640485707 0.9998852030538063 -0.012303663983175693 0.011672059893278892 0.9998561810932793 -0.013556670648801967 0.013199544315886623 0.9998209783310075 -0.01487917995502253 0.014879179955022534 0.9997785854916739 -0.016266550380729543 0.016718879270592128 0.9997279021887139 -0.01771265835900532 0.018725912629640924 0.999667745768585 -0.019209855956040002 0.020906710492768703 0.9995968641860177 -0.020748873262382124 0.02326670668033459 0.9995139541890312 -0.02231883321592483 0.025810122353866417 0.9994176840880684 -0.023907205280796893 0.028539770478333396 0.9993067232019935 -0.025499891646658456 0.03145686978083292 0.9991797740494953 -0.027081236400342285 0.03456088600642452 0.9990356108735463 -0.028634204587367748 0.03784930522339037 0.9988731212830564 -0.030140458152980693 0.04131752069205017 0.9986913513524539 -0.03158062382314131 0.044958674643787666 0.9984895501572439 -0.03293443275050084 0.04876357447256384 0.9982672172039214 -0.034181095978874886 0.05272057902335297 0.9980241446103021 -0.035299526077827804 0.05681558659469903 0.9977604585162617 -0.03626864232253756 0.06103203499778763 0.9974766545078179 -0.037067833020401314 0.06535089837487419 0.9971736237169375 -0.037677282054323316 0.06975077471171444 0.9968526730887142 -0.03807826793713934 0.07420809720550872 0.9965155311484338 -0.038253687615205284 0.07869717225609082 0.9961643491225398 -0.038188334097562913 0.08319046352443703 0.9958016860386623 -0.037869293576070606 0.08765890711867977 0.995430476028742 -0.03728626552258398 0.09207210598043095 0.9950539993908408 -0.03643196258278287 0.09639866222880991 0.9946758316269992 -0.03530213228547329 0.10060666223621384 0.9942997832493918 -0.033895991993260995 0.10466389001914199 0.9939298425205139 -0.032216286823583754 0.10853833956570813 0.9935700980341646 -0.030269407067679843 0.1121986324910015 0.993224662331197 -0.028065260600051246 0.1156143920233672 0.9928976047430663 -0.025617591199053966 0.11875655227683678 0.9925928774238092 -0.022943363027905908 0.1215980263730237 0.9923142254725341 -0.020062899819679136 0.12411388231474929 0.9920651310612556 -0.016999703435525936 0.1262816650843557 0.991848754169015 -0.013779843817172446 0.12808184565695266 0.9916678661313388 -0.010431847432974341 0.129498055495411 0.9915248005884889 -0.006986167533236486 0.1305172872391367 0.9914214195764253 -0.0034746977985673166 0.13113016540959507 0.9913590702640799 -0.0017066036264164251 0.12936909253176593 0.9915950410331679 -0.004110971377786471 0.002851629130247714 0.9999874839844919 -0.00425936685069614 0.0031282984613563666 0.9999860356738827 -0.004871793278005736 0.0036527228646296645 0.9999814614511263 -0.005552073110373243 0.004251443233996424 0.9999755495583905 -0.006304282670239064 0.004932499231582428 0.9999679627224785 -0.0071321678393758605 0.00570437954670799 0.9999582952483058 -0.008039023230285285 0.006575980085236123 0.9999460638411561 -0.009027567800703549 0.007556538951169488 0.9999306984679904 -0.010099809767772657 0.008655564319915068 0.9999115336113285 -0.01125690145043204 0.009882744607277102 0.9998878004700141 -0.0124989977201937 0.01124783965628354 0.9998586205854592 -0.013825110034819043 0.012760556022403866 0.9998230016070465 -0.015232966672036661 0.014430407591068362 0.9997798357954236 -0.016718879270592128 0.016266550380729546 0.9997279021887139 -0.018277613933466653 0.01827761393346665 0.9996658730084759 -0.019902286303565317 0.020471526285237497 0.9995923247061493 -0.021584262184995852 0.022855306622758743 0.9995057551535704 -0.023313135888232885 0.02543484940613372 0.9994046058182561 -0.025076646291714882 0.028214735030522325 0.9992872912921077 -0.026860687210609326 0.031198004041231714 0.9991522346601729 -0.02864940345383403 0.03438593497641363 0.9989979074840634 -0.03042519170750177 0.0377778760239416 0.9988228770871648 -0.032168879023185964 0.0413710240646512 0.9986258566601577 -0.03385984080837333 0.045160293042315995 0.9984057587538064 -0.03547629854912559 0.04913811073022204 0.9981617495752467 -0.03699548954909571 0.05329435010874357 0.9978933039155586 -0.03839404506510098 0.057616233913013876 0.9976002540563128 -0.03964826926457323 0.06208827729180928 0.9972828388011393 -0.04073456049073293 0.06669228747869202 0.9969417407113047 -0.041629751452422134 0.07140746475614936 0.9965781142344582 -0.04231159527659781 0.07621040109942172 0.9961936075228623 -0.042759208060103034 0.08107523251504344 0.9957903678981357 -0.042953373439900744 0.08597396828507817 0.9953710285554069 -0.04287711007291903 0.0908765517957014 0.9949386944759551 -0.042516035676425916 0.09575119443843517 0.9944969057136245 -0.04185866712324255 0.10056479310135799 0.9940495834590679 -0.04089682503351421 0.1052831551977464 0.9936009797367278 -0.03962597509404909 0.10987145263834365 0.993155600091439 -0.03804519171806008 0.11429473770903083 0.9927181253100802 -0.036157683744151556 0.11851815675929189 0.9922933378918947 -0.033970727230110964 0.1225075391053499 0.9918860280061458 -0.03149550234222075 0.12622993943731564 0.9915009005149026 -0.028747298497233342 0.12965389090594476 0.9911425030751432 -0.025745389076269765 0.1327498210148135 0.9908151492391739 -0.022512526749418674 0.13549069652924733 0.9905228201779989 -0.019074988599009447 0.13785226778262372 0.9902691033638965 -0.015462027434471165 0.13981330561659355 0.9900571525322044 -0.01170556552624301 0.1413560138962773 0.9898896186298078 -0.007839777583087387 0.14246632826466157 0.9897686008346767 -0.0039003254179788512 0.1431341052364366 0.9896956175409682 -0.0019167607410570874 0.14131087530224712 0.9899634147530778 -0.004600240890023224 0.003103314993890036 0.999984603491375 -0.0047708464069417846 0.0034065156880659503 0.9999828171900896 -0.005456821525840872 0.003977583661778894 0.9999772007036203 -0.006218794509231045 0.004629556773652333 0.9999699464478576 -0.007061335129973509 0.00537118555985242 0.9999606431814523 -0.007988634382014203 0.006211716309586364 0.9999487968397182 -0.009004383094687074 0.007160830981179468 0.9999338196024491 -0.010111620555779603 0.008228587740229382 0.9999150191258942 -0.011312592873365916 0.009425336608394296 0.9998915882595972 -0.012608585701365542 0.010761620415853339 0.9998625961064032 -0.013999764884397662 0.012248061009897223 0.9998269808245221 -0.015485014532117048 0.01389521641522277 0.9997835452165205 -0.017061780062277886 0.01571342942705222 0.9997309557059577 -0.018725912629640924 0.01771265835900532 0.999667745768585 -0.0204715262852375 0.019902286303565313 0.9995923247061493 -0.022290902842055482 0.022290902842055486 0.9995029921420807 -0.02417435532622497 0.024886125444747897 0.9993979594260285 -0.026110180641460406 0.02769434170005346 0.9992753784141142 -0.028084633435300356 0.0307204757649064 0.999133377349382 -0.030081892924204958 0.033967784439643434 0.9989701043266302 -0.032084148181901834 0.03743761510633614 0.9987837766056233 -0.034071682984320124 0.041129178255526776 0.9985727370175099 -0.036022960205071 0.04503935749647069 0.9983355160537809 -0.03791492133510088 0.04916249787774286 0.9980708930444642 -0.039723096726126575 0.05349030466136716 0.9977779627220281 -0.04142204645762055 0.058011658991296816 0.9974561952729254 -0.04298554400077682 0.0627125817420683 0.9971054984795749 -0.044387120870946595 0.06757611668244534 0.9967262673146066 -0.04560033721641469 0.0725824202957063 0.9963194274477271 -0.0465993469422154 0.07770873539837825 0.9958864660729876 -0.04735927052878067 0.08292957889121486 0.9954294472437047 -0.047856766105023624 0.08821683597152799 0.994951013763563 -0.04807050077305516 0.09353993752564065 0.9944543765518491 -0.04798153599033785 0.09886625073327014 0.9939432763844998 -0.04757379624355655 0.10416131783290923 0.9934219414620801 -0.04683465951958332 0.10938906931776646 0.992895032811363 -0.045755017856829526 0.11451253984667505 0.9923675511416044 -0.044329897958041195 0.11949395816990081 0.9918447731918133 -0.04255847559085911 0.12429534806110412 0.9913321555390763 -0.04044434463008678 0.12887910701702823 0.9908352187735033 -0.03799567024340373 0.13320831488360818 0.9903594670061089 -0.03522519618373515 0.1372471811474102 0.9899102973607797 -0.032149950474866906 0.14096179479611645 0.9894928767264174 -0.028791431988305527 0.1443202572771331 0.9891120850457369 -0.025175231899832007 0.14729326891186106 0.9887724210515015 -0.02133067453623769 0.14985460614745166 0.9884779205122495 -0.01729040843559366 0.15198142605864579 0.9882321022458797 -0.013089986521672436 0.1536546111100458 0.9880379105770604 -0.008767651020153727 0.15485885052411996 0.9878976995164717 -0.004363182541117846 0.15558324619200345 0.9878131483952172 -0.0021454949948963753 0.1537104677252821 0.9881136012437548 -0.005131304247450605 0.0033636556050929 0.9999811775917037 -0.00532668812542561 0.003694614291221929 0.9999789878886723 -0.006092589477034417 0.004313982188659563 0.9999721345673289 -0.006943341947317155 0.005021096063862136 0.9999632886245976 -0.007884044023616355 0.005825448155925871 0.9999519518474957 -0.008919377054277366 0.006737061797373607 0.999937526404176 -0.010053455912426568 0.0077664368892249236 0.9999193019850464 -0.01128967071584346 0.008924478831932023 0.9998964431443419 -0.012630522392092978 0.010222408047864059 0.9998679774239226 -0.01407743627857806 0.011671650962208435 0.9998327851954241 -0.01563059601206289 0.013283711761468277 0.9997895915992254 -0.017288739449802956 0.01507003731784906 0.9997369621372791 -0.019048992481226042 0.017041829962228385 0.9996733025928963 -0.020906710492768706 0.019209855956040002 0.9995968641860177 -0.022855306622758736 0.02158426218499585 0.9995057551535704 -0.0248861254447479 0.02417435532622497 0.9993979594260285 -0.02698833141362362 0.02698833141362362 0.9992713645126717 -0.02914882356280583 0.030033064108863087 0.9991237967064629 -0.03135221654954768 0.03331385411170464 0.998953064784154 -0.03358081652437517 0.03683415779177223 0.9987570142839184 -0.035814708510645124 0.04059536001260089 0.9985335865156187 -0.03803182673822907 0.04459651519646651 0.9982808878202991 -0.0402081266864984 0.04883414638576824 0.9979972608655475 -0.04231780177754887 0.05330205343911661 0.9976813593286634 -0.044333544287583945 0.057991108740340476 0.9973322255687755 -0.04622696073649662 0.06288915169497153 0.9969493581422043 -0.04796877025694152 0.0679809384349374 0.9965327837505107 -0.04952944216829214 0.07324798679593862 0.9960831123901457 -0.05087951961867241 0.07866870782697886 0.9956015814030262 -0.05199019181901628 0.08421837719028832 0.995090088835205 -0.05283384085894181 0.08986929573061611 0.9945512027768983 -0.05338445888469767 0.09559100481491474 0.9939881585552531 -0.053618324235294154 0.10135041045727408 0.9934048367137847 -0.053514510946658225 0.10711213014781522 0.9928057154818043 -0.05305522257750991 0.11283890272127929 0.9921958100042092 -0.052226384512697795 0.11849184247813431 0.9915806008726011 -0.05101821861545122 0.12403085033573387 0.9909659376256587 -0.04942512260496712 0.1294153574135141 0.9903579264695246 -0.04744632577393167 0.13460445040776087 0.9897628443728218 -0.04508602002995511 0.13955746572525815 0.9891870220328419 -0.04235343262212628 0.144234657966926 0.9886367129468169 -0.03926268833029668 0.14859764645472204 0.9881179994176786 -0.035833011324827996 0.15260977576694018 0.9876367002292689 -0.032088226873815254 0.15623687698646607 0.987198249575844 -0.028056863683704143 0.15944744531398294 0.9868076431519359 -0.02377163740680467 0.16221324194253164 0.9864693474170868 -0.01926888719590221 0.16450972239347791 0.9861872343648809 -0.01458816117687135 0.16631631561055818 0.9859645372503044 -0.00977181139441984 0.16761670736544407 0.9858038096467465 -0.004864245437745442 0.16839901820725367 0.9857069086615728 -0.00239327256112938 0.1664912836897512 0.986040021856003 -0.005705398354799339 0.0036310172977305198 0.9999771318100212 -0.005928306761377616 0.003990823198557072 0.999974463928525 -0.006780713543756487 0.004659853193372155 0.9999661532732265 -0.00772755473725627 0.0054236616897393765 0.9999554334027383 -0.008774498507934386 0.006292501553026305 0.9999417046008929 -0.009926756255784076 0.007277197417554518 0.9999242480848158 -0.01118889809585265 0.00838908763437207 0.9999022111026975 -0.012564697495110458 0.009639943040120611 0.9998745920739458 -0.014056925911693306 0.011041880155665342 0.9998402270945799 -0.015667163266762367 0.0126072376877482 0.9997977783297266 -0.017395586453378884 0.014348430554079696 0.9997457257285863 -0.01924080364064454 0.016277785725371068 0.9996823621366644 -0.02119957568950731 0.018407398403922016 0.9996057951385557 -0.023266706680334592 0.020748873262382127 0.9995139541890312 -0.02543484940613372 0.023313135888232885 0.9994046058182561 -0.02769434170005346 0.026110180641460406 0.9992753784141142 -0.03003306410886308 0.02914882356280583 0.9991237967064629 -0.032436422294790046 0.03243642229479004 0.9989473244458028 -0.03488723274964999 0.03597862462652728 0.9987434202842366 -0.03736578249202103 0.03977908167387625 0.9985096008351357 -0.03984984247595134 0.04383920361793546 0.9982435145197723 -0.04231481099520698 0.04815786710400779 0.9979430227254623 -0.04473390493511483 0.052731194058175675 0.9976062845243383 -0.04707838400461331 0.057552365623580154 0.9972318441418946 -0.0493178369130443 0.06261142724758528 0.9968187197982583 -0.051420632336560766 0.0678951148401136 0.9963664847589746 -0.053354290872351606 0.07338680114123908 0.9958753421306126 -0.055085890009841494 0.07906651203984125 0.9953461867087637 -0.05658279264366558 0.08491079954403545 0.9947806510469717 -0.057812964724349734 0.09089291055737946 0.9941811403965524 -0.05874586301333399 0.09698291053224521 0.993550823382233 -0.05935260534274315 0.10314789906675678 0.9928936393980691 -0.05960702661464246 0.10935213980267217 0.9922142469742803 -0.05948593592154506 0.11555760965558201 0.9915179586261794 -0.058969817737884574 0.12172407904644088 0.9908106828129462 -0.058043126820707024 0.12780981742796244 0.9900988061794168 -0.05669507820815114 0.1337718165782856 0.9893890888807685 -0.054919840225181794 0.13956629696991876 0.9886885555622382 -0.05271655552114758 0.14514944204964522 0.9880043543662459 -0.05009003967325187 0.15047776472354257 0.9873436231876611 -0.047050570059139 0.155508614210799 0.9867133903841312 -0.043614109853247894 0.1602007449440448 0.9861204443378517 -0.039801873396320624 0.16451508930725153 0.9855712030413482 -0.03564055193029311 0.16841488892365097 0.9850716604628003 -0.031161626575644735 0.1718665907736646 0.9846272533324465 -0.026401462433584367 0.17483993653129604 0.984242835572147 -0.021400356742454992 0.17730863127327393 0.9839225955365056 -0.016202188745991594 0.17925066826357086 0.9836700092037485 -0.010853729933721109 0.1806486060531588 0.9834878126736378 -0.005404257902741634 0.18148973943055952 0.9833779886076098 -0.002660496606009108 0.17956372121758635 0.9837427467485097 -0.006323465459592594 0.0039034906475806973 0.9999723878914585 -0.006576811472647055 0.004293068857158214 0.9999691570796776 -0.0075224655194002735 0.005012768660633195 0.9999591414967236 -0.008572881314531199 0.005834423092338245 0.9999462311610293 -0.009734343017543492 0.006769062583723121 0.9999297087084443 -0.011012626803767337 0.007828324125437785 0.9999087155297068 -0.012412801222150176 0.009024400451709125 0.9998822343467788 -0.013939040158533141 0.010369953179525026 0.9998490722256601 -0.01559441178117652 0.011878001593614882 0.9998078452379443 -0.017380661503560692 0.013561797526925537 0.9997569655939074 -0.01929796361868594 0.015434698052375843 0.9996946327235151 -0.021344733620760146 0.017509949041924194 0.9996188293700794 -0.023517392222610036 0.019800501291766526 0.9995273244947547 -0.025810122353866417 0.022318833215924826 0.9994176840880684 -0.02821473503052232 0.02507664629171489 0.9992872912921077 -0.0307204757649064 0.028084633435300356 0.999133377349382 -0.03331385411170464 0.03135221654954769 0.998953064784154 -0.035978624626527275 0.03488723274964999 0.9987434202842366 -0.038695684300740815 0.03869568430074081 0.9985015212972862 -0.0414430854542222 0.042781394464378605 0.99822453534048 -0.04419613468750703 0.04714573395714159 0.9979098062692471 -0.04692750358013053 0.0517873892313712 0.9975549487242973 -0.04960738128837423 0.056702084811373565 0.9971579520315493 -0.05220392778854634 0.06188229714527099 0.9967172774781586 -0.0546833591214581 0.067317199338844 0.9962319634042908 -0.05701056857253299 0.0729924198263327 0.9957017132248658 -0.059149569784499874 0.07888992816834776 0.9951269806551832 -0.06106395720167544 0.08498806612713984 0.9945090355280041 -0.06271756427404869 0.0912615785847757 0.9938500044804273 -0.06407495743297599 0.09768166937501249 0.9931529042892001 -0.0651024322487926 0.10421606650070143 0.992421626526958 -0.06576815198858833 0.110829423965362 0.9916609243927644 -0.06604318819381655 0.11748342051075736 0.9908763511146528 -0.06590218398978957 0.12413716635813127 0.9900741720062946 -0.06532356107468087 0.13074768926356628 0.9892612769742685 -0.06429049186418366 0.13727020847091542 0.9884450528593953 -0.06279108389168968 0.14365879682901952 0.9876332466443934 -0.06081905882528945 0.1498667033021708 0.9868338326815437 -0.058373758682759645 0.1558471075719941 0.9860548581892846 -0.05546060402632817 0.16155354696596433 0.9853043047017256 -0.052091104472552344 0.16694058147363677 0.9845899446429837 -0.04828295469169586 0.17196429091459237 0.9839192237864249 -0.0440598678726645 0.17658289937257554 0.9832991445598934 -0.03945120641806007 0.18075741032979706 0.9827361603823405 -0.03449196276878236 0.18445187648769235 0.9822361272955328 -0.02922220570790661 0.18763416476442835 0.9818041978453341 -0.023686469115422906 0.19027625011606003 0.9814448022291496 -0.01793332993392824 0.19235462753657256 0.9811616038873248 -0.012014260714351422 0.19385080897795093 0.9809574513698754 -0.005983703467244111 0.19475118650342052 0.980834425705137 -0.0029474779200135913 0.1928254204859191 0.9812286530612219 -0.006986106551641555 0.004178879310848148 0.9999668650925162 -0.007272965108102941 0.0045989587971733345 0.9999629760928743 -0.00831871353058387 0.00536994125264732 0.9999509801665976 -0.009480308983964927 0.006250137855324301 0.999935527680839 -0.010764699520138693 0.007251362238336819 0.9999157659472769 -0.01217825640499959 0.008386083626967826 0.999890675860284 -0.013726586837274473 0.009667349308858196 0.9998590516523512 -0.015414297070813546 0.011108714972725958 0.9998194816552974 -0.01724476492383544 0.012724124422252066 0.9997703309962787 -0.019219893175323913 0.01452776586469444 0.9997097277336606 -0.021339882457737106 0.016533898473238964 0.9996355533983207 -0.02360292704976663 0.01875670877950627 0.9995454405430722 -0.02600504116789536 0.02121004670138555 0.9994367772664667 -0.0285397704783334 0.0239072052807969 0.9993067232019938 -0.031198004041231714 0.026860687210609326 0.9991522346601729 -0.033967784439643434 0.030081892924204958 0.9989701043266302 -0.03683415779177224 0.033580816524375175 0.9987570142839184 -0.03977908167387625 0.03736578249202103 0.9985096008351357 -0.042781394464378605 0.041443085454222206 0.99822453534048 -0.045816720318214925 0.04581672031821492 0.9978986202408364 -0.04885770899891847 0.050488037389104165 0.9975288879786758 -0.05187406125990627 0.055455451268707746 0.9971127191511436 -0.054832836679626594 0.06071421102541201 0.9966479541950745 -0.057698667656900904 0.06625616930248876 0.9961330151038958 -0.060434308423327365 0.07206947633773304 0.9955670168028865 -0.06300091820650745 0.07813860992667114 0.9949498690606801 -0.06535871032447661 0.08444417215827665 0.9942823647099572 -0.06746751345265557 0.09096284782106255 0.9935662509087142 -0.06928746472326723 0.09766741856478342 0.9928042720411276 -0.07077963343905969 0.10452698725358855 0.9920001776340166 -0.07190672207754166 0.111507085627994 0.9911587124042317 -0.07263400863271395 0.11856973996707475 0.990285573738244 -0.07292952316567279 0.12567416921031205 0.9893873295348619 -0.07276561509055947 0.13277666479753714 0.9884713058787974 -0.07211867596176258 0.1398314048544887 0.9875454798610251 -0.07097035907398859 0.146790695943093 0.9866183151135254 -0.06930783486131352 0.1536056581585743 0.9856985978525628 -0.06712421659986646 0.16022665865044083 0.9847952870538981 -0.06441923455325914 0.1666038005061454 0.983917341993971 -0.06119883421313708 0.17268789895058964 0.9830735436614007 -0.057475976700029456 0.17843058923603602 0.9822723842841449 -0.0532701352292755 0.18378532951735624 0.9815219026322599 -0.0486076486934406 0.1887077189420184 0.9808295944251455 -0.0435209000320407 0.19315631213003248 0.9802023109260284 -0.03804844953923444 0.19709313642815604 0.9796461662562522 -0.03223433314117362 0.20048406883485156 0.9791665261386167 -0.02612767004409614 0.20329927143847135 0.9787679761264432 -0.01978189818413746 0.20551387587053008 0.9784542520368056 -0.013253680809417148 0.2071081747931647 0.9782282677774374 -0.006602698347702942 0.20806781805908534 0.9780921160415621 -0.003254254195956453 0.20616239813860093 0.9785123787788119 -0.007693538495980165 0.004454718052287738 0.9999604816953945 -0.008017128294878554 0.004905797491876267 0.9999558284268721 -0.009169875731907438 0.005728218144087699 0.9999415487397026 -0.01045030983253575 0.0066671387348159845 0.9999231671911071 -0.01186609601653381 0.007735148872971258 0.999899676586226 -0.013424246666155503 0.008945548603608893 0.9998698749145445 -0.015130927412528975 0.010312258933442378 0.9998323421210811 -0.016991207470212964 0.01184972450810826 0.9997854184262671 -0.019008801209385535 0.013572793996471415 0.9997271851558861 -0.021185780574680013 0.015496587352214443 0.9996554498835469 -0.02352233174717393 0.01763630948811376 0.9995677368226805 -0.02601644590759725 0.020007041404799395 0.9994612863120631 -0.028663683475069014 0.022623517478862088 0.9993330624504149 -0.03145686978083292 0.02549989164665846 0.9991797740494953 -0.03438593497641364 0.02864940345383403 0.9989979074840634 -0.037437615106336135 0.03208414818190184 0.9987837766056233 -0.04059536001260089 0.03581470851064512 0.9985335865156187 -0.04383920361793546 0.03984984247595133 0.9982435145197723 -0.04714573395714159 0.044196134687507015 0.9979098062692471 -0.05048803738910418 0.048857708998918475 0.9975288879786758 -0.05383584318186995 0.053835843181869965 0.9970974897058934 -0.05715570481524205 0.059128695242927645 0.9966127747555426 -0.060411257384464 0.06473098948265489 0.9960724767715572 -0.063563520552946 0.07063384165689435 0.9954750319659976 -0.06657135881180805 0.07682451110392216 0.9948197066200452 -0.06939204738569747 0.08328619428670986 0.99410671137502 -0.07198180647155908 0.08999803616946861 0.9933372906635138 -0.0742964202223605 0.09693506261662359 0.9925137961648964 -0.07629208262068293 0.10406820747539793 0.9916397159867371 -0.07792617121987581 0.1113644322877062 0.9907196753170129 -0.07915772118864718 0.11878700543266225 0.989759416482895 -0.07994870464569066 0.12629550805787615 0.9887657201126459 -0.08026438531773819 0.13384649040622204 0.9877462960980936 -0.08007433979070235 0.14139368128381832 0.986709646755363 -0.07935306792825897 0.14888840825868244 0.9856649189742775 -0.07808049527844318 0.1562802004786801 0.9846217218787207 -0.07624295237641535 0.16351715310350706 0.9835899312487151 -0.0738330678959669 0.17054683455145186 0.9825794905805582 -0.07085057994842227 0.17731656794240228 0.9816002394325807 -0.06730256146016032 0.1837741568381661 0.980661727865079 -0.063202992317875 0.18986869361206007 0.9797730660454574 -0.05857374833797697 0.19555082610820793 0.9789427922069996 -0.053443463630868965 0.20077384878119686 0.9781787453429567 -0.047847995873415684 0.20549381233964334 0.9774880369503338 -0.04182964323397095 0.20967045076718988 0.9768769538800688 -0.03543679641203866 0.21326776684039828 0.9763509067374092 -0.028723129115199014 0.21625443995863344 0.9759144424856153 -0.02174731431291915 0.21860400314433648 0.9755712911568514 -0.014571591629699744 0.22029553299992463 0.9753243290606752 -0.007261166309341483 0.2213139556563897 0.9751755782911863 -0.003580765280849517 0.21945050420098292 0.9756170633634581 -0.008445553042311049 0.004728274021096508 0.999953156932159 -0.008809219372881212 0.0052105947808311895 0.9999476223063237 -0.010075853536695012 0.006084109335785637 0.9999307279952433 -0.011482775501788042 0.007081357971286868 0.999908995977163 -0.013038402541557801 0.008215708225113354 0.9998812440472739 -0.014750440522104025 0.009501273843141013 0.9998460633016272 -0.016625651273553775 0.01095283308484225 0.9998017919403555 -0.01866958183598863 0.012585725287116784 0.9997464909831224 -0.020886286636270807 0.014415706250083584 0.9996779233552469 -0.023278033400723985 0.01645880510579855 0.999593537841999 -0.025844988704565596 0.018731140972397375 0.9994904606431885 -0.02858490095299393 0.021248698142417845 0.9993654968352469 -0.03149284083928715 0.02402707848796603 0.9992151422367479 -0.03456088600642453 0.027081236400342285 0.9990356108735463 -0.037777876023941594 0.030425191707501763 0.9988228770871648 -0.04112917825552678 0.03407168298432013 0.9985727370175099 -0.0445965151964665 0.03803182673822907 0.9982808878202991 -0.04815786710400779 0.04231481099520698 0.9979430227254623 -0.0517873892313712 0.04692750358013053 0.9975549487242973 -0.05545545126870775 0.05187406125990627 0.9971127191511436 -0.059128695242927645 0.057155704815242035 0.9966127747555426 -0.0627702711648812 0.06277027116488121 0.9960521001010815 -0.06634017430600406 0.06871197454262837 0.9954283730271618 -0.06979557513932132 0.07497115104660461 0.994740118926405 -0.07309127238560903 0.08153404637488149 0.9939868536267426 -0.07618030056358359 0.08838268091413584 0.9931692018586119 -0.07901473136413638 0.09549468736899161 0.9922889886075286 -0.08154609425102002 0.10284349527767218 0.9913493077576012 -0.08372642555114744 0.11039812813499833 0.9903545521522666 -0.08550915097080387 0.11812344566746218 0.9893103844011234 -0.08684964505425971 0.12598043579045415 0.9882236937819272 -0.08770627493750478 0.1339264756827294 0.9871024812286666 -0.08804139216595984 0.14191549622195404 0.9859557318650549 -0.08782187393706367 0.14989858768066971 0.9847932432087069 -0.0870201119540745 0.1578244043784822 0.9836254152359413 -0.08561443368669898 0.1656397624519599 0.9824630465515557 -0.0835899771983609 0.17329009058716066 0.9813171048220198 -0.0809392247276604 0.1807199917994972 0.9801985138044614 -0.07766185177478685 0.18787420495571322 0.9791179295116446 -0.07376590962864155 0.19469765582136253 0.9780855859250382 -0.06926695087275213 0.2011367981146515 0.9771110878303335 -0.0641887730997782 0.2071398070717008 0.9762033096308596 -0.058563038720121745 0.2126573092006112 0.9753703088260485 -0.05242885621973391 0.21764326884650612 0.9746192192652975 -0.04583235940626259 0.222055395119736 0.9739562599672908 -0.03882675390456085 0.2258554224157351 0.9733867737680868 -0.031470643051337996 0.22901030012842918 0.9729151458688584 -0.02382800892713242 0.23149226608657927 0.9725448867443954 -0.015966934875521543 0.23327927694712017 0.9722786822396702 -0.00795865170552016 0.23435541084731987 0.9721184090786543 -0.0039269144094147695 0.2325565719266899 0.9725749432290179 -0.009241465919162316 0.004996580943879686 0.9999448132204778 -0.009648667521268337 0.005510087966291174 0.9999382691674861 -0.011035986920123043 0.006433806366432806 0.999918403235153 -0.012576956354640963 0.00748835970532367 0.9998928665801038 -0.014280770961861764 0.008687889068221197 0.9998602803213423 -0.016155871363639992 0.010047305231695445 0.9998190033591393 -0.018209647060971886 0.01158222328570079 0.999767103308403 -0.02044816169944326 0.013308844199797583 0.9997023293706877 -0.022875815833127155 0.015243821606409533 0.9996220900684422 -0.025495077041761013 0.01740407572226259 0.9995234360408407 -0.02830607421870006 0.019806622612950728 0.9994030537590896 -0.03130630224110041 0.022468310752641895 0.9992572694015849 -0.03449028758378454 0.025405590418458933 0.9990820667181838 -0.03784930522339037 0.028634204587367748 0.9988731212830564 -0.04137102406465121 0.03216887902318597 0.9986258566601577 -0.04503935749647069 0.03602296020507101 0.9983355160537809 -0.04883414638576823 0.04020812668649839 0.9979972608655475 -0.05273119405817567 0.04473390493511483 0.9976062845243383 -0.056702084811373565 0.04960738128837423 0.9971579520315493 -0.06071421102541201 0.0548328366796266 0.9966479541950745 -0.06473098948265488 0.060411257384464 0.9960724767715572 -0.06871197454262837 0.06634017430600406 0.9954283730271617 -0.07261326839949087 0.07261326839949088 0.9947133388593353 -0.07638793476575183 0.07922007611181908 0.9939260852614045 -0.07998647165178807 0.08614582446365997 0.9930664938865744 -0.08335757024627297 0.09337130015926756 0.9921357345591407 -0.08644874206394504 0.10087278350909433 0.9911363662698937 -0.08920728066831858 0.10862189500277239 0.9900723938186391 -0.0915807343420638 0.11658598060680851 0.9889492799043423 -0.0935183598055622 0.124727906975905 0.9877738939659659 -0.09497175417165579 0.13300641678337724 0.986554437932345 -0.09589575902649737 0.14137656716789967 0.9853002941522714 -0.0962494434757989 0.14979002475003603 0.9840218458530189 -0.09599697755045697 0.15819537972359324 0.9827302794435945 -0.0951085733157769 0.16653870202027185 0.9814373235266941 -0.0935609940189558 0.17476418578898845 0.9801549978262095 -0.09133818605890519 0.18281466533101592 0.9788953641260016 -0.08843228710948933 0.1906321321825026 0.9776702515552664 -0.0848432800816679 0.19815862292835135 0.9764910537143302 -0.08057977888614873 0.2053366852955402 0.9753685174878773 -0.07565931065731214 0.2121099502194957 0.9743125975418482 -0.07010758974480284 0.21842422628254998 0.9733323087378966 -0.06395935479465072 0.22422774253115643 0.972435663894344 -0.05725718407629575 0.22947207466515301 0.9716296526045939 -0.05005163667909343 0.23411273817640457 0.9709202127308351 -0.04240007282609704 0.23810995195718085 0.97031226138975 -0.03436681980659254 0.24142867055173314 0.9698098363761856 -0.026021306436458235 0.24403966965084187 0.9694160774652172 -0.017438000313905862 0.24591967888616587 0.9691333384429498 -0.008694237452213625 0.2470520467494718 0.9689632069547436 -0.004292245477130792 0.24534097828118315 0.9694273469449869 -0.010080089544392296 0.005256450357829077 0.9999353786742485 -0.010534368707310783 0.005800768581671801 0.9999276864652765 -0.012049015350457019 0.006773214085064077 0.9999044678368241 -0.01373140381015606 0.007883382982299021 0.9998746425538338 -0.015591560588335909 0.009146159337666476 0.9998366121561013 -0.017638677537255475 0.010577236003166754 0.9997884771956868 -0.019880818045787434 0.012193035585574748 0.9997280044877402 -0.02232457160779822 0.014010599787483948 0.9996525979539708 -0.024974723239599282 0.016047429472822283 0.9995592744837197 -0.02783390940980876 0.018321317448025315 0.9994446471986006 -0.030902238606403676 0.020850121725626582 0.9993049204687923 -0.034176906957369434 0.023651538853566568 0.9991358985346716 -0.03765187686315779 0.026742825383697547 0.9989330094952206 -0.04131752069205017 0.030140458152980686 0.9986913513524539 -0.045160293042315995 0.03385984080837333 0.9984057587538064 -0.04916249787774286 0.037914921335100875 0.9980708930444642 -0.053302053439116606 0.04231780177754886 0.9976813593286634 -0.057552365623580154 0.0470783840046133 0.9972318441418946 -0.061882297145271 0.05220392778854634 0.9967172774781586 -0.06625616930248875 0.057698667656900904 0.9961330151038958 -0.07063384165689436 0.06356352055294602 0.9954750319659976 -0.0749711510466046 0.0697955751393213 0.994740118926405 -0.07922007611181908 0.07638793476575184 0.9939260852614045 -0.08332933109417734 0.08332933109417734 0.9930319456889561 -0.08724495364070388 0.09060401256985971 0.992058078426093 -0.09091104056700774 0.0981915916096277 0.9910063541875965 -0.09427040000259974 0.10606691971268199 0.9898802453963881 -0.09726565848871872 0.11420003063761623 0.9886848560998208 -0.09984009152391034 0.12255639546340191 0.9874269016264016 -0.10193845696169795 0.13109714893546104 0.9861146426928572 -0.10350836371524416 0.1397789950271458 0.9847577626960825 -0.10450103193860925 0.14855482110706217 0.9833671742790759 -0.1048722932277876 0.157373978949322 0.9819548018431415 -0.10458349208809976 0.1661828265398929 0.9805333045572039 -0.10360253268512007 0.17492512008809055 0.9791157835431905 -0.10190458781111555 0.18354258520027192 0.9777154874507448 -0.09947251984264872 0.19197570098559016 0.9763455064818218 -0.09629784175842163 0.20016400736185636 0.9750185105060891 -0.0923810411090476 0.2080468456100172 0.9737465036010811 -0.0877315639001847 0.2155644094376568 0.9725405688604574 -0.08236839611462976 0.22265808101868076 0.9714107402528459 -0.07631972471115148 0.22927109121615372 0.9703659445552323 -0.06962312972185801 0.23534931502827386 0.9694139052661952 -0.06232504352480095 0.24084222633415478 0.968561103371408 -0.054480139794598106 0.24570320545019853 0.967812920558234 -0.04615094002807202 0.24989026157649183 0.967173690659417 -0.037407138166084694 0.2533669116952398 0.9666467369583575 -0.028324038165885114 0.256102544708643 0.9662345654424369 -0.018982578875142507 0.25807253051077095 0.9659390408794005 -0.009466911975330127 0.2592592928770808 0.9657613559438624 -0.004676204463867545 0.25765985741844355 0.9662243688641471 -0.010959700796725822 0.005504515139211372 0.9999247898074777 -0.011464648498539827 0.006078921590672104 0.999915800728791 -0.013113030081904837 0.007097983067432045 0.9998888273595448 -0.014943938206898112 0.008261367406663682 0.9998542036314297 -0.016968283768090505 0.009584652372663387 0.9998100878591197 -0.01919604804171957 0.011084279197240384 0.9997542950616705 -0.02163598701683031 0.012777447923867568 0.9996842605994957 -0.02429524037706599 0.014681991347758269 0.999597009011674 -0.027178988559653013 0.016816221631312696 0.999489128140432 -0.030290039105368368 0.019198753117497976 0.9993567538220415 -0.0336284619282838 0.021848245344410842 0.999195566805472 -0.037191140411050365 0.024783192945890542 0.9990008070178583 -0.04097141077263028 0.028021591483055937 0.9987673071892457 -0.044958674643787666 0.0315806238231413 0.9984895501572439 -0.04913811073022204 0.03547629854912559 0.9981617495752467 -0.053490304661367144 0.039723096726126575 0.9977779627220282 -0.05799110874034048 0.044333544287583966 0.9973322255687755 -0.0626114272475853 0.0493178369130443 0.9968187197982583 -0.067317199338844 0.054683359121458115 0.9962319634042908 -0.07206947633773306 0.060434308423327386 0.9955670168028866 -0.07682451110392216 0.06657135881180805 0.9948197066200452 -0.08153404637488149 0.07309127238560903 0.9939868536267426 -0.08614582446366 0.07998647165178809 0.9930664938865745 -0.09060401256985974 0.0872449536407039 0.9920580784260931 -0.09484998834222569 0.09484998834222569 0.9909626427988893 -0.09882303518772433 0.1027799865084192 0.9897829469583799 -0.10246109698609919 0.11100845375059415 0.9885235691678309 -0.10570196249802082 0.1195039930265113 0.9871909089810271 -0.10848440218082213 0.12823041126521653 0.9857931304843948 -0.11074876480920844 0.13714696709891913 0.9843400939252666 -0.11243844442393294 0.1462086348871209 0.9828431366703289 -0.11350089750942381 0.1553663567734437 0.9813148533714866 -0.1138886516855393 0.1645674219004048 0.9797688189906352 -0.11356023079646299 0.1737560591502876 0.9782192524633809 -0.11248123801839113 0.18287394725846892 0.9766806491929472 -0.11062502823359868 0.19186071036627014 0.9751674578994449 -0.10797355849704941 0.2006543896438722 0.9736937540018059 -0.10451762907255908 0.20919248394644852 0.9722728885829152 -0.1002579575566302 0.21741210188310375 0.970917256979885 -0.09520508996526238 0.22525093587707196 0.9696380802810962 -0.08937959729483458 0.23264800549317194 0.9684452452913702 -0.08281192764774718 0.2395443632259857 0.967347239974313 -0.07554264534379754 0.24588379847240488 0.9663511092678702 -0.06762214365844309 0.25161324097919396 0.9654625951589129 -0.05910950087330491 0.2566840960161364 0.9646861363982006 -0.05007222814394239 0.26105263678403484 0.9640250478057112 -0.04058585462918484 0.2646803611982424 0.9634817563399873 -0.030732031201097104 0.26753513102348336 0.9630578881492546 -0.020597922250074906 0.2695913367609844 0.9627545049192995 -0.010275299285514045 0.27083022820422653 0.9625722859689239 -0.005078360383679173 0.2693661537841356 0.9630244469645383 -0.011878013789099202 0.005737254417032874 0.9999129945651172 -0.01243724291805843 0.006340658390811434 0.999902550771708 -0.014225430230687407 0.007403586749277644 0.9998714037505012 -0.016211601231917654 0.008617034075549522 0.9998314511502616 -0.01840757766944542 0.009997246716376387 0.9997805839995271 -0.02082416965192028 0.01156136003767078 0.9997163042145444 -0.023470848610975988 0.013327292810743333 0.9996356849031638 -0.026355327680315753 0.015313630359880809 0.9995353367580678 -0.02948317622583299 0.017539443981495276 0.9994113818765806 -0.03285739326236449 0.02002409357702857 0.9992594394772665 -0.036477977617721626 0.02278700218526069 0.9990746266822764 -0.04034147873040926 0.025847385208632712 0.9988515794509816 -0.04444054446615354 0.02922392734197277 0.998584498216482 -0.04876357447256384 0.03293443275050084 0.9982672172039216 -0.05329435010874357 0.03699548954909571 0.9978933039155586 -0.058011658991296816 0.04142204645762055 0.9974561952729254 -0.06288915169497153 0.046226960736496625 0.9969493581422043 -0.06789511484011361 0.051420632336560766 0.9963664847589746 -0.07299241982633273 0.057010568572533 0.9957017132248658 -0.07813860992667114 0.06300091820650745 0.9949498690606801 -0.08328619428670986 0.06939204738569747 0.99410671137502 -0.08838268091413584 0.07618030056358359 0.9931692018586119 -0.09337130015926756 0.08335757024627297 0.9921357345591407 -0.0981915916096277 0.09091104056700774 0.9910063541875964 -0.10277998650841917 0.09882303518772433 0.9897829469583799 -0.10707080685769176 0.10707080685769176 0.9884693645418081 -0.1109970447664591 0.11562661227690352 0.9870714982140246 -0.11449161284773053 0.12445776477229906 0.9855972480559229 -0.11748840626368347 0.1335266266264482 0.9840564589368745 -0.11992333858718186 0.14279079195052183 0.9824607791643628 -0.12173563332775582 0.1522035003808337 0.9808233939145782 -0.12286890856855974 0.16171404521471183 0.979158719967026 -0.12327224711138063 0.17126806925298163 0.9774820722378834 -0.12290122021439288 0.18080799440563672 0.9758092842501677 -0.12171925137649656 0.19027343407526795 0.9741562729508803 -0.1196978341445664 0.19960218003169788 0.9725386358534521 -0.11681761319811533 0.20873039178195663 0.9709713017351472 -0.11306922711004487 0.2175933125198132 0.9694681532816806 -0.10845326927534527 0.22612621075892142 0.9680417476489852 -0.10298124687328628 0.23426464722176116 0.9667031280876704 -0.0966753102975379 0.24194542505272298 0.9654617007809951 -0.08956834140171932 0.24910727539647695 0.9643251928489107 -0.08170412590994987 0.25569169529810476 0.963299638100665 -0.07313647188435968 0.2616438617247116 0.9623894981254151 -0.06392937458911323 0.2669127638805201 0.961597946931204 -0.05415563099120132 0.27145261042646013 0.9609269732527054 -0.04389644773405137 0.275223412350538 0.9603776211316345 -0.03324019536571577 0.2781912169753274 0.9599503821603673 -0.02228092694261689 0.28032920387036175 0.9596452978845813 -0.011117790502546326 0.28161778570300383 0.9594622543435872 -0.0054978176198204436 0.28031262862178963 0.9598930170787586 -0.0128321501946085 0.005951064434981997 0.9998999553722732 -0.01344926754846404 0.006581977142498539 0.9998878911054506 -0.015382918649669784 0.007685343320619397 0.9998521397246005 -0.017530629555583477 0.008944944805101203 0.9998063137377252 -0.019905163802013525 0.010377629811791994 0.9997480128779974 -0.022518196601284245 0.012001171115417575 0.9996743983486245 -0.02537992689681273 0.013834159929492001 0.9995821503657205 -0.028498670926873453 0.015895847169028726 0.9994674320847982 -0.031880389104299287 0.018206006203136463 0.9993258638345601 -0.035528255975853414 0.0207846914545862 0.9991525106951651 -0.03944219716472273 0.02365200199744641 0.9989418881418137 -0.04361837754814385 0.026827799522294183 0.9986879924745561 -0.048048734223046445 0.030331368791579442 0.9983843584545945 -0.052720579023352976 0.034181095978874886 0.9980241446103021 -0.057616233913013876 0.03839404506510098 0.9976002540563128 -0.0627125817420683 0.04298554400077682 0.9971054984795751 -0.0679809384349374 0.04796877025694152 0.9965327837505106 -0.07338680114123909 0.053354290872351606 0.9958753421306126 -0.07888992816834775 0.05914956978449987 0.9951269806551833 -0.08444417215827668 0.06535871032447663 0.9942823647099573 -0.08999803616946861 0.07198180647155908 0.9933372906635138 -0.09549468736899161 0.07901473136413638 0.9922889886075286 -0.1008727835090943 0.08644874206394504 0.9911363662698937 -0.10606691971268196 0.09427040000259974 0.9898802453963881 -0.11100845375059414 0.10246109698609916 0.9885235691678309 -0.11562661227690349 0.11099704476645911 0.9870714982140246 -0.11984941130613024 0.11984941130613024 0.9855314491273974 -0.12360469250798704 0.128984263886043 0.9839130752560318 -0.12682145440516335 0.1383626187159774 0.9822281325866289 -0.12943110253003368 0.147940807818883 0.9804902381358809 -0.13136845028405936 0.15767080947086756 0.978714588688023 -0.1325734090082137 0.1675001905001165 0.9769175898745839 -0.13299169553890985 0.17737312532277696 0.9751163947606032 -0.13257582849834304 0.18723070961001867 0.9733284702899154 -0.13128659714081212 0.19701109836241268 0.9715711278816502 -0.1290939806920898 0.20665016767619457 0.969861047959176 -0.12597732537230144 0.21608254476126884 0.9682138438080379 -0.12192659976782097 0.22524180660376478 0.966643694867416 -0.11694271701574689 0.2340611906534812 0.9651630742868533 -0.1110377067032444 0.2424744348002433 0.9637825357197476 -0.10423541084159703 0.2504161658840999 0.9625106352610295 -0.09657104017176324 0.2578231567500756 0.9613538651524577 -0.08809134473163542 0.2646347953060962 0.9603167915311451 -0.07885426699589602 0.27079371441760913 0.9594022976877083 -0.06892824255224501 0.2762471687303347 0.9586117040528626 -0.05839141071011454 0.280947349170414 0.9579452124988153 -0.04733136492462119 0.2848520094281572 0.9574022532974911 -0.035843078283845003 0.28792598373274736 0.9569816621182812 -0.024027916724454184 0.2901410460040172 0.9566822004414932 -0.01199270432920936 0.29147647785142317 0.9565028164632873 -0.005933701338933529 0.290353276846697 0.956901126456023 -0.013818658033191416 0.006142283472946083 0.9998856519842155 -0.01449720158367626 0.006798819377759487 0.9998717953824434 -0.016581466831126795 0.007938514606357057 0.9998310031918258 -0.018896432916371594 0.009239569435373175 0.999778753114751 -0.02145582630353956 0.010719387776037086 0.9997123297445818 -0.02427221798200481 0.012396303302938378 0.9996285265530669 -0.027356564289113146 0.014289496269495073 0.999523600865262 -0.03071776977867924 0.016418831189192594 0.9993932362199601 -0.0343622215169321 0.018804679530837195 0.9992325163645165 -0.03829324969589478 0.021467714783597387 0.9990359173972164 -0.04251068305037203 0.024428627650572923 0.998797318767777 -0.04701026667977212 0.027707847427406604 0.9985100450259058 -0.051783180056600514 0.031325200689036374 0.9981669369724772 -0.05681558659469903 0.0352995260778278 0.9977604585162619 -0.062088277291809296 0.03964826926457323 0.9972828388011393 -0.06757611668244534 0.044387120870946595 0.9967262673146066 -0.07324798679593862 0.04952944216829214 0.9960831123901457 -0.07906651203984123 0.05508589000984148 0.9953461867087637 -0.08498806612713984 0.06106395720167544 0.9945090355280041 -0.09096284782106254 0.06746751345265557 0.9935662509087142 -0.09693506261662359 0.0742964202223605 0.9925137961648964 -0.10284349527767223 0.08154609425102004 0.9913493077576013 -0.10862189500277238 0.08920728066831857 0.9900723938186391 -0.11420003063761623 0.09726565848871872 0.9886848560998208 -0.11950399302651131 0.10570196249802082 0.9871909089810271 -0.12445776477229907 0.11449161284773056 0.9855972480559229 -0.128984263886043 0.12360469250798704 0.9839130752560318 -0.13300619919073792 0.13300619919073794 0.9821500404488449 -0.1364477386342034 0.1426561652460996 0.9803220048223388 -0.1392355919626342 0.15250983097893459 0.97844478709102 -0.1413004964366857 0.1625179148938141 0.9765357633211971 -0.14257804684768274 0.17262725111237284 0.9746134273292595 -0.14301078789762706 0.18278060977426558 0.9726968506351028 -0.14254837476771517 0.19291772773506988 0.9708051870363181 -0.141148898937572 0.20297573187354565 0.9689570891422952 -0.13878044056026287 0.21288940157977898 0.9671701463614885 -0.13542122847896831 0.22259184383867553 0.9654604921661714 -0.1310603526623769 0.23201517922555986 0.9638423836753314 -0.1256988265461297 0.24109092963710663 0.962327890405158 -0.11934933603173506 0.24975108935428048 0.960926703424946 -0.11203705319948268 0.2579285844448867 0.959646051435962 -0.10379961600578634 0.26555800248227845 0.9584907860979538 -0.09468679334536292 0.2725766509783579 0.9574635139301106 -0.08476007248505696 0.2789251949863109 0.9565649302134049 -0.07409308492800903 0.2845483312065113 0.9557941525105917 -0.06276917528085396 0.28939638242300914 0.9551490797121864 -0.050882186811243846 0.2934252751771941 0.9546269485786024 -0.03853453711966637 0.29659780303141997 0.9542247286074218 -0.025834941657548294 0.2988844658320824 0.9539395326087613 -0.012898054293760456 0.3002635488564036 0.9537690713289005 -0.006385098368837168 0.2993447070309723 0.9541236696002052 -0.014833484560162834 0.006307256502133193 0.9998700846866155 -0.015576894274877962 0.006987115431085698 0.9998542596712292 -0.017816321472494175 0.008158353415799544 0.9998079915457425 -0.020303582236031136 0.009495396580203699 0.999748769437687 -0.023053411469706023 0.011016116264783377 0.999673539412767 -0.026079266319669316 0.012739350582575054 0.9995787016613359 -0.02939289090093487 0.01468477574405806 0.9994600618963384 -0.03300379091602995 0.016872776015940595 0.9993127934809435 -0.03691876496879242 0.01932424233640124 0.9991314120030974 -0.04114131243081004 0.02206036021609538 0.9989097721609328 -0.04567111272689139 0.025102323570771246 0.998641088086023 -0.050503496455702235 0.028471019618704095 0.9983179843554959 -0.05562882214734849 0.03218671563426798 0.9979325876446652 -0.061032034997787636 0.03626864232253756 0.9974766545078179 -0.06669228747869202 0.040734560490732936 0.9969417407113047 -0.07258242029570632 0.045600337216414696 0.9963194274477271 -0.07866870782697888 0.05087951961867241 0.9956015814030262 -0.08491079954403545 0.056582792643665565 0.9947806510469717 -0.0912615785847757 0.06271756427404869 0.9938500044804273 -0.0976674185647834 0.06928746472326723 0.9928042720411276 -0.10406820747539793 0.07629208262068293 0.9916397159867371 -0.11039812813499832 0.08372642555114743 0.9903545521522666 -0.11658598060680854 0.0915807343420638 0.9889492799043423 -0.12255639546340195 0.09984009152391038 0.9874269016264017 -0.12823041126521653 0.10848440218082213 0.9857931304843948 -0.1335266266264482 0.11748840626368347 0.9840564589368745 -0.13836261871597744 0.12682145440516338 0.9822281325866289 -0.1426561652460996 0.1364477386342034 0.9803220048223388 -0.14632647797474693 0.14632647797474696 0.9783542935394169 -0.14929564122664138 0.15641213404546755 0.9763432059650278 -0.15149003543544592 0.1666546628596742 0.974308468869534 -0.15284155949974104 0.17699994848687284 0.9722707832313647 -0.15328901068784756 0.18739034979542035 0.9702511716075848 -0.15277906012614156 0.19776472101515397 0.9682704549395128 -0.15126751753844056 0.20805915486226909 0.9663485531710366 -0.14872033746331148 0.21820763668000367 0.9645038561453896 -0.1451142709500825 0.22814228156642635 0.9627527967906878 -0.14043765411676798 0.23779396518624848 0.9611094086664536 -0.13469110680532284 0.24709300337667675 0.9595849902066261 -0.12788812941118124 0.25596965006877703 0.9581879589096165 -0.12005509824163829 0.2643550617353242 0.9569238082110317 -0.1112316632029027 0.27218203334023666 0.9557951965917647 -0.10147066781271888 0.2793856966283033 0.954802249731932 -0.09083719017755165 0.2859045910125206 0.9539429593631952 -0.07940963351406585 0.29168128470672716 0.9532135848051028 -0.0672773296109164 0.29666378197992865 0.9526092385557625 -0.05454003554345171 0.3008061529336707 0.952124489171539 -0.0413077884479983 0.3040691349985154 0.9517539743835012 -0.027697311983257436 0.30642151947400986 0.951492885581464 -0.013831603688410857 0.3078406677520257 0.9513373797015409 -0.0068506869633114245 0.3071475734275607 0.9516372398270739 -0.015871981469696202 0.006442418452571051 0.9998532769605286 -0.01668356210664512 0.007142874557825841 0.9998353054871012 -0.01908200738016103 0.008340199296683976 0.9997831355199162 -0.021745841274096036 0.009706998412167699 0.999716406071796 -0.02469081874419836 0.011261530060208762 0.9996317028838392 -0.02793131393229963 0.013023032194010374 0.9995250083587148 -0.03147985125671286 0.015011599198407291 0.9993916503825523 -0.035346558321818794 0.017248031868160908 0.9992262637718633 -0.03953862430275461 0.01975364288123605 0.9990227678992938 -0.04405972030917408 0.02255001382352882 0.9987743678743644 -0.04890936006462182 0.02565874729880641 0.9984735866236649 -0.054082399363790834 0.029101090533447026 0.9981123286528523 -0.059568338631935336 0.03289762046774677 0.997681993222385 -0.06535089837487419 0.037067833020401314 0.9971736237169375 -0.07140746475614936 0.041629751452422134 0.9965781142344582 -0.07770873539837825 0.0465993469422154 0.9958864660729876 -0.08421837719028832 0.05199019181901628 0.995090088835205 -0.09089291055737946 0.057812964724349734 0.9941811403965524 -0.09768166937501249 0.06407495743297599 0.9931529042892001 -0.10452698725358854 0.07077963343905966 0.9920001776340166 -0.11136443228770622 0.07792617121987581 0.9907196753170129 -0.11812344566746216 0.08550915097080387 0.9893103844011234 -0.12472790697590497 0.09351835980556218 0.9877738939659659 -0.13109714893546104 0.10193845696169795 0.9861146426928572 -0.13714696709891913 0.11074876480920845 0.9843400939252666 -0.1427907919505218 0.11992333858718185 0.9824607791643628 -0.14794080781888302 0.12943110253003368 0.9804902381358809 -0.15250983097893456 0.1392355919626342 0.97844478709102 -0.15641213404546755 0.14929564122664138 0.9763432059650278 -0.1595651977014157 0.15956519770141567 0.9742062899432626 -0.1618910994467638 0.16999382158229734 0.9720562599684054 -0.16331800718211903 0.1805270914389063 0.9699160777029475 -0.1637810996797288 0.1911068562280943 0.9678088245569542 -0.16322407108585557 0.20167170642909016 0.9657569184034555 -0.16160000630644747 0.21215746844680336 0.9637814308981055 -0.15887289755637124 0.22249734785941455 0.961901415227969 -0.1550178860363673 0.2326227830206024 0.9601333739791393 -0.1500222518685112 0.24246379009757618 0.9584908108249235 -0.14388636222786744 0.25194961463150994 0.9569838590341347 -0.13662375723559542 0.26100934759947286 0.9556192073334058 -0.1282621304175791 0.26957254184740714 0.9544000579330828 -0.11884273518955472 0.27757015603090346 0.9533263936205927 -0.10842139933305729 0.2849349159867986 0.952395345336304 -0.09706720883978935 0.2916034095914809 0.9516014966795059 -0.08486246271663071 0.29751615840438456 0.9509376940209939 -0.07190314868977489 0.3026182630362388 0.9503957723419364 -0.058295139391946964 0.3068622361892969 0.949966970333273 -0.04415566303858827 0.31020685310478463 0.9496430833257562 -0.029610274205931632 0.3126189392417803 0.9494169950494848 -0.014791048821659186 0.3140746021997976 0.9492830816609943 -0.007329718822734912 0.3136278093703807 0.9495177051595803 -0.016928939925960555 0.006544326558541788 0.9998352778247416 -0.01781179905270143 0.0072622433748827046 0.9998149827021349 -0.020372350291140966 0.008479549429368861 0.9997565026470646 -0.023216166091524073 0.009869141343343654 0.9996817542003834 -0.026360048904924178 0.011449558925578718 0.9995869424027807 -0.029819296741846805 0.01324034197640593 0.9994676097233816 -0.03360722872152022 0.015261888583394796 0.9993185823022244 -0.03773458849330045 0.01753531733036006 0.9991339317015335 -0.04220895650413145 0.02008225101757951 0.9989069562200973 -0.04703413535430289 0.022924562673929054 0.9986301890778599 -0.052209495633088146 0.026084106366453752 0.998295441220084 -0.05772934503288919 0.02958240369750546 0.9978938841948835 -0.06358230787732405 0.03344024785324248 0.9974161819163087 -0.06975077471171444 0.037677282054323316 0.9968526730887142 -0.0762104010994217 0.0423115952765978 0.9961936075228623 -0.08292957889121486 0.04735927052878067 0.9954294472437047 -0.08986929573061611 0.0528338408589418 0.9945512027768983 -0.09698291053224521 0.05874586301333399 0.993550823382233 -0.10421606650070148 0.06510243224879259 0.992421626526958 -0.11150708562799397 0.07190672207754165 0.9911587124042317 -0.11878700543266225 0.07915772118864718 0.989759416482895 -0.12598043579045418 0.08684964505425971 0.9882236937819273 -0.13300641678337727 0.09497175417165579 0.986554437932345 -0.1397789950271458 0.10350836371524413 0.9847577626960825 -0.1462086348871209 0.11243844442393293 0.9828431366703289 -0.1522035003808337 0.12173563332775585 0.9808233939145782 -0.1576708094708676 0.13136845028405936 0.978714588688023 -0.16251791489381406 0.14130049643668569 0.9765357633211972 -0.1666546628596742 0.15149003543544595 0.974308468869534 -0.16999382158229734 0.16189109944676378 0.9720562599684054 -0.1724533440755779 0.1724533440755779 0.9698039431938296 -0.1739575053157832 0.18312233012699375 0.9675768695835848 -0.1744379037279472 0.19384002271964088 0.9654001571032856 -0.173835311729104 0.2045448479803919 0.9632978197632982 -0.17210015563256958 0.2151727361357521 0.9612919588008106 -0.16919392722192456 0.22565693996313801 0.9594020848620743 -0.16509021026500678 0.2359283966067992 0.9576445134543405 -0.1597749496740271 0.24591669006534972 0.9560318755166927 -0.15324804501087796 0.255550148611622 0.9545727621532691 -0.14552289928556061 0.2647568715639767 0.9532716741533761 -0.13662806531837754 0.27346479578045535 0.9521290759325183 -0.126606456732471 0.28160324325919 0.9511416395571979 -0.11551600340854125 0.28910351315331356 0.9503026947446428 -0.10342996300440499 0.29589920021388255 0.9496030255141841 -0.09043518528341875 0.301928651593443 0.949031383363964 -0.07663265303519426 0.3071351219563681 0.9485754863739809 -0.06213639373940379 0.31146769649134526 0.9482230447607973 -0.04707038733997885 0.31488384916612655 0.9479623094669897 -0.031568981957775744 0.3173487845235924 0.9477832813146412 -0.01577391638476324 0.31883700764997347 0.947678292520567 -0.007821022283463602 0.31865608652292315 0.9478381349852605 -0.01799861816128712 0.006609742344261439 0.9998161636273073 -0.018955612922648326 0.00734159034079588 0.9997933715473386 -0.021680496010868 0.0085721592718899 0.9997282001514912 -0.024706755459056623 0.009976873045743564 0.9996449560913693 -0.02805223619810216 0.011574457023403028 0.9995394459394282 -0.03173318783717357 0.013384635505410808 0.9994067521895565 -0.03576370731208251 0.015428013891983922 0.9992411789085978 -0.04015516553776529 0.01772588113079814 0.9990362134671452 -0.044915529687702155 0.020300039983455313 0.9987845130805458 -0.05004870820398271 0.02317255198449968 0.998477921459277 -0.055553884011345055 0.026365427189769353 0.998107524378188 -0.06142482026204886 0.02990028451950466 0.9976637531961496 -0.06764922782754766 0.033797979344051134 0.9971365395805107 -0.07420809720550871 0.03807826793713933 0.9965155311484338 -0.08107523251504344 0.042759208060103034 0.9957903678981357 -0.08821683597152799 0.047856766105023624 0.994951013763563 -0.09559100481491474 0.05338445888469767 0.9939881585552531 -0.1031478990667568 0.059352605342743135 0.9928936393980691 -0.110829423965362 0.06576815198858833 0.9916609243927644 -0.11856973996707476 0.07263400863271396 0.990285573738244 -0.12629550805787618 0.07994870464569066 0.9887657201126459 -0.1339264756827294 0.0877062749375048 0.9871024812286666 -0.14137656716789967 0.09589575902649737 0.9853002941522714 -0.14855482110706217 0.10450103193860925 0.9833671742790759 -0.15536635677344368 0.1135008975094238 0.9813148533714866 -0.16171404521471183 0.12286890856855973 0.979158719967026 -0.16750019050011647 0.13257340900821366 0.9769175898745838 -0.17262725111237284 0.14257804684768274 0.9746134273292594 -0.17699994848687284 0.15284155949974104 0.9722707832313647 -0.1805270914389063 0.163318007182119 0.9699160777029475 -0.18312233012699375 0.1739575053157832 0.9675768695835848 -0.18470607944509038 0.18470607944509038 0.9652809582872999 -0.18520654999349212 0.19550613693561922 0.963055493863162 -0.18456114951418012 0.20629692607400596 0.9609259911056733 -0.18271787432445497 0.21701445178338985 0.9589154843465131 -0.17963568392703697 0.2275922197535203 0.9570437829941381 -0.1752860645784129 0.2379615323106947 0.9553267005087626 -0.16965363635438285 0.24805171578936047 0.953775649702638 -0.16273714446049375 0.2577906901635467 0.952397281536359 -0.1545498913793702 0.26710541861718157 0.9511934747568263 -0.14512053029788652 0.2759229336782493 0.950161337014114 -0.13449354424056845 0.28417067557487896 0.9492936920157676 -0.12272933950894964 0.29177766916311454 0.9485796229107164 -0.10990393163942636 0.29867621923317467 0.9480050853633503 -0.09610911745780631 0.30480158793993883 0.9475542356671587 -0.08145170692762452 0.3100945824603751 0.9472100977963135 -0.06605198850037587 0.3145025222353285 0.9469558058973834 -0.05004306360572115 0.3179796924332536 0.94677590114293 -0.033567573839940044 0.3204899560314733 0.9466569632498587 -0.016777272236226194 0.32200620212299824 0.9465888911933387 -0.008322824862900974 0.3221091180741357 0.9466659636005743 -0.019074779016341154 0.006635696197053302 0.99979603937076 -0.020108479102344878 0.007377555438856356 0.999770584056131 -0.022998964325768888 0.008614125767471429 0.9996983767503098 -0.02620907894952348 0.010025654078743215 0.9996062076842616 -0.029757702830103056 0.011630953154374303 0.9994894697049069 -0.03366203383850072 0.013449821286538164 0.9993427689162593 -0.0379369583506202 0.015502929733409545 0.9991598702714117 -0.04259444113045742 0.01781164366452855 0.9989336609278675 -0.04764282175616617 0.020397807242509426 0.9986561425209418 -0.05308613866281568 0.023283492664092343 0.9983184566315668 -0.05892334556694737 0.02649073846155484 0.9979109580132687 -0.06514761826663192 0.030041173948930043 0.9974233382581117 -0.0717456735760813 0.03395562616266134 0.9968448092732469 -0.07869717225609082 0.03825368761520528 0.9961643491225398 -0.08597396828507818 0.04295337343990075 0.9953710285554069 -0.09353993752564065 0.04807050077305515 0.9944543765518491 -0.10135041045727408 0.053618324235294154 0.9934048367137847 -0.10935213980267215 0.05960702661464246 0.9922142469742803 -0.11748342051075736 0.06604318819381655 0.9908763511146528 -0.12567416921031202 0.07292952316567276 0.9893873295348619 -0.13384649040622204 0.08026438531773819 0.9877462960980936 -0.1419154962219541 0.08804139216595983 0.9859557318650549 -0.14979002475003605 0.09624944347579892 0.9840218458530189 -0.15737397894932204 0.1048722932277876 0.9819548018431415 -0.1645674219004048 0.1138886516855393 0.9797688189906352 -0.17126806925298166 0.12327224711138061 0.9774820722378834 -0.17737312532277696 0.13299169553890985 0.9751163947606032 -0.18278060977426558 0.14301078789762706 0.9726968506351028 -0.18739034979542032 0.15328901068784756 0.9702511716075848 -0.1911068562280943 0.16378109967972881 0.9678088245569542 -0.19384002271964085 0.1744379037279472 0.9654001571032856 -0.19550613693561922 0.18520654999349212 0.963055493863162 -0.19603022829628483 0.19603022829628483 0.9608039858307275 -0.19534653086830625 0.2068491420737398 0.958672605898946 -0.19339999206386566 0.21760034209539672 0.9566851802916481 -0.19014706285044172 0.22821808500245588 0.9548615607338908 -0.18555699298940947 0.23863396023515096 0.9532168878986652 -0.17961273800829303 0.24877735762010453 0.9517610470494802 -0.17231155949898352 0.2585762342063281 0.9504983206543304 -0.16366583515572733 0.2679570372611949 0.9494274698917137 -0.1537047353504849 0.2768454631352269 0.9485417459828952 -0.14247317109987825 0.28516795008260887 0.9478294338974853 -0.1300335278169464 0.2928516585363029 0.9472746105201046 -0.11646545380546626 0.29982597388828536 0.946858058766903 -0.10186440121854375 0.3060244659257684 0.9465583289048994 -0.08634337557290797 0.31138509753925103 0.9463530749805523 -0.07002960460878727 0.31585256513025056 0.9462203821409566 -0.05306426701710861 0.31937921879927295 0.9461401049343079 -0.03559992274981648 0.32192638275614643 0.9460951588427827 -0.017798241705399315 0.3234658611009251 0.946072438714094 -0.008833613484201084 0.3238702773995594 0.9460602574307538 -0.020150724993597182 0.006619559354471755 0.9997750395544915 -0.021263360776643783 0.007367148235752673 0.9997467652437565 -0.024319720281673576 0.008601939445369872 0.9996672235515174 -0.027713970793147066 0.010011417406925282 0.9995657593897367 -0.03146604694399684 0.01161434498656087 0.9994373391465077 -0.035594060705361225 0.01343047228639931 0.9992760805986838 -0.04011369976251546 0.015480395959037491 0.9990751965854793 -0.04503751204386946 0.017785412478645152 0.9988269627977926 -0.05037419571772645 0.020367292946253564 0.9985227157074764 -0.0561278599759723 0.023248009205298372 0.9981528907950464 -0.06229723852344757 0.026449441645358788 0.9977071118865504 -0.06887492803275219 0.029993062468998865 0.997174338063417 -0.07584660740798482 0.033899559787848 0.9965430808504414 -0.08319046352443703 0.038188334097562913 0.9958016860386623 -0.0908765517957014 0.04287711007291903 0.9949386944759551 -0.09886625073327013 0.04798153599033783 0.9939432763844998 -0.10711213014781522 0.05351451094665823 0.9928057154818043 -0.11555760965558201 0.059485935921545066 0.9915179586261794 -0.12413716635813127 0.06590218398978959 0.9900741720062946 -0.1327766647975371 0.07276561509055945 0.9884713058787974 -0.14139368128381835 0.08007433979070235 0.986709646755363 -0.14989858768066971 0.08782187393706367 0.9847932432087069 -0.15819537972359324 0.09599697755045697 0.9827302794435945 -0.16618282653989294 0.10458349208809975 0.9805333045572039 -0.17375605915028758 0.11356023079646298 0.9782192524633809 -0.18080799440563672 0.12290122021439288 0.9758092842501677 -0.18723070961001867 0.13257582849834304 0.9733284702899155 -0.1929177277350699 0.14254837476771517 0.970805187036318 -0.19776472101515394 0.1527790601261415 0.9682704549395128 -0.2016717064290902 0.16322407108585557 0.9657569184034555 -0.20454484798039196 0.173835311729104 0.9632978197632981 -0.20629692607400593 0.18456114951418012 0.9609259911056733 -0.20684914207373978 0.19534653086830622 0.958672605898946 -0.2061328203744646 0.2061328203744646 0.9565660043765603 -0.20408986059224643 0.21685844849662994 0.954630683625386 -0.20067379898333543 0.22745874408280967 0.9528864287741046 -0.19585154280862993 0.23786624292381417 0.9513473727597025 -0.18960357161837624 0.24801128652772533 0.95002151943228 -0.18192565487248005 0.25782143459991197 0.9489105142003974 -0.17282916166642703 0.26722289295394863 0.9480094969772205 -0.1623422864447844 0.2761410091245094 0.9473073023636929 -0.15051120399008194 0.2845004160800177 0.9467871411905384 -0.13739896799631449 0.2922269938390578 0.9464274444802069 -0.12308827945986048 0.2992479167988187 0.9462029167949011 -0.10767917555197856 0.3054940524015489 0.9460859258543728 -0.0912896414913014 0.31090122341249904 0.9460479008152818 -0.07405473976477728 0.31541126287161 0.9460611136560403 -0.05612345106850129 0.31897420550440414 0.9461002137527481 -0.03765877980065137 0.3215490945075212 0.9461437502437563 -0.018833362003016253 0.32310609327636536 0.9461753309843519 -0.009352381377541796 0.32382766079428993 0.9460698595067212 -0.02121938293320991 0.006559108395299505 0.9997533275188397 -0.02241278870300818 0.007307827259292911 0.9997220926654081 -0.0256342181128727 0.00853263948134489 0.999634973840563 -0.029211708766182586 0.009930698555891338 0.9995239153202647 -0.03316622059463502 0.01152060553019138 0.9993834486620667 -0.037516781886848496 0.013321924802578287 0.9992071944278669 -0.042279849447421865 0.0153550539635955 0.9989878060559491 -0.04746855935082858 0.01764106988841677 0.9987169411431593 -0.05309196057492251 0.020201503518629853 0.9983852678089243 -0.05915419264514243 0.023058090586131876 0.9979825178584157 -0.06565374800087258 0.026232441820727807 0.9974975911597782 -0.07258260555084266 0.029745733629164453 0.996918731242579 -0.07992543479908368 0.03361831529804804 0.9962337746476468 -0.08765890711867977 0.037869293576070606 0.995430476028742 -0.09575119443843516 0.04251603567642591 0.9944969057136245 -0.1041613178329092 0.04757379624355656 0.9934219414620801 -0.11283890272127929 0.05305522257750991 0.9921958100042092 -0.12172407904644088 0.058969817737884574 0.9908106828129462 -0.13074768926356625 0.06532356107468087 0.9892612769742685 -0.1398314048544887 0.07211867596176258 0.9875454798610251 -0.14888840825868244 0.07935306792825897 0.9856649189742775 -0.1578244043784822 0.0870201119540745 0.9836254152359412 -0.16653870202027185 0.0951085733157769 0.9814373235266941 -0.17492512008809055 0.10360253268512007 0.9791157835431905 -0.18287394725846892 0.11248123801839115 0.9766806491929472 -0.19027343407526795 0.12171925137649658 0.9741562729508803 -0.19701109836241268 0.13128659714081212 0.9715711278816502 -0.20297573187354565 0.141148898937572 0.9689570891422952 -0.20805915486226909 0.15126751753844053 0.9663485531710366 -0.2121574684468034 0.1616000063064475 0.9637814308981055 -0.21517273613575216 0.17210015563256958 0.9612919588008106 -0.21701445178338985 0.18271787432445497 0.9589154843465129 -0.21760034209539672 0.19339999206386566 0.9566851802916481 -0.21685844849662994 0.20408986059224646 0.9546306836253862 -0.21472752801373524 0.21472752801373526 0.952777086954877 -0.21115804052039958 0.22524996325473634 0.9511439091837391 -0.2061142402161191 0.2355910085470005 0.9497440690375166 -0.19957420797179323 0.24568184555908185 0.9485834524569332 -0.19153095956893343 0.2554510378171085 0.9476606242768378 -0.18199459107069677 0.26482458303213297 0.9469666884547031 -0.1709922773652883 0.2737272672375809 0.946485617562189 -0.15857013136892678 0.2820826370827403 0.9461949583960424 -0.14479240581792713 0.2898150607065879 0.946066799864097 -0.12974374377711503 0.29685000766664066 0.9460690428816566 -0.11352860475760966 0.3031158074685115 0.9461670376653916 -0.09627048154333964 0.30854574120590617 0.9463252717576085 -0.07811116541844258 0.3130790444473697 0.946509459944746 -0.05920890868655178 0.3166631825325926 0.9466882982061612 -0.03973654830656271 0.31925536368539315 0.9468352652319133 -0.019878584692531672 0.3208237695145181 0.9469302776789414 -0.00987674386959237 0.32187710977886946 0.9467299383303225 -0.022273366311238028 0.006452552449326342 0.9997310947049983 -0.023548940946850977 0.0071975197392730285 0.9996967755724154 -0.026933512131414428 0.008403815987044193 0.9996019016594171 -0.030692084315767667 0.009780712282041268 0.9994810321499902 -0.03484663979911427 0.011346506793913596 0.999328258620903 -0.039417098785541796 0.013120451517062835 0.9991367003945553 -0.04442066832446063 0.01512261177413075 0.9988984487117484 -0.04987104412378481 0.017373698005079874 0.998604543137889 -0.055777597561595234 0.019894843416080388 0.998244987373193 -0.062144526899945936 0.022707384675763553 0.9978088155842124 -0.0689700202933006 0.02583252501827212 0.9972842207474869 -0.07624543812598096 0.029291000609838084 0.9966587532592346 -0.08395438911929473 0.03310270640741993 0.9959196109004532 -0.09207210598043096 0.03728626552258399 0.9950539993908408 -0.10056479310135799 0.04185866712324255 0.9940495834590679 -0.10938906931776646 0.046834659519583315 0.992895032811363 -0.11849184247813434 0.0522263845126978 0.9915806008726012 -0.12780981742796246 0.058043126820707024 0.9900988061794168 -0.13727020847091542 0.06429049186418365 0.9884450528593953 -0.14679069594309305 0.07097035907398859 0.9866183151135254 -0.15628020047868013 0.07808049527844318 0.9846217218787205 -0.1656397624519599 0.08561443368669897 0.9824630465515557 -0.17476418578898847 0.09356099401895579 0.9801549978262095 -0.18354258520027192 0.10190458781111555 0.9777154874507448 -0.19186071036627014 0.11062502823359867 0.9751674578994449 -0.19960218003169788 0.1196978341445664 0.9725386358534521 -0.20665016767619454 0.12909398069208974 0.9698610479591759 -0.21288940157977898 0.13878044056026284 0.9671701463614885 -0.2182076366800037 0.1487203374633115 0.9645038561453896 -0.22249734785941455 0.15887289755637127 0.961901415227969 -0.22565693996313804 0.16919392722192458 0.9594020848620743 -0.22759221975352031 0.17963568392703694 0.9570437829941383 -0.2282180850024559 0.19014706285044175 0.954861560733891 -0.22745874408280964 0.20067379898333543 0.9528864287741046 -0.22524996325473637 0.21115804052039958 0.9511439091837391 -0.2215389402905331 0.2215389402905331 0.9496530923815788 -0.21628675864948677 0.23175214857433063 0.9484255266830813 -0.2094686148803628 0.24173005113976379 0.9474647654430584 -0.20107487221896042 0.2514019687744627 0.9467660459999888 -0.19111322095861477 0.2606947208471843 0.9463160144989793 -0.17960971454964408 0.2695327750590854 0.9460932478399494 -0.16660912882811305 0.2778394239304244 0.946069052818634 -0.15217712999449123 0.28553708162626595 0.9462085901760747 -0.1363999306670469 0.2925497122634944 0.9464722525085304 -0.1193855486292279 0.29880378726765666 0.9468175048513854 -0.10126284406329458 0.30422972558311484 0.9472011985232259 -0.08218065971509095 0.3087643182311142 0.9475816244292982 -0.062306745478381435 0.31235256835237313 0.9479207469570272 -0.041824190389396755 0.31494978342883695 0.9481863588010534 -0.020929562820530254 0.31652241313135404 0.9483541086459455 -0.010404062419674884 0.31792070708956166 0.9480602193367469 -0.023305054841158676 0.006298634847814611 0.9997085583398316 -0.02466370764173582 0.007034738119980593 0.9996710528893723 -0.02820833523324563 0.008213717729170336 0.9995683191580426 -0.032144546947679875 0.009559414204606403 0.9994375146559155 -0.0364953241341698 0.01108969113487397 0.9992722902526993 -0.04128146291704148 0.012823339977562773 0.999065264520416 -0.046520898017552485 0.014779941955518088 0.9988079692130175 -0.05222784555565766 0.01697969835199398 0.9984908322025243 -0.05841198536531507 0.019443216411697738 0.9981032017287842 -0.06507754873637497 0.02219125370468672 0.9976334301282607 -0.07222244392455783 0.02524445157474736 0.9970690228154991 -0.07983734211127522 0.02862298057666326 0.9963968706231042 -0.08790483365185912 0.03234612613764298 0.9956035698733341 -0.09639866222880991 0.03643196258278287 0.9946758316269992 -0.10528315519774642 0.040896825033514224 0.9936009797367278 -0.11451253984667509 0.04575501785682954 0.9923675511416045 -0.12403085033573387 0.05101821861545123 0.9909659376256587 -0.1337718165782856 0.05669507820815113 0.9893890888807685 -0.14365879682901955 0.06279108389168969 0.9876332466443934 -0.1536056581585743 0.06930783486131352 0.9856985978525628 -0.163517153103507 0.07624295237641533 0.9835899312487151 -0.17329009058716066 0.08358997719836089 0.9813171048220198 -0.18281466533101592 0.09133818605890519 0.9788953641260018 -0.19197570098559016 0.09947251984264872 0.9763455064818218 -0.2006543896438722 0.10797355849704943 0.9736937540018059 -0.20873039178195665 0.11681761319811536 0.9709713017351472 -0.21608254476126887 0.12597732537230147 0.9682138438080379 -0.22259184383867558 0.13542122847896831 0.9654604921661714 -0.22814228156642635 0.1451142709500825 0.9627527967906878 -0.2326227830206024 0.1550178860363673 0.9601333739791393 -0.2359283966067992 0.16509021026500673 0.9576445134543405 -0.2379615323106947 0.1752860645784129 0.9553267005087626 -0.23863396023515096 0.18555699298940947 0.9532168878986652 -0.2378662429238142 0.19585154280862996 0.9513473727597025 -0.2355910085470005 0.2061142402161191 0.9497440690375166 -0.23175214857433063 0.21628675864948677 0.9484255266830813 -0.22630701236310036 0.22630701236310038 0.9474018536558682 -0.21922741328899414 0.23610907103907508 0.9466740980061098 -0.2105007718769886 0.24562375595431005 0.9462337953963014 -0.20013214009423008 0.25477887503826435 0.9460628157450962 -0.18814502151843313 0.2634991525827919 0.9461340536446085 -0.17458358914714872 0.2717071821913655 0.9464120548398185 -0.15951283059513754 0.27932525804344316 0.9468542955991122 -0.14302081819521048 0.2862754645221104 0.947413006019773 -0.12521889709966777 0.29248206755219686 0.9480371659220619 -0.10624072420568877 0.2978737264264168 0.9486749451867541 -0.08624246176692237 0.30238475961960776 0.9492764059736094 -0.06540131064352608 0.30595783491905015 0.9497960158990751 -0.04391129468181107 0.308546153669738 0.9501952795373052 -0.021981226710322238 0.31011446809374726 0.9504450759256117 -0.01093270262983694 0.31186881136732975 0.950062271911445 -0.02430668890150336 0.0060966503166514545 0.999685958553766 -0.025748811514101685 0.006818588523415001 0.9996451898329525 -0.029449203333630894 0.007961326262811102 0.9995345725422166 -0.033558296310483834 0.009265621920469154 0.9993938107668892 -0.03810001620396669 0.010748782167026988 0.9992161189888719 -0.04309601779458715 0.012428995660672643 0.9989936202584657 -0.04856492023187182 0.014325216356655885 0.9987172956844229 -0.05452145509766108 0.016456982822965156 0.9983769722156048 -0.060975579616564204 0.018844215494483226 0.9979613590880269 -0.06793152821668003 0.02150699719193682 0.9974581477665778 -0.07538690348523783 0.024465216612511054 0.9968541859063493 -0.08333172546954856 0.027738282941870203 0.9961357393396266 -0.09174755495859685 0.03134479590755072 0.9952888474853083 -0.10060666223621381 0.03530213228547329 0.9942997832493916 -0.10987145263834365 0.03962597509404909 0.993155600091439 -0.11949395816990081 0.044329897958041195 0.9918447731918133 -0.1294153574135141 0.04942512260496712 0.9903579264695246 -0.13956629696991876 0.05491984022518181 0.9886885555622382 -0.1498667033021708 0.06081905882528944 0.9868338326815437 -0.16022665865044083 0.06712421659986646 0.9847952870538981 -0.17054683455145186 0.07383306789596689 0.9825794905805582 -0.18071999179949721 0.0809392247276604 0.9801985138044614 -0.19063213218250255 0.08843228710948936 0.9776702515552664 -0.20016400736185636 0.09629784175842163 0.9750185105060891 -0.20919248394644854 0.10451762907255908 0.9722728885829152 -0.2175933125198132 0.11306922711004487 0.9694681532816806 -0.22524180660376478 0.12192659976782098 0.966643694867416 -0.23201517922555984 0.13106035266237687 0.9638423836753314 -0.23779396518624854 0.14043765411676806 0.9611094086664538 -0.2424637900975763 0.15002225186851129 0.9584908108249236 -0.24591669006534972 0.1597749496740271 0.9560318755166927 -0.24805171578936047 0.16965363635438285 0.953775649702638 -0.24877735762010453 0.179612738008293 0.9517610470494802 -0.24801128652772533 0.18960357161837624 0.95002151943228 -0.24568184555908187 0.19957420797179318 0.9485834524569332 -0.2417300511397638 0.2094686148803628 0.9474647654430584 -0.23610907103907505 0.2192274132889941 0.9466740980061098 -0.22878718210477442 0.22878718210477444 0.9462097286590926 -0.21974809196896422 0.23808075212821755 0.9460593699879843 -0.2089937940243735 0.2470367207936833 0.9462000066787156 -0.1965448824143327 0.2555810828581699 0.946598341051674 -0.18244333569579516 0.263636879748372 0.9472117107050217 -0.1667543562058184 0.2711251578150636 0.9479895218229683 -0.14956639781994274 0.27796769153160594 0.9488750471520244 -0.13099354980855366 0.2840872908541149 0.9498079285222479 -0.11117480104201849 0.28941031937482986 0.9507270011168435 -0.09027305613758119 0.29386943977706514 0.9515731856776415 -0.06847484890905954 0.2974051564043871 0.9522926903063803 -0.04598583988400129 0.29996844287885216 0.9528400893156206 -0.023027432448214404 0.30152300712506885 0.953180787431796 -0.011459067165751189 0.30364240622563765 0.9527171557819223 -0.025270431604472017 0.005846506835548493 0.9996635552246294 -0.02679586004803778 0.006548859862231656 0.9996194747596663 -0.03064654693607573 0.007646360483119977 0.9995010366839332 -0.034922426165393865 0.008899016870172857 0.999350404837796 -0.03964834291725637 0.010323426031292264 0.9991603653963123 -0.04484677006257844 0.011937029945208552 0.9989225568236215 -0.050536987225682964 0.013758008303019693 0.9986274230811435 -0.05673420926835315 0.01580508491251687 0.9982642079077076 -0.06344862565425974 0.018097346883446087 0.9978210049594896 -0.07068453196589929 0.020653985117599707 0.9972848689514565 -0.07843910540140782 0.023494086827543604 0.9966420293304746 -0.08670178286934706 0.026636161948039513 0.9958781630922301 -0.09545308649641879 0.030097958523526633 0.9949788043827986 -0.10466389001914204 0.03389599199326101 0.9939298425205141 -0.11429473770903084 0.03804519171806008 0.9927181253100802 -0.12429534806110412 0.04255847559085911 0.9913321555390763 -0.13460445040776087 0.047446325773931666 0.9897628443728218 -0.14514944204964522 0.05271655552114758 0.9880043543662459 -0.1558471075719941 0.05837375868275964 0.9860548581892846 -0.1666038005061454 0.06441923455325912 0.983917341993971 -0.17731656794240225 0.07085057994842225 0.9816002394325807 -0.18787420495571322 0.07766185177478685 0.9791179295116446 -0.19815862292835135 0.08484328008166793 0.9764910537143302 -0.2080468456100172 0.0923810411090476 0.9737465036010811 -0.21741210188310378 0.10025795755663022 0.9709172569798848 -0.22612621075892136 0.10845326927534525 0.968041747648985 -0.2340611906534812 0.11694271701574689 0.9651630742868531 -0.24109092963710657 0.12569882654612966 0.9623278904051579 -0.2470930033766768 0.13469110680532284 0.9595849902066261 -0.25194961463150994 0.1438863622278674 0.9569838590341347 -0.255550148611622 0.15324804501087796 0.9545727621532691 -0.2577906901635467 0.16273714446049373 0.952397281536359 -0.258576234206328 0.17231155949898358 0.9504983206543304 -0.25782143459991197 0.18192565487248005 0.9489105142003974 -0.25545103781710843 0.19153095956893343 0.9476606242768378 -0.2514019687744627 0.20107487221896042 0.9467660459999888 -0.24562375595431005 0.2105007718769886 0.9462337953963014 -0.2380807521282176 0.21974809196896422 0.9460593699879843 -0.22875214928463675 0.22875214928463675 0.9462266686134557 -0.2176361249266796 0.2374436142181365 0.9467074770983523 -0.2047503881679583 0.2457494082347955 0.9474621400865145 -0.19013436180627377 0.25359344587509225 0.9484404507768095 -0.1738515992610698 0.26089758788581885 0.9495831032983526 -0.15599162636230313 0.26758246029418215 0.9508239792136902 -0.13667040656581586 0.27357027551827584 0.952092697336761 -0.11603154089555162 0.2787861510777461 0.9533178711660975 -0.09424524441348374 0.2831609862218682 0.9544305578654226 -0.07150679406002804 0.2866338678938739 0.9553678894433567 -0.04803387604519008 0.28915388324906954 0.9560767639442236 -0.02406144714890027 0.290683332147379 0.95651672602877 -0.011980218182077843 0.29317372445014345 0.9559841220775276 -0.026188527553002265 0.00554868567005013 0.9996416223386962 -0.02779650175930152 0.006225997472047692 0.9995942133913257 -0.031790800336542795 0.007269380443726277 0.9994681091070021 -0.03622605069898743 0.008460240464379766 0.9993078092269865 -0.04112796398444361 0.00981434995788402 0.9991056846567326 -0.04651977498123547 0.011348280979217302 0.9988529056144915 -0.052421407012780065 0.013079283056116001 0.9985393975409976 -0.058848496778287115 0.015025126948074726 0.9981538458509941 -0.06581148369111348 0.017203906688896955 0.9976837546081493 -0.07331462890671508 0.019633815377053884 0.9971155792996168 -0.08135483129435941 0.022332893960163077 0.9964349618878446 -0.08992082169258193 0.025318688066356204 0.9956270435563357 -0.0989921846364064 0.028607961168884567 0.994676898263286 -0.10853833956570812 0.032216286823583754 0.9935700980341646 -0.11851815675929189 0.03615768374415156 0.9922933378918947 -0.12887910701702823 0.04044434463008678 0.9908352187735033 -0.13955746572525815 0.04508602002995511 0.9891870220328417 -0.15047776472354263 0.05009003967325187 0.9873436231876611 -0.1615535469659643 0.05546060402632816 0.9853043047017256 -0.17268789895058959 0.06119883421313707 0.9830735436614007 -0.18377415683816614 0.06730256146016034 0.9806617278650791 -0.19469765582136256 0.07376590962864156 0.9780855859250382 -0.2053366852955402 0.08057977888614873 0.9753685174878773 -0.2155644094376568 0.08773156390018469 0.9725405688604574 -0.22525093587707198 0.09520508996526239 0.9696380802810962 -0.23426464722176116 0.10298124687328628 0.9667031280876704 -0.2424744348002433 0.1110377067032444 0.9637825357197476 -0.24975108935428048 0.11934933603173507 0.960926703424946 -0.25596965006877703 0.12788812941118122 0.9581879589096165 -0.26100934759947286 0.13662375723559542 0.9556192073334058 -0.2647568715639767 0.14552289928556061 0.9532716741533761 -0.2671054186171815 0.1545498913793702 0.9511934747568263 -0.26795703726119496 0.16366583515572733 0.9494274698917137 -0.2672228929539487 0.17282916166642706 0.9480094969772203 -0.264824583032133 0.18199459107069677 0.9469666884547031 -0.2606947208471843 0.19111322095861477 0.9463160144989793 -0.25477887503826435 0.20013214009423005 0.9460628157450962 -0.2470367207936833 0.2089937940243735 0.9462000066787156 -0.2374436142181365 0.2176361249266796 0.9467074770983523 -0.22599275516991726 0.22599275516991726 0.9475518715201927 -0.21269839454353404 0.23399264476897896 0.9486869004854139 -0.19759671196910117 0.24156119788548988 0.9500545916394105 -0.18074980064574403 0.24862080516038976 0.9515866775065335 -0.1622466463377612 0.2550931075141896 0.9532069724099291 -0.14220522149164141 0.2608997197873316 0.9548345465029033 -0.12077341377738789 0.2659652512905915 0.9563870908949411 -0.09812807404320159 0.2702197116840975 0.9577850429516713 -0.0744738352405568 0.27360066906938413 0.958955849739365 -0.05003999132741678 0.27605661181288477 0.9598378750301233 -0.02507514273684709 0.2775488722421581 0.9603842255752814 -0.012491648580610354 0.280412617049513 0.9597982719900999 -0.027053342359967716 0.005204352857688364 0.9996204436577351 -0.028742511605542392 0.005851166110936799 0.9995697233718855 -0.03287256755618542 0.006831729789064478 0.9994362019510566 -0.037458457858750634 0.007950876010186762 0.9992665547818134 -0.042526717546790035 0.009223410863691488 0.9990527548566868 -0.0481012965199658 0.010664898992104195 0.9987855251266843 -0.05420271036709714 0.012291519624850963 0.9984542977693933 -0.06084699893064118 0.014119955737524144 0.9980472281265576 -0.06804481385627269 0.016167164853642585 0.9975512648921159 -0.0758003701758418 0.018450198381653682 0.9969523028013342 -0.08411029784062206 0.020985932279000172 0.9962354382592215 -0.09296262889696766 0.023790815605198013 0.9953853257514922 -0.10233605458767522 0.02688044773527697 0.994386631779098 -0.1121986324910015 0.030269407067679843 0.993224662331197 -0.1225075391053499 0.033970727230110964 0.9918860280061458 -0.1332083148836082 0.03799567024340373 0.9903594670061089 -0.14423465796692603 0.042353432622126284 0.9886367129468169 -0.155508614210799 0.047050570059139 0.9867133903841312 -0.16694058147363675 0.052091104472552344 0.9845899446429837 -0.17843058923603608 0.05747597670002946 0.9822723842841449 -0.18986869361206007 0.06320299231787503 0.9797730660454574 -0.2011367981146515 0.06926695087275213 0.9771110878303335 -0.2121099502194957 0.07565931065731214 0.9743125975418482 -0.22265808101868076 0.08236839611462976 0.9714107402528459 -0.23264800549317197 0.08937959729483456 0.9684452452913702 -0.24194542505272296 0.09667531029753786 0.9654617007809951 -0.2504161658840998 0.10423541084159701 0.9625106352610294 -0.25792858444488664 0.11203705319948268 0.959646051435962 -0.2643550617353242 0.12005509824163829 0.9569238082110317 -0.26957254184740714 0.1282621304175791 0.9544000579330828 -0.27346479578045535 0.13662806531837754 0.9521290759325183 -0.2759229336782493 0.14512053029788652 0.950161337014114 -0.2768454631352269 0.1537047353504849 0.9485417459828951 -0.2761410091245094 0.1623422864447844 0.9473073023636929 -0.2737272672375809 0.1709922773652883 0.946485617562189 -0.2695327750590854 0.17960971454964408 0.9460932478399494 -0.26349915258279194 0.18814502151843315 0.9461340536446085 -0.2555810828581699 0.1965448824143327 0.946598341051674 -0.2457494082347955 0.2047503881679583 0.9474621400865145 -0.23399264476897894 0.21269839454353404 0.9486869004854139 -0.22032056138863682 0.22032056138863682 0.9502198169154291 -0.20476598143010444 0.22754455628930678 0.9519949410328127 -0.1873885324058805 0.23429505489306926 0.9539346755283739 -0.1682766737136776 0.24049457376969718 0.955952572605562 -0.14754923597359199 0.2460657143858994 0.9579566207127367 -0.12535844959270495 0.2509329987174091 0.9598530560822328 -0.10188733176129075 0.2550266230683776 0.9615510351265316 -0.07734935294288617 0.2582838809353308 0.962967556280221 -0.05198626191787247 0.2606523213697005 0.9640320513014039 -0.026060152979000432 0.26209296273057386 0.9646907003355123 -0.012989340337481963 0.2653285380002292 0.964070559637757 -0.027857526145940337 0.004815304342057132 0.9996003056627792 -0.029625899854513624 0.0054262546230671675 0.9995463280001463 -0.033882711164187916 0.006335617217722981 0.999405734343482 -0.03860925494724298 0.007373482769319673 0.9992271799667328 -0.04383280753737669 0.008553581923957526 0.9990022628701405 -0.04957801893036969 0.009890320006010953 0.9987212832462912 -0.05586590121735033 0.01139870861611184 0.998373212041999 -0.06271290929505734 0.01309415444622518 0.9979457070036868 -0.07012986362231098 0.01499238564832933 0.9974252005042222 -0.07812091161181332 0.01710916923698575 0.9967970703693703 -0.08668242986558454 0.019460069185273744 0.9960459136304421 -0.09580182450814875 0.022060292432158908 0.9951559445226248 -0.10545683740091054 0.02492422520026154 0.9941114818990697 -0.11561439202336718 0.028065260600051243 0.9928976047430663 -0.12622993943731564 0.03149550234222075 0.9915009005149026 -0.1372471811474102 0.03522519618373515 0.9899102973607797 -0.14859764645472207 0.03926268833029668 0.9881179994176786 -0.16020074494404474 0.04361410985324789 0.9861204443378515 -0.17196429091459237 0.04828295469169586 0.9839192237864249 -0.1837853295173562 0.05327013522927551 0.9815219026322599 -0.19555082610820787 0.05857374833797695 0.9789427922069995 -0.20713980707170082 0.06418877309977822 0.9762033096308596 -0.2184242262825499 0.0701075897448028 0.9733323087378966 -0.22927109121615372 0.07631972471115148 0.9703659445552323 -0.23954436322598577 0.08281192764774718 0.967347239974313 -0.24910727539647692 0.08956834140171932 0.9643251928489107 -0.25782315675007567 0.09657104017176325 0.9613538651524576 -0.2655580024822785 0.1037996160057864 0.9584907860979539 -0.27218203334023666 0.1112316632029027 0.9557951965917647 -0.27757015603090346 0.11884273518955472 0.9533263936205928 -0.28160324325919 0.12660645673247103 0.9511416395571979 -0.28417067557487896 0.13449354424056845 0.9492936920157676 -0.28516795008260887 0.14247317109987825 0.9478294338974853 -0.2845004160800177 0.15051120399008194 0.9467871411905386 -0.28208263708274023 0.15857013136892675 0.9461949583960424 -0.27783942393042443 0.16660912882811305 0.946069052818634 -0.2717071821913655 0.17458358914714872 0.9464120548398185 -0.26363687974837197 0.18244333569579513 0.9472117107050217 -0.25359344587509225 0.19013436180627377 0.9484404507768095 -0.24156119788548996 0.19759671196910122 0.9500545916394106 -0.22754455628930678 0.20476598143010447 0.9519949410328128 -0.21157304975759056 0.21157304975759056 0.9541874497353988 -0.19370300575208935 0.2179452717530044 0.9565453486809263 -0.1740218665224435 0.22380729227714005 0.9589716814878423 -0.15264926855240207 0.22908394862560552 0.9613629623053499 -0.1297400227170289 0.23370144306416418 0.9636135958023382 -0.10548466650733733 0.2375898754356971 0.9656210624371684 -0.0801043911626733 0.24068788553520665 0.9672913874696956 -0.053852680710636674 0.24294292881312335 0.9685445896395167 -0.02700616577070093 0.24431576775715705 0.9693195926192746 -0.013468495173031756 0.24791580580755432 0.9686879543323356 -0.02859406279706095 0.0043839806633240675 0.9995814925689157 -0.03043902082431596 0.00495386572902056 0.9995243494910945 -0.03481250294117847 0.005784073858440665 0.9993771230764543 -0.03966849662947049 0.0067315903759563285 0.9991902201613906 -0.0450349732953679 0.007808951650979584 0.9989548895993244 -0.050937188466080446 0.009029289312333334 0.9986610409772102 -0.057396666717421774 0.010406280873040756 0.9982972162478069 -0.06443016227697149 0.011954005124658133 0.9978506180538461 -0.07204871928766346 0.013686754428889896 0.9973072018200865 -0.08025638139204441 0.015618923853574058 0.9966518762654847 -0.08904921968060268 0.01776466368743635 0.9958687931642141 -0.09841417258642184 0.020137768980989443 0.994941767589741 -0.10832799396685149 0.022751388886635172 0.9938548284467137 -0.1187565522768368 0.02561759119905397 0.9925928774238092 -0.12965389090594476 0.028747298497233342 0.9911425030751432 -0.14096179479611645 0.0321499504748669 0.9894928767264174 -0.15260977576694018 0.035833011324827996 0.9876367002292689 -0.16451508930725156 0.03980187339632063 0.9855712030413482 -0.17658289937257554 0.0440598678726645 0.9832991445598934 -0.18870771894201838 0.0486076486934406 0.9808295944251455 -0.2007738487811969 0.053443463630868965 0.9781787453429567 -0.2126573092006112 0.05856303872012175 0.9753703088260485 -0.22422774253115643 0.06395935479465072 0.972435663894344 -0.2353493150282739 0.06962312972185801 0.9694139052661952 -0.24588379847240482 0.07554264534379755 0.9663511092678702 -0.2556916952981047 0.08170412590994985 0.963299638100665 -0.26463479530609624 0.08809134473163543 0.9603167915311451 -0.2725766509783579 0.09468679334536291 0.9574635139301106 -0.27938569662830326 0.10147066781271886 0.954802249731932 -0.2849349159867986 0.10842139933305729 0.952395345336304 -0.28910351315331356 0.11551600340854125 0.9503026947446428 -0.29177766916311454 0.12272933950894964 0.9485796229107164 -0.2928516585363029 0.1300335278169464 0.9472746105201046 -0.29222699383905787 0.13739896799631449 0.9464274444802069 -0.2898150607065879 0.1447924058179271 0.946066799864097 -0.285537081626266 0.1521771299944912 0.9462085901760746 -0.27932525804344316 0.15951283059513757 0.9468542955991122 -0.27112515781506363 0.16675435620581847 0.9479895218229683 -0.2608975878858188 0.17385159926106974 0.9495831032983526 -0.24862080516038976 0.18074980064574403 0.9515866775065335 -0.23429505489306926 0.1873885324058804 0.9539346755283739 -0.21794527175300438 0.19370300575208937 0.9565453486809263 -0.19962452189179863 0.19962452189179863 0.9593227301168994 -0.17941825554940005 0.20508137032907167 0.962159405254431 -0.15744748110035203 0.2100010098256177 0.9649403435277101 -0.13386876664735053 0.21431284137470136 0.9675480139704796 -0.10887834386943093 0.21794889845955673 0.9698679208513474 -0.08270692782353142 0.22084917587326194 0.9717948371987237 -0.05561726591676898 0.22296321372535555 0.9732389866097663 -0.02790164717249649 0.22425145854633 0.9741318090612302 -0.013923353373628057 0.22820166958010163 0.9735143235883523 -0.029256423343356746 0.003913412157623453 0.9995642785226165 -0.0311747013624458 0.004437273588103393 0.9995041013412935 -0.03565374214463861 0.005180938028591511 0.9993507735286082 -0.04062683501173047 0.006029678450531441 0.9991561956244442 -0.046122619239111616 0.006994698319690424 0.9989112964572682 -0.05216685365688616 0.00808779087215099 0.9986056313772466 -0.05878153221888288 0.009321175308798854 0.9982273524407469 -0.06598370519837811 0.01070743684474757 0.9977632491951732 -0.07378455137135286 0.012259374486947309 0.9971988506391877 -0.08218809314998478 0.013989829533023766 0.996518641077028 -0.09119004003052275 0.01591150107786329 0.9957063827919759 -0.10077691954537617 0.018036641965540726 0.9947455413489179 -0.11092467709288283 0.020376996160573205 0.9936198941442907 -0.1215980263730237 0.022943363027905908 0.9923142254725341 -0.13274982101481353 0.025745389076269772 0.9908151492391739 -0.14432025727713307 0.028791431988305523 0.9891120850457369 -0.15623687698646607 0.032088226873815254 0.987198249575844 -0.16841488892365097 0.03564055193029311 0.9850716604628003 -0.18075741032979706 0.03945120641806007 0.9827361603823405 -0.19315631213003245 0.043520900032040705 0.9802023109260285 -0.20549381233964334 0.047847995873415684 0.9774880369503337 -0.21764326884650612 0.0524288562197339 0.9746192192652975 -0.22947207466515296 0.05725718407629575 0.9716296526045939 -0.2408422263341548 0.06232504352480095 0.968561103371408 -0.25161324097919396 0.06762214365844309 0.965462595158913 -0.26164386172471155 0.07313647188435966 0.9623894981254151 -0.27079371441760913 0.07885426699589602 0.9594022976877083 -0.2789251949863109 0.08476007248505696 0.9565649302134049 -0.2859045910125206 0.09083719017755165 0.9539429593631952 -0.2916034095914809 0.09706720883978935 0.9516014966795059 -0.29589920021388255 0.10342996300440499 0.9496030255141841 -0.29867621923317467 0.10990393163942636 0.9480050853633503 -0.2998259738882853 0.11646545380546625 0.946858058766903 -0.29924791679881874 0.1230882794598605 0.9462029167949011 -0.29685000766664066 0.12974374377711503 0.9460690428816566 -0.2925497122634944 0.13639993066704692 0.9464722525085304 -0.2862754645221104 0.1430208181952105 0.947413006019773 -0.27796769153160594 0.14956639781994274 0.9488750471520244 -0.26758246029418215 0.15599162636230318 0.9508239792136902 -0.25509310751418973 0.16224664633776123 0.9532069724099292 -0.2404945737696972 0.16827667371367766 0.955952572605562 -0.22380729227714008 0.17402186652244353 0.9589716814878423 -0.20508137032907167 0.17941825554940005 0.962159405254431 -0.18439970506717343 0.18439970506717343 0.9653981031379122 -0.1618832917349688 0.18889800103284166 0.9685614823349356 -0.13769149921175203 0.1928460520707127 0.9715201754186888 -0.11202439002486596 0.19618051974821765 0.9741476991251768 -0.08512193983759696 0.19884302805058052 0.9763276630076403 -0.05725762310386615 0.2007856375285732 0.9779604758673738 -0.02873547166788324 0.20197204002729927 0.9789696459621388 -0.014348303015346288 0.20625210667307994 0.97839368083277 -0.02983861507158338 0.003407238698304635 0.9995489221519188 -0.03182633202752909 0.0038804112163677604 0.9994858813402345 -0.036398871182819814 0.004530785480076923 0.9993270706628286 -0.04147568440524577 0.005273059583616272 0.9991255989342602 -0.047085978994076426 0.006117032339057395 0.9988721101810443 -0.05325600620003124 0.007072996920003917 0.998555842463601 -0.06000811973801434 0.00815163937993632 0.9981646038309151 -0.06735965618339383 0.00936396464075425 0.9976848164049916 -0.07532188865169903 0.01072114584288742 0.9971016348004633 -0.0838988220399574 0.012234367323547003 0.9963991709734107 -0.09308591626983076 0.013914719557058829 0.9955608433299565 -0.10286916951161736 0.015772940067950332 0.9945698307939985 -0.11322391488647918 0.017819178002119372 0.9934096949361366 -0.1241138823147493 0.020062899819679136 0.9920651310612556 -0.13549069652924733 0.022512526749418674 0.9905228201779989 -0.14729326891186106 0.025175231899832003 0.9887724210515015 -0.1594474453139829 0.028056863683704143 0.9868076431519359 -0.17186659077366456 0.031161626575644728 0.9846272533324465 -0.18445187648769235 0.03449196276878236 0.9822361272955328 -0.197093136428156 0.03804844953923444 0.9796461662562522 -0.20967045076718988 0.04182964323397096 0.9768769538800689 -0.222055395119736 0.04583235940626259 0.9739562599672908 -0.2341127381764046 0.05005163667909343 0.9709202127308351 -0.24570320545019858 0.054480139794598106 0.967812920558234 -0.2566840960161364 0.05910950087330491 0.9646861363982006 -0.26691276388052004 0.06392937458911323 0.961597946931204 -0.2762471687303347 0.068928242552245 0.9586117040528626 -0.2845483312065113 0.07409308492800905 0.9557941525105917 -0.29168128470672716 0.07940963351406585 0.9532135848051028 -0.29751615840438467 0.08486246271663074 0.950937694020994 -0.301928651593443 0.09043518528341873 0.9490313833639639 -0.3048015879399388 0.09610911745780627 0.9475542356671587 -0.30602446592576843 0.10186440121854375 0.9465583289048994 -0.3054940524015489 0.10767917555197855 0.9460859258543728 -0.3031158074685116 0.11352860475760966 0.9461670376653916 -0.2988037872676567 0.11938554862922789 0.9468175048513854 -0.29248206755219686 0.12521889709966777 0.9480371659220619 -0.2840872908541149 0.13099354980855366 0.9498079285222479 -0.27357027551827584 0.13667040656581586 0.952092697336761 -0.2608997197873316 0.14220522149164141 0.9548345465029033 -0.2460657143858994 0.147549235973592 0.9579566207127369 -0.22908394862560555 0.15264926855240213 0.9613629623053499 -0.21000100982561767 0.157447481100352 0.9649403435277102 -0.1888980010328416 0.16188329173496882 0.9685614823349356 -0.16589485797470493 0.16589485797470493 0.9720893951664658 -0.14115336794711447 0.16942077122616694 0.975383170346053 -0.11487779818732848 0.17240257804593992 0.9783048822155316 -0.08731452420739257 0.17478699478313964 0.9807271181715714 -0.05874842739819233 0.1765285671099598 0.982540730592042 -0.02949533597231017 0.17759340103456167 0.9836618367431248 -0.014736896985159374 0.18217416546681556 0.983155835716657 -0.03033530999059426 0.002869625223162874 0.9995356593032853 -0.0323879582255242 0.0032878281887787947 0.9994699647051845 -0.03704108374511362 0.0038389342138710684 0.9993063697881092 -0.04220730171286414 0.004467923790732827 0.9990988846651364 -0.04791629664872374 0.005183096694523657 0.9988379067817394 -0.054194731599624006 0.005993168316157344 0.9985124000233442 -0.06106528732413913 0.006907193769960866 0.9981098743917147 -0.06854554067936644 0.007934485421343028 0.9976164357076681 -0.07664685726106957 0.009084521406290545 0.9970169159762635 -0.08537315403034437 0.010366778990331966 0.9962951141425299 -0.09471973920940244 0.01179059065213632 0.9954341530087144 -0.10467216058419698 0.013365054543761438 0.9944169719567735 -0.11520514502409356 0.015098779772710453 0.993226963694277 -0.12628166508435568 0.016999703435525933 0.9918487541690147 -0.13785226778262372 0.019074988599009447 0.9902691033638965 -0.14985460614745172 0.021330674536237697 0.9884779205122497 -0.16221324194253164 0.023771637406804675 0.9864693474170868 -0.17483993653129604 0.026401462433584367 0.984242835572147 -0.1876341647644284 0.02922220570790661 0.9818041978453341 -0.2004840688348516 0.03223433314117362 0.9791665261386167 -0.21326776684039828 0.03543679641203867 0.9763509067374092 -0.22585542241573514 0.03882675390456085 0.9733867737680868 -0.2381099519571808 0.04240007282609703 0.97031226138975 -0.24989026157649183 0.04615094002807201 0.967173690659417 -0.26105263678403484 0.05007222814394239 0.9640250478057112 -0.27145261042646013 0.054155630991201305 0.9609269732527054 -0.280947349170414 0.05839141071011454 0.9579452124988153 -0.28939638242300914 0.06276917528085396 0.9551490797121864 -0.29666378197992865 0.0672773296109164 0.9526092385557625 -0.30261826303623884 0.07190314868977492 0.9503957723419364 -0.3071351219563681 0.07663265303519425 0.9485754863739809 -0.310094582460375 0.08145170692762452 0.9472100977963135 -0.31138509753925103 0.08634337557290797 0.9463530749805523 -0.31090122341249904 0.0912896414913014 0.9460479008152818 -0.30854574120590617 0.09627048154333964 0.9463252717576085 -0.30422972558311484 0.10126284406329461 0.9472011985232259 -0.2978737264264168 0.10624072420568875 0.9486749451867541 -0.28941031937482986 0.11117480104201849 0.9507270011168435 -0.2787861510777461 0.11603154089555162 0.9533178711660975 -0.2659652512905915 0.12077341377738789 0.9563870908949411 -0.2509329987174091 0.12535844959270495 0.9598530560822328 -0.23370144306416418 0.1297400227170289 0.9636135958023382 -0.21431284137470136 0.13386876664735053 0.9675480139704796 -0.19284605207071273 0.13769149921175206 0.9715201754186888 -0.16942077122616694 0.14115336794711447 0.975383170346053 -0.14420002230956003 0.14420002230956003 0.9789855500117685 -0.11739208150148667 0.14677950401842324 0.9821786377237361 -0.08924955949830819 0.1488449021483718 0.9848247109175315 -0.06006548825365803 0.1503560441293597 0.9868055518260016 -0.030168202214403816 0.15128154346115047 0.9880302496296168 -0.015081972976706897 0.1561253148656392 0.9876221039189204 -0.030741879027234003 0.0023052220260575953 0.9995246984568642 -0.03285439859588843 0.0026646087092161703 0.9994565965330006 -0.03757444779778713 0.0031113377411747484 0.9992889874556568 -0.042814931239575714 0.003621194571359631 0.999076457841354 -0.0486059039741693 0.0042009272506016455 0.9988092001524059 -0.05497437449400849 0.004857599944738981 0.9984759495710296 -0.0619433079198192 0.005598548058048826 0.998063967320528 -0.06953044874732127 0.006431322543851198 0.9975590983933398 -0.0777472814832272 0.007363571396504868 0.9969459052718238 -0.0865976427922805 0.008403027513991515 0.996207928793693 -0.09607663437750472 0.009557252136267994 0.9953280560992416 -0.1061695116819613 0.01083356175137718 0.9942890267568043 -0.11685049497617732 0.012238927991938212 0.9930741011955908 -0.12808184565695266 0.013779843817172446 0.9916678661313388 -0.13981330561659355 0.015462027434471165 0.9900571525322044 -0.15198142605864579 0.01729040843559366 0.9882321022458797 -0.16450972239347791 0.01926888719590221 0.9861872343648809 -0.17730863127327395 0.021400356742454992 0.9839225955365056 -0.19027625011606003 0.023686469115422912 0.9814448022291496 -0.20329927143847126 0.02612767004409613 0.9787679761264431 -0.21625443995863344 0.028723129115199014 0.9759144424856153 -0.2290103001284292 0.031470643051337996 0.9729151458688584 -0.24142867055173314 0.03436681980659254 0.9698098363761856 -0.25336691169523984 0.03740713816608469 0.9666467369583575 -0.2646803611982424 0.04058585462918484 0.9634817563399872 -0.275223412350538 0.04389644773405139 0.9603776211316345 -0.28485200942815725 0.0473313649246212 0.9574022532974911 -0.2934252751771941 0.05088218681124385 0.9546269485786024 -0.3008061529336707 0.05454003554345171 0.952124489171539 -0.3068622361892969 0.058295139391946964 0.949966970333273 -0.31146769649134526 0.062136393739403786 0.9482230447607973 -0.3145025222353285 0.06605198850037586 0.9469558058973834 -0.31585256513025056 0.07002960460878727 0.9462203821409565 -0.31541126287161003 0.07405473976477728 0.9460611136560403 -0.31307904444736967 0.07811116541844257 0.946509459944746 -0.3087643182311143 0.08218065971509096 0.9475816244292982 -0.30238475961960776 0.08624246176692235 0.9492764059736094 -0.29386943977706514 0.09027305613758119 0.9515731856776415 -0.2831609862218682 0.09424524441348374 0.9544305578654226 -0.2702197116840975 0.09812807404320159 0.9577850429516716 -0.2550266230683776 0.10188733176129075 0.9615510351265316 -0.2375898754356971 0.10548466650733732 0.9656210624371684 -0.21794889845955678 0.10887834386943096 0.9698679208513477 -0.19618051974821768 0.11202439002486597 0.9741476991251768 -0.17240257804593995 0.11487779818732849 0.9783048822155316 -0.14677950401842324 0.1173920815014867 0.9821786377237361 -0.11952324149679854 0.11952324149679854 0.9856106683088388 -0.09089206697367491 0.1212316947289775 0.9884541002769897 -0.06118591125416127 0.12248385566598788 0.9905826514557942 -0.030742434834473614 0.12325297033913847 0.9918989908267009 -0.015378690554598368 0.1283143945097709 0.9916142960034494 -0.031054495691577783 0.0017191102169272793 0.9995162144544749 -0.03322128406315592 0.002016322047769859 0.9994459869000399 -0.03799399390331053 0.002354466076941098 0.9992751937863602 -0.043292895001011224 0.0027404199061829464 0.9990586646144305 -0.0491483670284011 0.0031792743949386093 0.9987864287387785 -0.05558769424389272 0.0036763929697265544 0.9984470403498523 -0.06263402865516839 0.004237348482766311 0.9980275664190139 -0.07030527160305518 0.004867845116568739 0.997513645454909 -0.07861294764241944 0.005573677488253136 0.9968896320968671 -0.08756094761754858 0.006360650502441937 0.9961388570764131 -0.09714412576600641 0.0072345623873252204 0.9952440303444288 -0.10734748969606234 0.008200950087898225 0.9941877392492877 -0.11814487749372081 0.009265094491472935 0.9929531438824583 -0.12949805549541102 0.010431847432974345 0.9915248005884889 -0.14135601389627728 0.011705565526243009 0.9898896186298078 -0.15365461111004583 0.013089986521672436 0.9880379105770604 -0.16631631561055824 0.01458816117687135 0.9859645372503044 -0.17925066826357086 0.016202188745991594 0.9836700092037485 -0.1923546275365725 0.01793332993392824 0.9811616038873248 -0.20551387587053005 0.019781898184137458 0.9784542520368056 -0.21860400314433648 0.02174731431291915 0.9755712911568514 -0.2314922660865793 0.023828008927132428 0.9725448867443954 -0.24403966965084187 0.026021306436458235 0.9694160774652172 -0.256102544708643 0.028324038165885117 0.9662345654424369 -0.26753513102348336 0.030732031201097104 0.9630578881492547 -0.2781912169753274 0.03324019536571576 0.9599503821603673 -0.28792598373274736 0.035843078283845 0.9569816621182812 -0.29659780303141997 0.03853453711966637 0.9542247286074218 -0.3040691349985154 0.0413077884479983 0.9517539743835012 -0.31020685310478463 0.04415566303858827 0.9496430833257562 -0.31488384916612655 0.04707038733997885 0.9479623094669897 -0.31797969243325364 0.05004306360572116 0.94677590114293 -0.31937921879927295 0.05306426701710861 0.9461401049343079 -0.3189742055044041 0.05612345106850131 0.9461002137527481 -0.3166631825325926 0.05920890868655178 0.9466882982061612 -0.31235256835237313 0.062306745478381435 0.9479207469570272 -0.30595783491905015 0.06540131064352608 0.9497960158990751 -0.2974051564043871 0.06847484890905954 0.9522926903063803 -0.2866338678938739 0.07150679406002804 0.9553678894433567 -0.2736006690693842 0.07447383524055678 0.958955849739365 -0.2582838809353308 0.07734935294288615 0.9629675562802211 -0.24068788553520665 0.08010439116267327 0.9672913874696956 -0.22084917587326194 0.08270692782353142 0.9717948371987237 -0.19884302805058054 0.08512193983759696 0.9763276630076403 -0.17478699478313964 0.08731452420739255 0.9807271181715714 -0.1488449021483718 0.08924955949830819 0.9848247109175315 -0.12123169472897748 0.09089206697367488 0.9884541002769895 -0.09221051082333148 0.09221051082333147 0.9914607624043427 -0.06208737089259963 0.09317832603798336 0.9937117076558997 -0.031206892271104795 0.0937751647818671 0.9951041896931765 -0.01562102477395397 0.09900061609423716 0.9949647539475823 -0.031270229871857895 0.00111667774648219 0.9995103429952946 -0.033485151505702804 0.001348930858578314 0.9994383047563161 -0.03829575401887918 0.0015752935810876576 0.9992652068766624 -0.04363670791037553 0.0018336808239568405 0.9990457824030791 -0.049538588373950594 0.002127529181870328 0.9987699444223863 -0.05602891684561348 0.0024604060695633534 0.9984261148823583 -0.06313096613641168 0.002836070053134257 0.9980012213526278 -0.07086276096781847 0.0032583408993475155 0.9974807528582201 -0.07923583888108805 0.003731139061406389 0.9968489155524595 -0.08825408050031297 0.004258337908518125 0.996088893539779 -0.0979122813271737 0.004843788660618385 0.9951832609508259 -0.10819520983490724 0.005491251087976033 0.9941145018207256 -0.11907644947065141 0.00620428622890344 0.9928657039166241 -0.13051728723913672 0.006986167533236486 0.9914214195764253 -0.14246632826466157 0.007839777583087387 0.9897686008346767 -0.15485885052411996 0.008767651020153729 0.9878976995164717 -0.16761670736544404 0.00977181139441984 0.9858038096467465 -0.1806486060531588 0.010853729933721109 0.9834878126736378 -0.19385080897795093 0.012014260714351422 0.9809574513698754 -0.20710817479316473 0.013253680809417148 0.9782282677774374 -0.22029553299992455 0.01457159162969974 0.9753243290606752 -0.2332792769471202 0.015966934875521546 0.9722786822396702 -0.24591967888616587 0.017438000313905862 0.9691333384429498 -0.2580725305107709 0.018982578875142504 0.9659390408794006 -0.2695913367609845 0.020597922250074906 0.9627545049192994 -0.2803292038703618 0.022280926942616887 0.9596452978845813 -0.2901410460040172 0.024027916724454184 0.9566822004414932 -0.2988844658320824 0.025834941657548294 0.9539395326087613 -0.30642151947400986 0.027697311983257433 0.951492885581464 -0.31261893924178025 0.02961027420593162 0.9494169950494848 -0.3173487845235924 0.031568981957775744 0.9477832813146412 -0.3204899560314733 0.033567573839940044 0.9466569632498587 -0.32192638275614643 0.035599922749816486 0.9460951588427827 -0.3215490945075212 0.03765877980065136 0.9461437502437563 -0.31925536368539315 0.03973654830656271 0.9468352652319133 -0.31494978342883695 0.04182419038939675 0.9481863588010536 -0.308546153669738 0.04391129468181107 0.9501952795373052 -0.29996844287885216 0.04598583988400129 0.9528400893156206 -0.2891538832490696 0.04803387604519007 0.9560767639442236 -0.27605661181288477 0.05003999132741678 0.9598378750301233 -0.26065232136970057 0.05198626191787247 0.9640320513014039 -0.24294292881312332 0.05385268071063667 0.9685445896395167 -0.22296321372535555 0.05561726591676898 0.9732389866097663 -0.2007856375285732 0.05725762310386615 0.9779604758673738 -0.1765285671099598 0.05874842739819233 0.982540730592042 -0.1503560441293597 0.06006548825365803 0.9868055518260016 -0.12248385566598786 0.06118591125416125 0.9905826514557942 -0.09317832603798336 0.06208737089259964 0.9937117076558997 -0.06275088380486647 0.06275088380486647 0.9960545432672933 -0.03155193896780805 0.06316276345952901 0.9975043561105521 -0.015803279001428364 0.06849208907615492 0.9975264859174351 -0.03138701770268435 0.000503599759325795 0.9995071793173943 -0.03364350029265487 0.0006686846934783454 0.9994336735115736 -0.038476874810440105 0.0007811082295622857 0.9992591855843785 -0.04384310154112141 0.000909482790934784 0.9990380149365227 -0.049772894687058984 0.001055530672031845 0.9987600036092111 -0.056293861432889926 0.0012210284887687916 0.9984134966307318 -0.06342943196172911 0.0014078348684030723 0.9979853331397188 -0.07119764346495172 0.0016178998634573689 0.9974609155075047 -0.07961009519327106 0.0018531718550153218 0.9968243568941292 -0.08867060505720778 0.0021156104119253766 0.9960587572986713 -0.09837395838347053 0.0024071590149054786 0.9951466072380712 -0.10870477967208392 0.0027297030075696133 0.9940703293016719 -0.1196364989979402 0.003084988792185343 0.9928129687668609 -0.1311301654095951 0.003474697798567317 0.9913590702640799 -0.1431341052364366 0.0039003254179788517 0.9896956175409682 -0.15558324619200348 0.004363182541117847 0.9878131483952172 -0.16839901820725373 0.004864245437745443 0.9857069086615728 -0.18148973943055952 0.005404257902741634 0.9833779886076098 -0.19475118650342052 0.005983703467244112 0.980834425705137 -0.20806781805908534 0.0066026983477029426 0.9780921160415621 -0.2213139556563897 0.007261166309341483 0.9751755782911863 -0.23435541084731987 0.00795865170552016 0.9721184090786543 -0.24705204674947176 0.008694237452213625 0.9689632069547436 -0.2592592928770808 0.009466911975330127 0.9657613559438621 -0.2708302282042266 0.010275299285514045 0.9625722859689239 -0.28161778570300383 0.011117790502546326 0.9594622543435872 -0.2914764778514231 0.011992704329209363 0.9565028164632873 -0.3002635488564036 0.012898054293760456 0.9537690713289005 -0.3078406677520256 0.013831603688410857 0.9513373797015409 -0.31407460219979766 0.014791048821659186 0.9492830816609943 -0.31883700764997347 0.01577391638476324 0.947678292520567 -0.3220062021229983 0.0167772722362262 0.9465888911933387 -0.32346586110092507 0.017798241705399315 0.946072438714094 -0.32310609327636536 0.018833362003016253 0.9461753309843519 -0.320823769514518 0.01987858469253167 0.9469302776789414 -0.31652241313135404 0.020929562820530254 0.9483541086459455 -0.31011446809374726 0.021981226710322238 0.9504450759256117 -0.30152300712506885 0.023027432448214404 0.953180787431796 -0.290683332147379 0.024061447148900274 0.95651672602877 -0.2775488722421581 0.02507514273684709 0.9603842255752814 -0.2620929627305739 0.026060152979000436 0.9646907003355123 -0.24431576775715702 0.027006165770700925 0.9693195926192746 -0.22425145854633 0.027901647172496498 0.9741318090612302 -0.2019720400272993 0.02873547166788324 0.9789696459621388 -0.1775934010345617 0.029495335972310174 0.9836618367431248 -0.15128154346115044 0.030168202214403805 0.9880302496296168 -0.12325297033913846 0.030742434834473607 0.991898990826701 -0.09377516478186708 0.031206892271104795 0.9951041896931765 -0.06316276345952901 0.03155193896780805 0.9975043561105521 -0.031770125637925535 0.031770125637925535 0.9989901492176491 -0.015922891205074154 0.03713831555918167 0.9991832700026047 -0.03142048846106821 0.00029266323238853656 0.999506211713114 -0.032931960537998024 0.000326147623145967 0.9994575426714492 -0.03768658678241706 0.0003811974593507811 0.9992895355527287 -0.042969533864343434 0.00044409917294641906 0.9990762843423947 -0.048812043328205164 0.0005157071383314931 0.9988078486236845 -0.0552422927858787 0.0005969378104158333 0.9984728002069008 -0.062284594902802824 0.0006886583829006006 0.9980581921849173 -0.06995799153700542 0.0007918626538734454 0.9975496240155903 -0.07827525985126277 0.000907538948178944 0.996931371794606 -0.08724161988733814 0.0010366567512233515 0.9961866417003458 -0.09685346674408525 0.001180182856726641 0.9952979519460879 -0.10709713921459132 0.0013391368480709263 0.9942476600347383 -0.11794795510576174 0.0015143504678316428 0.9930186235056369 -0.12936909253176593 0.0017066036264164251 0.9915950410331679 -0.14131087530224712 0.0019167607410570874 0.9899634147530778 -0.1537104677252821 0.0021454949948963753 0.9881136012437548 -0.1664912836897512 0.00239327256112938 0.986040021856003 -0.17956372121758635 0.002660496606009108 0.9837427467485097 -0.1928254204859191 0.0029474779200135913 0.9812286530612219 -0.20616239813860093 0.003254254195956453 0.9785123787788119 -0.21945050420098292 0.003580765280849517 0.9756170633634581 -0.2325565719266899 0.0039269144094147695 0.9725749432290179 -0.24534097828118315 0.004292245477130792 0.9694273469449869 -0.25765985741844355 0.004676204463867545 0.9662243688641471 -0.2693661537841356 0.005078360383679173 0.9630244469645383 -0.28031262862178963 0.0054978176198204436 0.9598930170787586 -0.290353276846697 0.005933701338933529 0.956901126456023 -0.2993447070309723 0.006385098368837168 0.9541236696002052 -0.3071475734275607 0.0068506869633114245 0.9516372398270739 -0.3136278093703807 0.007329718822734912 0.9495177051595803 -0.31865608652292315 0.007821022283463602 0.9478381349852605 -0.3221091180741357 0.008322824862900974 0.9466659636005743 -0.3238702773995594 0.008833613484201084 0.9460602574307538 -0.32382766079428993 0.009352381377541796 0.9460698595067212 -0.32187710977886946 0.00987674386959237 0.9467299383303225 -0.31792070708956166 0.010404062419674884 0.9480602193367469 -0.31186881136732975 0.01093270262983694 0.950062271911445 -0.30364240622563765 0.011459067165751189 0.9527171557819223 -0.29317372445014345 0.011980218182077843 0.9559841220775276 -0.280412617049513 0.012491648580610354 0.9597982719900999 -0.2653285380002292 0.012989340337481963 0.964070559637757 -0.24791580580755432 0.013468495173031756 0.9686879543323356 -0.22820166958010163 0.013923353373628057 0.9735143235883523 -0.20625210667307994 0.014348303015346288 0.97839368083277 -0.18217416546681556 0.014736896985159374 0.983155835716657 -0.1561253148656392 0.015081972976706897 0.9876221039189204 -0.1283143945097709 0.015378690554598368 0.9916142960034494 -0.09900061609423716 0.01562102477395397 0.9949647539475823 -0.06849208907615492 0.015803279001428364 0.9975264859174351 -0.03713831555918167 0.015922891205074154 0.9991832700026047 -0.015970446732920536 0.015970446732920536 0.9997449122962826
          </float_array>
          <technique_common>
            <accessor source="#terrain_normals_array" count="2601" stride="3">
              <param name="X" type="float"/>
              <param name="Y" type="float"/>
              <param name="Z" type="float"/>
            </accessor>
          </technique_common>
        </source>

        <vertices id="terrain_vertices">
          <input semantic="POSITION" source="#terrain_positions"/>
        </vertices>

        <triangles count="5000" material="terrain_material">
          <input semantic="VERTEX" source="#terrain_vertices" offset="0"/>
          <input semantic="NORMAL" source="#terrain_normals" offset="1"/>
          <p>0 0 52 52 1 1 0 0 51 51 52 52 1 1 53 53 2 2 1 1 52 52 53 53 2 2 54 54 3 3 2 2 53 53 54 54 3 3 55 55 4 4 3 3 54 54 55 55 4 4 56 56 5 5 4 4 55 55 56 56 5 5 57 57 6 6 5 5 56 56 57 57 6 6 58 58 7 7 6 6 57 57 58 58 7 7 59 59 8 8 7 7 58 58 59 59 8 8 60 60 9 9 8 8 59 59 60 60 9 9 61 61 10 10 9 9 60 60 61 61 10 10 62 62 11 11 10 10 61 61 62 62 11 11 63 63 12 12 11 11 62 62 63 63 12 12 64 64 13 13 12 12 63 63 64 64 13 13 65 65 14 14 13 13 64 64 65 65 14 14 66 66 15 15 14 14 65 65 66 66 15 15 67 67 16 16 15 15 66 66 67 67 16 16 68 68 17 17 16 16 67 67 68 68 17 17 69 69 18 18 17 17 68 68 69 69 18 18 70 70 19 19 18 18 69 69 70 70 19 19 71 71 20 20 19 19 70 70 71 71 20 20 72 72 21 21 20 20 71 71 72 72 21 21 73 73 22 22 21 21 72 72 73 73 22 22 74 74 23 23 22 22 73 73 74 74 23 23 75 75 24 24 23 23 74 74 75 75 24 24 76 76 25 25 24 24 75 75 76 76 25 25 77 77 26 26 25 25 76 76 77 77 26 26 78 78 27 27 26 26 77 77 78 78 27 27 79 79 28 28 27 27 78 78 79 79 28 28 80 80 29 29 28 28 79 79 80 80 29 29 81 81 30 30 29 29 80 80 81 81 30 30 82 82 31 31 30 30 81 81 82 82 31 31 83 83 32 32 31 31 82 82 83 83 32 32 84 84 33 33 32 32 83 83 84 84 33 33 85 85 34 34 33 33 84 84 85 85 34 34 86 86 35 35 34 34 85 85 86 86 35 35 87 87 36 36 35 35 86 86 87 87 36 36 88 88 37 37 36 36 87 87 88 88 37 37 89 89 38 38 37 37 88 88 89 89 38 38 90 90 39 39 38 38 89 89 90 90 39 39 91 91 40 40 39 39 90 90 91 91 40 40 92 92 41 41 40 40 91 91 92 92 41 41 93 93 42 42 41 41 92 92 93 93 42 42 94 94 43 43 42 42 93 93 94 94 43 43 95 95 44 44 43 43 94 94 95 95 44 44 96 96 45 45 44 44 95 95 96 96 45 45 97 97 46 46 45 45 96 96 97 97 46 46 98 98 47 47 46 46 97 97 98 98 47 47 99 99 48 48 47 47 98 98 99 99 48 48 100 100 49 49 48 48 99 99 100 100 49 49 101 101 50 50 49 49 100 100 101 101 51 51 103 103 52 52 51 51 102 102 103 103 52 52 104 104 53 53 52 52 103 103 104 104 53 53 105 105 54 54 53 53 104 104 105 105 54 54 106 106 55 55 54 54 105 105 106 106 55 55 107 107 56 56 55 55 106 106 107 107 56 56 108 108 57 57 56 56 107 107 108 108 57 57 109 109 58 58 57 57 108 108 109 109 58 58 110 110 59 59 58 58 109 109 110 110 59 59 111 111 60 60 59 59 110 110 111 111 60 60 112 112 61 61 60 60 111 111 112 112 61 61 113 113 62 62 61 61 112 112 113 113 62 62 114 114 63 63 62 62 113 113 114 114 63 63 115 115 64 64 63 63 114 114 115 115 64 64 116 116 65 65 64 64 115 115 116 116 65 65 117 117 66 66 65 65 116 116 117 117 66 66 118 118 67 67 66 66 117 117 118 118 67 67 119 119 68 68 67 67 118 118 119 119 68 68 120 120 69 69 68 68 119 119 120 120 69 69 121 121 70 70 69 69 120 120 121 121 70 70 122 122 71 71 70 70 121 121 122 122 71 71 123 123 72 72 71 71 122 122 123 123 72 72 124 124 73 73 72 72 123 123 124 124 73 73 125 125 74 74 73 73 124 124 125 125 74 74 126 126 75 75 74 74 125 125 126 126 75 75 127 127 76 76 75 75 126 126 127 127 76 76 128 128 77 77 76 76 127 127 128 128 77 77 129 129 78 78 77 77 128 128 129 129 78 78 130 130 79 79 78 78 129 129 130 130 79 79 131 131 80 80 79 79 130 130 131 131 80 80 132 132 81 81 80 80 131 131 132 132 81 81 133 133 82 82 81 81 132 132 133 133 82 82 134 134 83 83 82 82 133 133 134 134 83 83 135 135 84 84 83 83 134 134 135 135 84 84 136 136 85 85 84 84 135 135 136 136 85 85 137 137 86 86 85 85 136 136 137 137 86 86 138 138 87 87 86 86 137 137 138 138 87 87 139 139 88 88 87 87 138 138 139 139 88 88 140 140 89 89 88 88 139 139 140 140 89 89 141 141 90 90 89 89 140 140 141 141 90 90 142 142 91 91 90 90 141 141 142 142 91 91 143 143 92 92 91 91 142 142 143 143 92 92 144 144 93 93 92 92 143 143 144 144 93 93 145 145 94 94 93 93 144 144 145 145 94 94 146 146 95 95 94 94 145 145 146 146 95 95 147 147 96 96 95 95 146 146 147 147 96 96 148 148 97 97 96 96 147 147 148 148 97 97 149 149 98 98 97 97 148 148 149 149 98 98 150 150 99 99 98 98 149 149 150 150 99 99 151 151 100 100 99 99 150 150 151 151 100 100 152 152 101 101 100 100 151 151 152 152 102 102 154 154 103 103 102 102 153 153 154 154 103 103 155 155 104 104 103 103 154 154 155 155 104 104 156 156 105 105 104 104 155 155 156 156 105 105 157 157 106 106 105 105 156 156 157 157 106 106 158 158 107 107 106 106 157 157 158 158 107 107 159 159 108 108 107 107 158 158 159 159 108 108 160 160 109 109 108 108 159 159 160 160 109 109 161 161 110 110 109 109 160 160 161 161 110 110 162 162 111 111 110 110 161 161 162 162 111 111 163 163 112 112 111 111 162 162 163 163 112 112 164 164 113 113 112 112 163 163 164 164 113 113 165 165 114 114 113 113 164 164 165 165 114 114 166 166 115 115 114 114 165 165 166 166 115 115 167 167 116 116 115 115 166 166 167 167 116 116 168 168 117 117 116 116 167 167 168 168 117 117 169 169 118 118 117 117 168 168 169 169 118 118 170 170 119 119 118 118 169 169 170 170 119 119 171 171 120 120 119 119 170 170 171 171 120 120 172 172 121 121 120 120 171 171 172 172 121 121 173 173 122 122 121 121 172 172 173 173 122 122 174 174 123 123 122 122 173 173 174 174 123 123 175 175 124 124 123 123 174 174 175 175 124 124 176 176 125 125 124 124 175 175 176 176 125 125 177 177 126 126 125 125 176 176 177 177 126 126 178 178 127 127 126 126 177 177 178 178 127 127 179 179 128 128 127 127 178 178 179 179 128 128 180 180 129 129 128 128 179 179 180 180 129 129 181 181 130 130 129 129 180 180 181 181 130 130 182 182 131 131 130 130 181 181 182 182 131 131 183 183 132 132 131 131 182 182 183 183 132 132 184 184 133 133 132 132 183 183 184 184 133 133 185 185 134 134 133 133 184 184 185 185 134 134 186 186 135 135 134 134 185 185 186 186 135 135 187 187 136 136 135 135 186 186 187 187 136 136 188 188 137 137 136 136 187 187 188 188 137 137 189 189 138 138 137 137 188 188 189 189 138 138 190 190 139 139 138 138 189 189 190 190 139 139 191 191 140 140 139 139 190 190 191 191 140 140 192 192 141 141 140 140 191 191 192 192 141 141 193 193 142 142 141 141 192 192 193 193 142 142 194 194 143 143 142 142 193 193 194 194 143 143 195 195 144 144 143 143 194 194 195 195 144 144 196 196 145 145 144 144 195 195 196 196 145 145 197 197 146 146 145 145 196 196 197 197 146 146 198 198 147 147 146 146 197 197 198 198 147 147 199 199 148 148 147 147 198 198 199 199 148 148 200 200 149 149 148 148 199 199 200 200 149 149 201 201 150 150 149 149 200 200 201 201 150 150 202 202 151 151 150 150 201 201 202 202 151 151 203 203 152 152 151 151 202 202 203 203 153 153 205 205 154 154 153 153 204 204 205 205 154 154 206 206 155 155 154 154 205 205 206 206 155 155 207 207 156 156 155 155 206 206 207 207 156 156 208 208 157 157 156 156 207 207 208 208 157 157 209 209 158 158 157 157 208 208 209 209 158 158 210 210 159 159 158 158 209 209 210 210 159 159 211 211 160 160 159 159 210 210 211 211 160 160 212 212 161 161 160 160 211 211 212 212 161 161 213 213 162 162 161 161 212 212 213 213 162 162 214 214 163 163 162 162 213 213 214 214 163 163 215 215 164 164 163 163 214 214 215 215 164 164 216 216 165 165 164 164 215 215 216 216 165 165 217 217 166 166 165 165 216 216 217 217 166 166 218 218 167 167 166 166 217 217 218 218 167 167 219 219 168 168 167 167 218 218 219 219 168 168 220 220 169 169 168 168 219 219 220 220 169 169 221 221 170 170 169 169 220 220 221 221 170 170 222 222 171 171 170 170 221 221 222 222 171 171 223 223 172 172 171 171 222 222 223 223 172 172 224 224 173 173 172 172 223 223 224 224 173 173 225 225 174 174 173 173 224 224 225 225 174 174 226 226 175 175 174 174 225 225 226 226 175 175 227 227 176 176 175 175 226 226 227 227 176 176 228 228 177 177 176 176 227 227 228 228 177 177 229 229 178 178 177 177 228 228 229 229 178 178 230 230 179 179 178 178 229 229 230 230 179 179 231 231 180 180 179 179 230 230 231 231 180 180 232 232 181 181 180 180 231 231 232 232 181 181 233 233 182 182 181 181 232 232 233 233 182 182 234 234 183 183 182 182 233 233 234 234 183 183 235 235 184 184 183 183 234 234 235 235 184 184 236 236 185 185 184 184 235 235 236 236 185 185 237 237 186 186 185 185 236 236 237 237 186 186 238 238 187 187 186 186 237 237 238 238 187 187 239 239 188 188 187 187 238 238 239 239 188 188 240 240 189 189 188 188 239 239 240 240 189 189 241 241 190 190 189 189 240 240 241 241 190 190 242 242 191 191 190 190 241 241 242 242 191 191 243 243 192 192 191 191 242 242 243 243 192 192 244 244 193 193 192 192 243 243 244 244 193 193 245 245 194 194 193 193 244 244 245 245 194 194 246 246 195 195 194 194 245 245 246 246 195 195 247 247 196 196 195 195 246 246 247 247 196 196 248 248 197 197 196 196 247 247 248 248 197 197 249 249 198 198 197 197 248 248 249 249 198 198 250 250 199 199 198 198 249 249 250 250 199 199 251 251 200 200 199 199 250 250 251 251 200 200 252 252 201 201 200 200 251 251 252 252 201 201 253 253 202 202 201 201 252 252 253 253 202 202 254 254 203 203 202 202 253 253 254 254 204 204 256 256 205 205 204 204 255 255 256 256 205 205 257 257 206 206 205 205 256 256 257 257 206 206 258 258 207 207 206 206 257 257 258 258 207 207 259 259 208 208 207 207 258 258 259 259 208 208 260 260 209 209 208 208 259 259 260 260 209 209 261 261 210 210 209 209 260 260 261 261 210 210 262 262 211 211 210 210 261 261 262 262 211 211 263 263 212 212 211 211 262 262 263 263 212 212 264 264 213 213 212 212 263 263 264 264 213 213 265 265 214 214 213 213 264 264 265 265 214 214 266 266 215 215 214 214 265 265 266 266 215 215 267 267 216 216 215 215 266 266 267 267 216 216 268 268 217 217 216 216 267 267 268 268 217 217 269 269 218 218 217 217 268 268 269 269 218 218 270 270 219 219 218 218 269 269 270 270 219 219 271 271 220 220 219 219 270 270 271 271 220 220 272 272 221 221 220 220 271 271 272 272 221 221 273 273 222 222 221 221 272 272 273 273 222 222 274 274 223 223 222 222 273 273 274 274 223 223 275 275 224 224 223 223 274 274 275 275 224 224 276 276 225 225 224 224 275 275 276 276 225 225 277 277 226 226 225 225 276 276 277 277 226 226 278 278 227 227 226 226 277 277 278 278 227 227 279 279 228 228 227 227 278 278 279 279 228 228 280 280 229 229 228 228 279 279 280 280 229 229 281 281 230 230 229 229 280 280 281 281 230 230 282 282 231 231 230 230 281 281 282 282 231 231 283 283 232 232 231 231 282 282 283 283 232 232 284 284 233 233 232 232 283 283 284 284 233 233 285 285 234 234 233 233 284 284 285 285 234 234 286 286 235 235 234 234 285 285 286 286 235 235 287 287 236 236 235 235 286 286 287 287 236 236 288 288 237 237 236 236 287 287 288 288 237 237 289 289 238 238 237 237 288 288 289 289 238 238 290 290 239 239 238 238 289 289 290 290 239 239 291 291 240 240 239 239 290 290 291 291 240 240 292 292 241 241 240 240 291 291 292 292 241 241 293 293 242 242 241 241 292 292 293 293 242 242 294 294 243 243 242 242 293 293 294 294 243 243 295 295 244 244 243 243 294 294 295 295 244 244 296 296 245 245 244 244 295 295 296 296 245 245 297 297 246 246 245 245 296 296 297 297 246 246 298 298 247 247 246 246 297 297 298 298 247 247 299 299 248 248 247 247 298 298 299 299 248 248 300 300 249 249 248 248 299 299 300 300 249 249 301 301 250 250 249 249 300 300 301 301 250 250 302 302 251 251 250 250 301 301 302 302 251 251 303 303 252 252 251 251 302 302 303 303 252 252 304 304 253 253 252 252 303 303 304 304 253 253 305 305 254 254 253 253 304 304 305 305 255 255 307 307 256 256 255 255 306 306 307 307 256 256 308 308 257 257 256 256 307 307 308 308 257 257 309 309 258 258 257 257 308 308 309 309 258 258 310 310 259 259 258 258 309 309 310 310 259 259 311 311 260 260 259 259 310 310 311 311 260 260 312 312 261 261 260 260 311 311 312 312 261 261 313 313 262 262 261 261 312 312 313 313 262 262 314 314 263 263 262 262 313 313 314 314 263 263 315 315 264 264 263 263 314 314 315 315 264 264 316 316 265 265 264 264 315 315 316 316 265 265 317 317 266 266 265 265 316 316 317 317 266 266 318 318 267 267 266 266 317 317 318 318 267 267 319 319 268 268 267 267 318 318 319 319 268 268 320 320 269 269 268 268 319 319 320 320 269 269 321 321 270 270 269 269 320 320 321 321 270 270 322 322 271 271 270 270 321 321 322 322 271 271 323 323 272 272 271 271 322 322 323 323 272 272 324 324 273 273 272 272 323 323 324 324 273 273 325 325 274 274 273 273 324 324 325 325 274 274 326 326 275 275 274 274 325 325 326 326 275 275 327 327 276 276 275 275 326 326 327 327 276 276 328 328 277 277 276 276 327 327 328 328 277 277 329 329 278 278 277 277 328 328 329 329 278 278 330 330 279 279 278 278 329 329 330 330 279 279 331 331 280 280 279 279 330 330 331 331 280 280 332 332 281 281 280 280 331 331 332 332 281 281 333 333 282 282 281 281 332 332 333 333 282 282 334 334 283 283 282 282 333 333 334 334 283 283 335 335 284 284 283 283 334 334 335 335 284 284 336 336 285 285 284 284 335 335 336 336 285 285 337 337 286 286 285 285 336 336 337 337 286 286 338 338 287 287 286 286 337 337 338 338 287 287 339 339 288 288 287 287 338 338 339 339 288 288 340 340 289 289 288 288 339 339 340 340 289 289 341 341 290 290 289 289 340 340 341 341 290 290 342 342 291 291 290 290 341 341 342 342 291 291 343 343 292 292 291 291 342 342 343 343 292 292 344 344 293 293 292 292 343 343 344 344 293 293 345 345 294 294 293 293 344 344 345 345 294 294 346 346 295 295 294 294 345 345 346 346 295 295 347 347 296 296 295 295 346 346 347 347 296 296 348 348 297 297 296 296 347 347 348 348 297 297 349 349 298 298 297 297 348 348 349 349 298 298 350 350 299 299 298 298 349 349 350 350 299 299 351 351 300 300 299 299 350 350 351 351 300 300 352 352 301 301 300 300 351 351 352 352 301 301 353 353 302 302 301 301 352 352 353 353 302 302 354 354 303 303 302 302 353 353 354 354 303 303 355 355 304 304 303 303 354 354 355 355 304 304 356 356 305 305 304 304 355 355 356 356 306 306 358 358 307 307 306 306 357 357 358 358 307 307 359 359 308 308 307 307 358 358 359 359 308 308 360 360 309 309 308 308 359 359 360 360 309 309 361 361 310 310 309 309 360 360 361 361 310 310 362 362 311 311 310 310 361 361 362 362 311 311 363 363 312 312 311 311 362 362 363 363 312 312 364 364 313 313 312 312 363 363 364 364 313 313 365 365 314 314 313 313 364 364 365 365 314 314 366 366 315 315 314 314 365 365 366 366 315 315 367 367 316 316 315 315 366 366 367 367 316 316 368 368 317 317 316 316 367 367 368 368 317 317 369 369 318 318 317 317 368 368 369 369 318 318 370 370 319 319 318 318 369 369 370 370 319 319 371 371 320 320 319 319 370 370 371 371 320 320 372 372 321 321 320 320 371 371 372 372 321 321 373 373 322 322 321 321 372 372 373 373 322 322 374 374 323 323 322 322 373 373 374 374 323 323 375 375 324 324 323 323 374 374 375 375 324 324 376 376 325 325 324 324 375 375 376 376 325 325 377 377 326 326 325 325 376 376 377 377 326 326 378 378 327 327 326 326 377 377 378 378 327 327 379 379 328 328 327 327 378 378 379 379 328 328 380 380 329 329 328 328 379 379 380 380 329 329 381 381 330 330 329 329 380 380 381 381 330 330 382 382 331 331 330 330 381 381 382 382 331 331 383 383 332 332 331 331 382 382 383 383 332 332 384 384 333 333 332 332 383 383 384 384 333 333 385 385 334 334 333 333 384 384 385 385 334 334 386 386 335 335 334 334 385 385 386 386 335 335 387 387 336 336 335 335 386 386 387 387 336 336 388 388 337 337 336 336 387 387 388 388 337 337 389 389 338 338 337 337 388 388 389 389 338 338 390 390 339 339 338 338 389 389 390 390 339 339 391 391 340 340 339 339 390 390 391 391 340 340 392 392 341 341 340 340 391 391 392 392 341 341 393 393 342 342 341 341 392 392 393 393 342 342 394 394 343 343 342 342 393 393 394 394 343 343 395 395 344 344 343 343 394 394 395 395 344 344 396 396 345 345 344 344 395 395 396 396 345 345 397 397 346 346 345 345 396 396 397 397 346 346 398 398 347 347 346 346 397 397 398 398 347 347 399 399 348 348 347 347 398 398 399 399 348 348 400 400 349 349 348 348 399 399 400 400 349 349 401 401 350 350 349 349 400 400 401 401 350 350 402 402 351 351 350 350 401 401 402 402 351 351 403 403 352 352 351 351 402 402 403 403 352 352 404 404 353 353 352 352 403 403 404 404 353 353 405 405 354 354 353 353 404 404 405 405 354 354 406 406 355 355 354 354 405 405 406 406 355 355 407 407 356 356 355 355 406 406 407 407 357 357 409 409 358 358 357 357 408 408 409 409 358 358 410 410 359 359 358 358 409 409 410 410 359 359 411 411 360 360 359 359 410 410 411 411 360 360 412 412 361 361 360 360 411 411 412 412 361 361 413 413 362 362 361 361 412 412 413 413 362 362 414 414 363 363 362 362 413 413 414 414 363 363 415 415 364 364 363 363 414 414 415 415 364 364 416 416 365 365 364 364 415 415 416 416 365 365 417 417 366 366 365 365 416 416 417 417 366 366 418 418 367 367 366 366 417 417 418 418 367 367 419 419 368 368 367 367 418 418 419 419 368 368 420 420 369 369 368 368 419 419 420 420 369 369 421 421 370 370 369 369 420 420 421 421 370 370 422 422 371 371 370 370 421 421 422 422 371 371 423 423 372 372 371 371 422 422 423 423 372 372 424 424 373 373 372 372 423 423 424 424 373 373 425 425 374 374 373 373 424 424 425 425 374 374 426 426 375 375 374 374 425 425 426 426 375 375 427 427 376 376 375 375 426 426 427 427 376 376 428 428 377 377 376 376 427 427 428 428 377 377 429 429 378 378 377 377 428 428 429 429 378 378 430 430 379 379 378 378 429 429 430 430 379 379 431 431 380 380 379 379 430 430 431 431 380 380 432 432 381 381 380 380 431 431 432 432 381 381 433 433 382 382 381 381 432 432 433 433 382 382 434 434 383 383 382 382 433 433 434 434 383 383 435 435 384 384 383 383 434 434 435 435 384 384 436 436 385 385 384 384 435 435 436 436 385 385 437 437 386 386 385 385 436 436 437 437 386 386 438 438 387 387 386 386 437 437 438 438 387 387 439 439 388 388 387 387 438 438 439 439 388 388 440 440 389 389 388 388 439 439 440 440 389 389 441 441 390 390 389 389 440 440 441 441 390 390 442 442 391 391 390 390 441 441 442 442 391 391 443 443 392 392 391 391 442 442 443 443 392 392 444 444 393 393 392 392 443 443 444 444 393 393 445 445 394 394 393 393 444 444 445 445 394 394 446 446 395 395 394 394 445 445 446 446 395 395 447 447 396 396 395 395 446 446 447 447 396 396 448 448 397 397 396 396 447 447 448 448 397 397 449 449 398 398 397 397 448 448 449 449 398 398 450 450 399 399 398 398 449 449 450 450 399 399 451 451 400 400 399 399 450 450 451 451 400 400 452 452 401 401 400 400 451 451 452 452 401 401 453 453 402 402 401 401 452 452 453 453 402 402 454 454 403 403 402 402 453 453 454 454 403 403 455 455 404 404 403 403 454 454 455 455 404 404 456 456 405 405 404 404 455 455 456 456 405 405 457 457 406 406 405 405 456 456 457 457 406 406 458 458 407 407 406 406 457 457 458 458 408 408 460 460 409 409 408 408 459 459 460 460 409 409 461 461 410 410 409 409 460 460 461 461 410 410 462 462 411 411 410 410 461 461 462 462 411 411 463 463 412 412 411 411 462 462 463 463 412 412 464 464 413 413 412 412 463 463 464 464 413 413 465 465 414 414 413 413 464 464 465 465 414 414 466 466 415 415 414 414 465 465 466 466 415 415 467 467 416 416 415 415 466 466 467 467 416 416 468 468 417 417 416 416 467 467 468 468 417 417 469 469 418 418 417 417 468 468 469 469 418 418 470 470 419 419 418 418 469 469 470 470 419 419 471 471 420 420 419 419 470 470 471 471 420 420 472 472 421 421 420 420 471 471 472 472 421 421 473 473 422 422 421 421 472 472 473 473 422 422 474 474 423 423 422 422 473 473 474 474 423 423 475 475 424 424 423 423 474 474 475 475 424 424 476 476 425 425 424 424 475 475 476 476 425 425 477 477 426 426 425 425 476 476 477 477 426 426 478 478 427 427 426 426 477 477 478 478 427 427 479 479 428 428 427 427 478 478 479 479 428 428 480 480 429 429 428 428 479 479 480 480 429 429 481 481 430 430 429 429 480 480 481 481 430 430 482 482 431 431 430 430 481 481 482 482 431 431 483 483 432 432 431 431 482 482 483 483 432 432 484 484 433 433 432 432 483 483 484 484 433 433 485 485 434 434 433 433 484 484 485 485 434 434 486 486 435 435 434 434 485 485 486 486 435 435 487 487 436 436 435 435 486 486 487 487 436 436 488 488 437 437 436 436 487 487 488 488 437 437 489 489 438 438 437 437 488 488 489 489 438 438 490 490 439 439 438 438 489 489 490 490 439 439 491 491 440 440 439 439 490 490 491 491 440 440 492 492 441 441 440 440 491 491 492 492 441 441 493 493 442 442 441 441 492 492 493 493 442 442 494 494 443 443 442 442 493 493 494 494 443 443 495 495 444 444 443 443 494 494 495 495 444 444 496 496 445 445 444 444 495 495 496 496 445 445 497 497 446 446 445 445 496 496 497 497 446 446 498 498 447 447 446 446 497 497 498 498 447 447 499 499 448 448 447 447 498 498 499 499 448 448 500 500 449 449 448 448 499 499 500 500 449 449 501 501 450 450 449 449 500 500 501 501 450 450 502 502 451 451 450 450 501 501 502 502 451 451 503 503 452 452 451 451 502 502 503 503 452 452 504 504 453 453 452 452 503 503 504 504 453 453 505 505 454 454 453 453 504 504 505 505 454 454 506 506 455 455 454 454 505 505 506 506 455 455 507 507 456 456 455 455 506 506 507 507 456 456 508 508 457 457 456 456 507 507 508 508 457 457 509 509 458 458 457 457 508 508 509 509 459 459 511 511 460 460 459 459 510 510 511 511 460 460 512 512 461 461 460 460 511 511 512 512 461 461 513 513 462 462 461 461 512 512 513 513 462 462 514 514 463 463 462 462 513 513 514 514 463 463 515 515 464 464 463 463 514 514 515 515 464 464 516 516 465 465 464 464 515 515 516 516 465 465 517 517 466 466 465 465 516 516 517 517 466 466 518 518 467 467 466 466 517 517 518 518 467 467 519 519 468 468 467 467 518 518 519 519 468 468 520 520 469 469 468 468 519 519 520 520 469 469 521 521 470 470 469 469 520 520 521 521 470 470 522 522 471 471 470 470 521 521 522 522 471 471 523 523 472 472 471 471 522 522 523 523 472 472 524 524 473 473 472 472 523 523 524 524 473 473 525 525 474 474 473 473 524 524 525 525 474 474 526 526 475 475 474 474 525 525 526 526 475 475 527 527 476 476 475 475 526 526 527 527 476 476 528 528 477 477 476 476 527 527 528 528 477 477 529 529 478 478 477 477 528 528 529 529 478 478 530 530 479 479 478 478 529 529 530 530 479 479 531 531 480 480 479 479 530 530 531 531 480 480 532 532 481 481 480 480 531 531 532 532 481 481 533 533 482 482 481 481 532 532 533 533 482 482 534 534 483 483 482 482 533 533 534 534 483 483 535 535 484 484 483 483 534 534 535 535 484 484 536 536 485 485 484 484 535 535 536 536 485 485 537 537 486 486 485 485 536 536 537 537 486 486 538 538 487 487 486 486 537 537 538 538 487 487 539 539 488 488 487 487 538 538 539 539 488 488 540 540 489 489 488 488 539 539 540 540 489 489 541 541 490 490 489 489 540 540 541 541 490 490 542 542 491 491 490 490 541 541 542 542 491 491 543 543 492 492 491 491 542 542 543 543 492 492 544 544 493 493 492 492 543 543 544 544 493 493 545 545 494 494 493 493 544 544 545 545 494 494 546 546 495 495 494 494 545 545 546 546 495 495 547 547 496 496 495 495 546 546 547 547 496 496 548 548 497 497 496 496 547 547 548 548 497 497 549 549 498 498 497 497 548 548 549 549 498 498 550 550 499 499 498 498 549 549 550 550 499 499 551 551 500 500 499 499 550 550 551 551 500 500 552 552 501 501 500 500 551 551 552 552 501 501 553 553 502 502 501 501 552 552 553 553 502 502 554 554 503 503 502 502 553 553 554 554 503 503 555 555 504 504 503 503 554 554 555 555 504 504 556 556 505 505 504 504 555 555 556 556 505 505 557 557 506 506 505 505 556 556 557 557 506 506 558 558 507 507 506 506 557 557 558 558 507 507 559 559 508 508 507 507 558 558 559 559 508 508 560 560 509 509 508 508 559 559 560 560 510 510 562 562 511 511 510 510 561 561 562 562 511 511 563 563 512 512 511 511 562 562 563 563 512 512 564 564 513 513 512 512 563 563 564 564 513 513 565 565 514 514 513 513 564 564 565 565 514 514 566 566 515 515 514 514 565 565 566 566 515 515 567 567 516 516 515 515 566 566 567 567 516 516 568 568 517 517 516 516 567 567 568 568 517 517 569 569 518 518 517 517 568 568 569 569 518 518 570 570 519 519 518 518 569 569 570 570 519 519 571 571 520 520 519 519 570 570 571 571 520 520 572 572 521 521 520 520 571 571 572 572 521 521 573 573 522 522 521 521 572 572 573 573 522 522 574 574 523 523 522 522 573 573 574 574 523 523 575 575 524 524 523 523 574 574 575 575 524 524 576 576 525 525 524 524 575 575 576 576 525 525 577 577 526 526 525 525 576 576 577 577 526 526 578 578 527 527 526 526 577 577 578 578 527 527 579 579 528 528 527 527 578 578 579 579 528 528 580 580 529 529 528 528 579 579 580 580 529 529 581 581 530 530 529 529 580 580 581 581 530 530 582 582 531 531 530 530 581 581 582 582 531 531 583 583 532 532 531 531 582 582 583 583 532 532 584 584 533 533 532 532 583 583 584 584 533 533 585 585 534 534 533 533 584 584 585 585 534 534 586 586 535 535 534 534 585 585 586 586 535 535 587 587 536 536 535 535 586 586 587 587 536 536 588 588 537 537 536 536 587 587 588 588 537 537 589 589 538 538 537 537 588 588 589 589 538 538 590 590 539 539 538 538 589 589 590 590 539 539 591 591 540 540 539 539 590 590 591 591 540 540 592 592 541 541 540 540 591 591 592 592 541 541 593 593 542 542 541 541 592 592 593 593 542 542 594 594 543 543 542 542 593 593 594 594 543 543 595 595 544 544 543 543 594 594 595 595 544 544 596 596 545 545 544 544 595 595 596 596 545 545 597 597 546 546 545 545 596 596 597 597 546 546 598 598 547 547 546 546 597 597 598 598 547 547 599 599 548 548 547 547 598 598 599 599 548 548 600 600 549 549 548 548 599 599 600 600 549 549 601 601 550 550 549 549 600 600 601 601 550 550 602 602 551 551 550 550 601 601 602 602 551 551 603 603 552 552 551 551 602 602 603 603 552 552 604 604 553 553 552 552 603 603 604 604 553 553 605 605 554 554 553 553 604 604 605 605 554 554 606 606 555 555 554 554 605 605 606 606 555 555 607 607 556 556 555 555 606 606 607 607 556 556 608 608 557 557 556 556 607 607 608 608 557 557 609 609 558 558 557 557 608 608 609 609 558 558 610 610 559 559 558 558 609 609 610 610 559 559 611 611 560 560 559 559 610 610 611 611 561 561 613 613 562 562 561 561 612 612 613 613 562 562 614 614 563 563 562 562 613 613 614 614 563 563 615 615 564 564 563 563 614 614 615 615 564 564 616 616 565 565 564 564 615 615 616 616 565 565 617 617 566 566 565 565 616 616 617 617 566 566 618 618 567 567 566 566 617 617 618 618 567 567 619 619 568 568 567 567 618 618 619 619 568 568 620 620 569 569 568 568 619 619 620 620 569 569 621 621 570 570 569 569 620 620 621 621 570 570 622 622 571 571 570 570 621 621 622 622 571 571 623 623 572 572 571 571 622 622 623 623 572 572 624 624 573 573 572 572 623 623 624 624 573 573 625 625 574 574 573 573 624 624 625 625 574 574 626 626 575 575 574 574 625 625 626 626 575 575 627 627 576 576 575 575 626 626 627 627 576 576 628 628 577 577 576 576 627 627 628 628 577 577 629 629 578 578 577 577 628 628 629 629 578 578 630 630 579 579 578 578 629 629 630 630 579 579 631 631 580 580 579 579 630 630 631 631 580 580 632 632 581 581 580 580 631 631 632 632 581 581 633 633 582 582 581 581 632 632 633 633 582 582 634 634 583 583 582 582 633 633 634 634 583 583 635 635 584 584 583 583 634 634 635 635 584 584 636 636 585 585 584 584 635 635 636 636 585 585 637 637 586 586 585 585 636 636 637 637 586 586 638 638 587 587 586 586 637 637 638 638 587 587 639 639 588 588 587 587 638 638 639 639 588 588 640 640 589 589 588 588 639 639 640 640 589 589 641 641 590 590 589 589 640 640 641 641 590 590 642 642 591 591 590 590 641 641 642 642 591 591 643 643 592 592 591 591 642 642 643 643 592 592 644 644 593 593 592 592 643 643 644 644 593 593 645 645 594 594 593 593 644 644 645 645 594 594 646 646 595 595 594 594 645 645 646 646 595 595 647 647 596 596 595 595 646 646 647 647 596 596 648 648 597 597 596 596 647 647 648 648 597 597 649 649 598 598 597 597 648 648 649 649 598 598 650 650 599 599 598 598 649 649 650 650 599 599 651 651 600 600 599 599 650 650 651 651 600 600 652 652 601 601 600 600 651 651 652 652 601 601 653 653 602 602 601 601 652 652 653 653 602 602 654 654 603 603 602 602 653 653 654 654 603 603 655 655 604 604 603 603 654 654 655 655 604 604 656 656 605 605 604 604 655 655 656 656 605 605 657 657 606 606 605 605 656 656 657 657 606 606 658 658 607 607 606 606 657 657 658 658 607 607 659 659 608 608 607 607 658 658 659 659 608 608 660 660 609 609 608 608 659 659 660 660 609 609 661 661 610 610 609 609 660 660 661 661 610 610 662 662 611 611 610 610 661 661 662 662 612 612 664 664 613 613 612 612 663 663 664 664 613 613 665 665 614 614 613 613 664 664 665 665 614 614 666 666 615 615 614 614 665 665 666 666 615 615 667 667 616 616 615 615 666 666 667 667 616 616 668 668 617 617 616 616 667 667 668 668 617 617 669 669 618 618 617 617 668 668 669 669 618 618 670 670 619 619 618 618 669 669 670 670 619 619 671 671 620 620 619 619 670 670 671 671 620 620 672 672 621 621 620 620 671 671 672 672 621 621 673 673 622 622 621 621 672 672 673 673 622 622 674 674 623 623 622 622 673 673 674 674 623 623 675 675 624 624 623 623 674 674 675 675 624 624 676 676 625 625 624 624 675 675 676 676 625 625 677 677 626 626 625 625 676 676 677 677 626 626 678 678 627 627 626 626 677 677 678 678 627 627 679 679 628 628 627 627 678 678 679 679 628 628 680 680 629 629 628 628 679 679 680 680 629 629 681 681 630 630 629 629 680 680 681 681 630 630 682 682 631 631 630 630 681 681 682 682 631 631 683 683 632 632 631 631 682 682 683 683 632 632 684 684 633 633 632 632 683 683 684 684 633 633 685 685 634 634 633 633 684 684 685 685 634 634 686 686 635 635 634 634 685 685 686 686 635 635 687 687 636 636 635 635 686 686 687 687 636 636 688 688 637 637 636 636 687 687 688 688 637 637 689 689 638 638 637 637 688 688 689 689 638 638 690 690 639 639 638 638 689 689 690 690 639 639 691 691 640 640 639 639 690 690 691 691 640 640 692 692 641 641 640 640 691 691 692 692 641 641 693 693 642 642 641 641 692 692 693 693 642 642 694 694 643 643 642 642 693 693 694 694 643 643 695 695 644 644 643 643 694 694 695 695 644 644 696 696 645 645 644 644 695 695 696 696 645 645 697 697 646 646 645 645 696 696 697 697 646 646 698 698 647 647 646 646 697 697 698 698 647 647 699 699 648 648 647 647 698 698 699 699 648 648 700 700 649 649 648 648 699 699 700 700 649 649 701 701 650 650 649 649 700 700 701 701 650 650 702 702 651 651 650 650 701 701 702 702 651 651 703 703 652 652 651 651 702 702 703 703 652 652 704 704 653 653 652 652 703 703 704 704 653 653 705 705 654 654 653 653 704 704 705 705 654 654 706 706 655 655 654 654 705 705 706 706 655 655 707 707 656 656 655 655 706 706 707 707 656 656 708 708 657 657 656 656 707 707 708 708 657 657 709 709 658 658 657 657 708 708 709 709 658 658 710 710 659 659 658 658 709 709 710 710 659 659 711 711 660 660 659 659 710 710 711 711 660 660 712 712 661 661 660 660 711 711 712 712 661 661 713 713 662 662 661 661 712 712 713 713 663 663 715 715 664 664 663 663 714 714 715 715 664 664 716 716 665 665 664 664 715 715 716 716 665 665 717 717 666 666 665 665 716 716 717 717 666 666 718 718 667 667 666 666 717 717 718 718 667 667 719 719 668 668 667 667 718 718 719 719 668 668 720 720 669 669 668 668 719 719 720 720 669 669 721 721 670 670 669 669 720 720 721 721 670 670 722 722 671 671 670 670 721 721 722 722 671 671 723 723 672 672 671 671 722 722 723 723 672 672 724 724 673 673 672 672 723 723 724 724 673 673 725 725 674 674 673 673 724 724 725 725 674 674 726 726 675 675 674 674 725 725 726 726 675 675 727 727 676 676 675 675 726 726 727 727 676 676 728 728 677 677 676 676 727 727 728 728 677 677 729 729 678 678 677 677 728 728 729 729 678 678 730 730 679 679 678 678 729 729 730 730 679 679 731 731 680 680 679 679 730 730 731 731 680 680 732 732 681 681 680 680 731 731 732 732 681 681 733 733 682 682 681 681 732 732 733 733 682 682 734 734 683 683 682 682 733 733 734 734 683 683 735 735 684 684 683 683 734 734 735 735 684 684 736 736 685 685 684 684 735 735 736 736 685 685 737 737 686 686 685 685 736 736 737 737 686 686 738 738 687 687 686 686 737 737 738 738 687 687 739 739 688 688 687 687 738 738 739 739 688 688 740 740 689 689 688 688 739 739 740 740 689 689 741 741 690 690 689 689 740 740 741 741 690 690 742 742 691 691 690 690 741 741 742 742 691 691 743 743 692 692 691 691 742 742 743 743 692 692 744 744 693 693 692 692 743 743 744 744 693 693 745 745 694 694 693 693 744 744 745 745 694 694 746 746 695 695 694 694 745 745 746 746 695 695 747 747 696 696 695 695 746 746 747 747 696 696 748 748 697 697 696 696 747 747 748 748 697 697 749 749 698 698 697 697 748 748 749 749 698 698 750 750 699 699 698 698 749 749 750 750 699 699 751 751 700 700 699 699 750 750 751 751 700 700 752 752 701 701 700 700 751 751 752 752 701 701 753 753 702 702 701 701 752 752 753 753 702 702 754 754 703 703 702 702 753 753 754 754 703 703 755 755 704 704 703 703 754 754 755 755 704 704 756 756 705 705 704 704 755 755 756 756 705 705 757 757 706 706 705 705 756 756 757 757 706 706 758 758 707 707 706 706 757 757 758 758 707 707 759 759 708 708 707 707 758 758 759 759 708 708 760 760 709 709 708 708 759 759 760 760 709 709 761 761 710 710 709 709 760 760 761 761 710 710 762 762 711 711 710 710 761 761 762 762 711 711 763 763 712 712 711 711 762 762 763 763 712 712 764 764 713 713 712 712 763 763 764 764 714 714 766 766 715 715 714 714 765 765 766 766 715 715 767 767 716 716 715 715 766 766 767 767 716 716 768 768 717 717 716 716 767 767 768 768 717 717 769 769 718 718 717 717 768 768 769 769 718 718 770 770 719 719 718 718 769 769 770 770 719 719 771 771 720 720 719 719 770 770 771 771 720 720 772 772 721 721 720 720 771 771 772 772 721 721 773 773 722 722 721 721 772 772 773 773 722 722 774 774 723 723 722 722 773 773 774 774 723 723 775 775 724 724 723 723 774 774 775 775 724 724 776 776 725 725 724 724 775 775 776 776 725 725 777 777 726 726 725 725 776 776 777 777 726 726 778 778 727 727 726 726 777 777 778 778 727 727 779 779 728 728 727 727 778 778 779 779 728 728 780 780 729 729 728 728 779 779 780 780 729 729 781 781 730 730 729 729 780 780 781 781 730 730 782 782 731 731 730 730 781 781 782 782 731 731 783 783 732 732 731 731 782 782 783 783 732 732 784 784 733 733 732 732 783 783 784 784 733 733 785 785 734 734 733 733 784 784 785 785 734 734 786 786 735 735 734 734 785 785 786 786 735 735 787 787 736 736 735 735 786 786 787 787 736 736 788 788 737 737 736 736 787 787 788 788 737 737 789 789 738 738 737 737 788 788 789 789 738 738 790 790 739 739 738 738 789 789 790 790 739 739 791 791 740 740 739 739 790 790 791 791 740 740 792 792 741 741 740 740 791 791 792 792 741 741 793 793 742 742 741 741 792 792 793 793 742 742 794 794 743 743 742 742 793 793 794 794 743 743 795 795 744 744 743 743 794 794 795 795 744 744 796 796 745 745 744 744 795 795 796 796 745 745 797 797 746 746 745 745 796 796 797 797 746 746 798 798 747 747 746 746 797 797 798 798 747 747 799 799 748 748 747 747 798 798 799 799 748 748 800 800 749 749 748 748 799 799 800 800 749 749 801 801 750 750 749 749 800 800 801 801 750 750 802 802 751 751 750 750 801 801 802 802 751 751 803 803 752 752 751 751 802 802 803 803 752 752 804 804 753 753 752 752 803 803 804 804 753 753 805 805 754 754 753 753 804 804 805 805 754 754 806 806 755 755 754 754 805 805 806 806 755 755 807 807 756 756 755 755 806 806 807 807 756 756 808 808 757 757 756 756 807 807 808 808 757 757 809 809 758 758 757 757 808 808 809 809 758 758 810 810 759 759 758 758 809 809 810 810 759 759 811 811 760 760 759 759 810 810 811 811 760 760 812 812 761 761 760 760 811 811 812 812 761 761 813 813 762 762 761 761 812 812 813 813 762 762 814 814 763 763 762 762 813 813 814 814 763 763 815 815 764 764 763 763 814 814 815 815 765 765 817 817 766 766 765 765 816 816 817 817 766 766 818 818 767 767 766 766 817 817 818 818 767 767 819 819 768 768 767 767 818 818 819 819 768 768 820 820 769 769 768 768 819 819 820 820 769 769 821 821 770 770 769 769 820 820 821 821 770 770 822 822 771 771 770 770 821 821 822 822 771 771 823 823 772 772 771 771 822 822 823 823 772 772 824 824 773 773 772 772 823 823 824 824 773 773 825 825 774 774 773 773 824 824 825 825 774 774 826 826 775 775 774 774 825 825 826 826 775 775 827 827 776 776 775 775 826 826 827 827 776 776 828 828 777 777 776 776 827 827 828 828 777 777 829 829 778 778 777 777 828 828 829 829 778 778 830 830 779 779 778 778 829 829 830 830 779 779 831 831 780 780 779 779 830 830 831 831 780 780 832 832 781 781 780 780 831 831 832 832 781 781 833 833 782 782 781 781 832 832 833 833 782 782 834 834 783 783 782 782 833 833 834 834 783 783 835 835 784 784 783 783 834 834 835 835 784 784 836 836 785 785 784 784 835 835 836 836 785 785 837 837 786 786 785 785 836 836 837 837 786 786 838 838 787 787 786 786 837 837 838 838 787 787 839 839 788 788 787 787 838 838 839 839 788 788 840 840 789 789 788 788 839 839 840 840 789 789 841 841 790 790 789 789 840 840 841 841 790 790 842 842 791 791 790 790 841 841 842 842 791 791 843 843 792 792 791 791 842 842 843 843 792 792 844 844 793 793 792 792 843 843 844 844 793 793 845 845 794 794 793 793 844 844 845 845 794 794 846 846 795 795 794 794 845 845 846 846 795 795 847 847 796 796 795 795 846 846 847 847 796 796 848 848 797 797 796 796 847 847 848 848 797 797 849 849 798 798 797 797 848 848 849 849 798 798 850 850 799 799 798 798 849 849 850 850 799 799 851 851 800 800 799 799 850 850 851 851 800 800 852 852 801 801 800 800 851 851 852 852 801 801 853 853 802 802 801 801 852 852 853 853 802 802 854 854 803 803 802 802 853 853 854 854 803 803 855 855 804 804 803 803 854 854 855 855 804 804 856 856 805 805 804 804 855 855 856 856 805 805 857 857 806 806 805 805 856 856 857 857 806 806 858 858 807 807 806 806 857 857 858 858 807 807 859 859 808 808 807 807 858 858 859 859 808 808 860 860 809 809 808 808 859 859 860 860 809 809 861 861 810 810 809 809 860 860 861 861 810 810 862 862 811 811 810 810 861 861 862 862 811 811 863 863 812 812 811 811 862 862 863 863 812 812 864 864 813 813 812 812 863 863 864 864 813 813 865 865 814 814 813 813 864 864 865 865 814 814 866 866 815 815 814 814 865 865 866 866 816 816 868 868 817 817 816 816 867 867 868 868 817 817 869 869 818 818 817 817 868 868 869 869 818 818 870 870 819 819 818 818 869 869 870 870 819 819 871 871 820 820 819 819 870 870 871 871 820 820 872 872 821 821 820 820 871 871 872 872 821 821 873 873 822 822 821 821 872 872 873 873 822 822 874 874 823 823 822 822 873 873 874 874 823 823 875 875 824 824 823 823 874 874 875 875 824 824 876 876 825 825 824 824 875 875 876 876 825 825 877 877 826 826 825 825 876 876 877 877 826 826 878 878 827 827 826 826 877 877 878 878 827 827 879 879 828 828 827 827 878 878 879 879 828 828 880 880 829 829 828 828 879 879 880 880 829 829 881 881 830 830 829 829 880 880 881 881 830 830 882 882 831 831 830 830 881 881 882 882 831 831 883 883 832 832 831 831 882 882 883 883 832 832 884 884 833 833 832 832 883 883 884 884 833 833 885 885 834 834 833 833 884 884 885 885 834 834 886 886 835 835 834 834 885 885 886 886 835 835 887 887 836 836 835 835 886 886 887 887 836 836 888 888 837 837 836 836 887 887 888 888 837 837 889 889 838 838 837 837 888 888 889 889 838 838 890 890 839 839 838 838 889 889 890 890 839 839 891 891 840 840 839 839 890 890 891 891 840 840 892 892 841 841 840 840 891 891 892 892 841 841 893 893 842 842 841 841 892 892 893 893 842 842 894 894 843 843 842 842 893 893 894 894 843 843 895 895 844 844 843 843 894 894 895 895 844 844 896 896 845 845 844 844 895 895 896 896 845 845 897 897 846 846 845 845 896 896 897 897 846 846 898 898 847 847 846 846 897 897 898 898 847 847 899 899 848 848 847 847 898 898 899 899 848 848 900 900 849 849 848 848 899 899 900 900 849 849 901 901 850 850 849 849 900 900 901 901 850 850 902 902 851 851 850 850 901 901 902 902 851 851 903 903 852 852 851 851 902 902 903 903 852 852 904 904 853 853 852 852 903 903 904 904 853 853 905 905 854 854 853 853 904 904 905 905 854 854 906 906 855 855 854 854 905 905 906 906 855 855 907 907 856 856 855 855 906 906 907 907 856 856 908 908 857 857 856 856 907 907 908 908 857 857 909 909 858 858 857 857 908 908 909 909 858 858 910 910 859 859 858 858 909 909 910 910 859 859 911 911 860 860 859 859 910 910 911 911 860 860 912 912 861 861 860 860 911 911 912 912 861 861 913 913 862 862 861 861 912 912 913 913 862 862 914 914 863 863 862 862 913 913 914 914 863 863 915 915 864 864 863 863 914 914 915 915 864 864 916 916 865 865 864 864 915 915 916 916 865 865 917 917 866 866 865 865 916 916 917 917 867 867 919 919 868 868 867 867 918 918 919 919 868 868 920 920 869 869 868 868 919 919 920 920 869 869 921 921 870 870 869 869 920 920 921 921 870 870 922 922 871 871 870 870 921 921 922 922 871 871 923 923 872 872 871 871 922 922 923 923 872 872 924 924 873 873 872 872 923 923 924 924 873 873 925 925 874 874 873 873 924 924 925 925 874 874 926 926 875 875 874 874 925 925 926 926 875 875 927 927 876 876 875 875 926 926 927 927 876 876 928 928 877 877 876 876 927 927 928 928 877 877 929 929 878 878 877 877 928 928 929 929 878 878 930 930 879 879 878 878 929 929 930 930 879 879 931 931 880 880 879 879 930 930 931 931 880 880 932 932 881 881 880 880 931 931 932 932 881 881 933 933 882 882 881 881 932 932 933 933 882 882 934 934 883 883 882 882 933 933 934 934 883 883 935 935 884 884 883 883 934 934 935 935 884 884 936 936 885 885 884 884 935 935 936 936 885 885 937 937 886 886 885 885 936 936 937 937 886 886 938 938 887 887 886 886 937 937 938 938 887 887 939 939 888 888 887 887 938 938 939 939 888 888 940 940 889 889 888 888 939 939 940 940 889 889 941 941 890 890 889 889 940 940 941 941 890 890 942 942 891 891 890 890 941 941 942 942 891 891 943 943 892 892 891 891 942 942 943 943 892 892 944 944 893 893 892 892 943 943 944 944 893 893 945 945 894 894 893 893 944 944 945 945 894 894 946 946 895 895 894 894 945 945 946 946 895 895 947 947 896 896 895 895 946 946 947 947 896 896 948 948 897 897 896 896 947 947 948 948 897 897 949 949 898 898 897 897 948 948 949 949 898 898 950 950 899 899 898 898 949 949 950 950 899 899 951 951 900 900 899 899 950 950 951 951 900 900 952 952 901 901 900 900 951 951 952 952 901 901 953 953 902 902 901 901 952 952 953 953 902 902 954 954 903 903 902 902 953 953 954 954 903 903 955 955 904 904 903 903 954 954 955 955 904 904 956 956 905 905 904 904 955 955 956 956 905 905 957 957 906 906 905 905 956 956 957 957 906 906 958 958 907 907 906 906 957 957 958 958 907 907 959 959 908 908 907 907 958 958 959 959 908 908 960 960 909 909 908 908 959 959 960 960 909 909 961 961 910 910 909 909 960 960 961 961 910 910 962 962 911 911 910 910 961 961 962 962 911 911 963 963 912 912 911 911 962 962 963 963 912 912 964 964 913 913 912 912 963 963 964 964 913 913 965 965 914 914 913 913 964 964 965 965 914 914 966 966 915 915 914 914 965 965 966 966 915 915 967 967 916 916 915 915 966 966 967 967 916 916 968 968 917 917 916 916 967 967 968 968 918 918 970 970 919 919 918 918 969 969 970 970 919 919 971 971 920 920 919 919 970 970 971 971 920 920 972 972 921 921 920 920 971 971 972 972 921 921 973 973 922 922 921 921 972 972 973 973 922 922 974 974 923 923 922 922 973 973 974 974 923 923 975 975 924 924 923 923 974 974 975 975 924 924 976 976 925 925 924 924 975 975 976 976 925 925 977 977 926 926 925 925 976 976 977 977 926 926 978 978 927 927 926 926 977 977 978 978 927 927 979 979 928 928 927 927 978 978 979 979 928 928 980 980 929 929 928 928 979 979 980 980 929 929 981 981 930 930 929 929 980 980 981 981 930 930 982 982 931 931 930 930 981 981 982 982 931 931 983 983 932 932 931 931 982 982 983 983 932 932 984 984 933 933 932 932 983 983 984 984 933 933 985 985 934 934 933 933 984 984 985 985 934 934 986 986 935 935 934 934 985 985 986 986 935 935 987 987 936 936 935 935 986 986 987 987 936 936 988 988 937 937 936 936 987 987 988 988 937 937 989 989 938 938 937 937 988 988 989 989 938 938 990 990 939 939 938 938 989 989 990 990 939 939 991 991 940 940 939 939 990 990 991 991 940 940 992 992 941 941 940 940 991 991 992 992 941 941 993 993 942 942 941 941 992 992 993 993 942 942 994 994 943 943 942 942 993 993 994 994 943 943 995 995 944 944 943 943 994 994 995 995 944 944 996 996 945 945 944 944 995 995 996 996 945 945 997 997 946 946 945 945 996 996 997 997 946 946 998 998 947 947 946 946 997 997 998 998 947 947 999 999 948 948 947 947 998 998 999 999 948 948 1000 1000 949 949 948 948 999 999 1000 1000 949 949 1001 1001 950 950 949 949 1000 1000 1001 1001 950 950 1002 1002 951 951 950 950 1001 1001 1002 1002 951 951 1003 1003 952 952 951 951 1002 1002 1003 1003 952 952 1004 1004 953 953 952 952 1003 1003 1004 1004 953 953 1005 1005 954 954 953 953 1004 1004 1005 1005 954 954 1006 1006 955 955 954 954 1005 1005 1006 1006 955 955 1007 1007 956 956 955 955 1006 1006 1007 1007 956 956 1008 1008 957 957 956 956 1007 1007 1008 1008 957 957 1009 1009 958 958 957 957 1008 1008 1009 1009 958 958 1010 1010 959 959 958 958 1009 1009 1010 1010 959 959 1011 1011 960 960 959 959 1010 1010 1011 1011 960 960 1012 1012 961 961 960 960 1011 1011 1012 1012 961 961 1013 1013 962 962 961 961 1012 1012 1013 1013 962 962 1014 1014 963 963 962 962 1013 1013 1014 1014 963 963 1015 1015 964 964 963 963 1014 1014 1015 1015 964 964 1016 1016 965 965 964 964 1015 1015 1016 1016 965 965 1017 1017 966 966 965 965 1016 1016 1017 1017 966 966 1018 1018 967 967 966 966 1017 1017 1018 1018 967 967 1019 1019 968 968 967 967 1018 1018 1019 1019 969 969 1021 1021 970 970 969 969 1020 1020 1021 1021 970 970 1022 1022 971 971 970 970 1021 1021 1022 1022 971 971 1023 1023 972 972 971 971 1022 1022 1023 1023 972 972 1024 1024 973 973 972 972 1023 1023 1024 1024 973 973 1025 1025 974 974 973 973 1024 1024 1025 1025 974 974 1026 1026 975 975 974 974 1025 1025 1026 1026 975 975 1027 1027 976 976 975 975 1026 1026 1027 1027 976 976 1028 1028 977 977 976 976 1027 1027 1028 1028 977 977 1029 1029 978 978 977 977 1028 1028 1029 1029 978 978 1030 1030 979 979 978 978 1029 1029 1030 1030 979 979 1031 1031 980 980 979 979 1030 1030 1031 1031 980 980 1032 1032 981 981 980 980 1031 1031 1032 1032 981 981 1033 1033 982 982 981 981 1032 1032 1033 1033 982 982 1034 1034 983 983 982 982 1033 1033 1034 1034 983 983 1035 1035 984 984 983 983 1034 1034 1035 1035 984 984 1036 1036 985 985 984 984 1035 1035 1036 1036 985 985 1037 1037 986 986 985 985 1036 1036 1037 1037 986 986 1038 1038 987 987 986 986 1037 1037 1038 1038 987 987 1039 1039 988 988 987 987 1038 1038 1039 1039 988 988 1040 1040 989 989 988 988 1039 1039 1040 1040 989 989 1041 1041 990 990 989 989 1040 1040 1041 1041 990 990 1042 1042 991 991 990 990 1041 1041 1042 1042 991 991 1043 1043 992 992 991 991 1042 1042 1043 1043 992 992 1044 1044 993 993 992 992 1043 1043 1044 1044 993 993 1045 1045 994 994 993 993 1044 1044 1045 1045 994 994 1046 1046 995 995 994 994 1045 1045 1046 1046 995 995 1047 1047 996 996 995 995 1046 1046 1047 1047 996 996 1048 1048 997 997 996 996 1047 1047 1048 1048 997 997 1049 1049 998 998 997 997 1048 1048 1049 1049 998 998 1050 1050 999 999 998 998 1049 1049 1050 1050 999 999 1051 1051 1000 1000 999 999 1050 1050 1051 1051 1000 1000 1052 1052 1001 1001 1000 1000 1051 1051 1052 1052 1001 1001 1053 1053 1002 1002 1001 1001 1052 1052 1053 1053 1002 1002 1054 1054 1003 1003 1002 1002 1053 1053 1054 1054 1003 1003 1055 1055 1004 1004 1003 1003 1054 1054 1055 1055 1004 1004 1056 1056 1005 1005 1004 1004 1055 1055 1056 1056 1005 1005 1057 1057 1006 1006 1005 1005 1056 1056 1057 1057 1006 1006 1058 1058 1007 1007 1006 1006 1057 1057 1058 1058 1007 1007 1059 1059 1008 1008 1007 1007 1058 1058 1059 1059 1008 1008 1060 1060 1009 1009 1008 1008 1059 1059 1060 1060 1009 1009 1061 1061 1010 1010 1009 1009 1060 1060 1061 1061 1010 1010 1062 1062 1011 1011 1010 1010 1061 1061 1062 1062 1011 1011 1063 1063 1012 1012 1011 1011 1062 1062 1063 1063 1012 1012 1064 1064 1013 1013 1012 1012 1063 1063 1064 1064 1013 1013 1065 1065 1014 1014 1013 1013 1064 1064 1065 1065 1014 1014 1066 1066 1015 1015 1014 1014 1065 1065 1066 1066 1015 1015 1067 1067 1016 1016 1015 1015 1066 1066 1067 1067 1016 1016 1068 1068 1017 1017 1016 1016 1067 1067 1068 1068 1017 1017 1069 1069 1018 1018 1017 1017 1068 1068 1069 1069 1018 1018 1070 1070 1019 1019 1018 1018 1069 1069 1070 1070 1020 1020 1072 1072 1021 1021 1020 1020 1071 1071 1072 1072 1021 1021 1073 1073 1022 1022 1021 1021 1072 1072 1073 1073 1022 1022 1074 1074 1023 1023 1022 1022 1073 1073 1074 1074 1023 1023 1075 1075 1024 1024 1023 1023 1074 1074 1075 1075 1024 1024 1076 1076 1025 1025 1024 1024 1075 1075 1076 1076 1025 1025 1077 1077 1026 1026 1025 1025 1076 1076 1077 1077 1026 1026 1078 1078 1027 1027 1026 1026 1077 1077 1078 1078 1027 1027 1079 1079 1028 1028 1027 1027 1078 1078 1079 1079 1028 1028 1080 1080 1029 1029 1028 1028 1079 1079 1080 1080 1029 1029 1081 1081 1030 1030 1029 1029 1080 1080 1081 1081 1030 1030 1082 1082 1031 1031 1030 1030 1081 1081 1082 1082 1031 1031 1083 1083 1032 1032 1031 1031 1082 1082 1083 1083 1032 1032 1084 1084 1033 1033 1032 1032 1083 1083 1084 1084 1033 1033 1085 1085 1034 1034 1033 1033 1084 1084 1085 1085 1034 1034 1086 1086 1035 1035 1034 1034 1085 1085 1086 1086 1035 1035 1087 1087 1036 1036 1035 1035 1086 1086 1087 1087 1036 1036 1088 1088 1037 1037 1036 1036 1087 1087 1088 1088 1037 1037 1089 1089 1038 1038 1037 1037 1088 1088 1089 1089 1038 1038 1090 1090 1039 1039 1038 1038 1089 1089 1090 1090 1039 1039 1091 1091 1040 1040 1039 1039 1090 1090 1091 1091 1040 1040 1092 1092 1041 1041 1040 1040 1091 1091 1092 1092 1041 1041 1093 1093 1042 1042 1041 1041 1092 1092 1093 1093 1042 1042 1094 1094 1043 1043 1042 1042 1093 1093 1094 1094 1043 1043 1095 1095 1044 1044 1043 1043 1094 1094 1095 1095 1044 1044 1096 1096 1045 1045 1044 1044 1095 1095 1096 1096 1045 1045 1097 1097 1046 1046 1045 1045 1096 1096 1097 1097 1046 1046 1098 1098 1047 1047 1046 1046 1097 1097 1098 1098 1047 1047 1099 1099 1048 1048 1047 1047 1098 1098 1099 1099 1048 1048 1100 1100 1049 1049 1048 1048 1099 1099 1100 1100 1049 1049 1101 1101 1050 1050 1049 1049 1100 1100 1101 1101 1050 1050 1102 1102 1051 1051 1050 1050 1101 1101 1102 1102 1051 1051 1103 1103 1052 1052 1051 1051 1102 1102 1103 1103 1052 1052 1104 1104 1053 1053 1052 1052 1103 1103 1104 1104 1053 1053 1105 1105 1054 1054 1053 1053 1104 1104 1105 1105 1054 1054 1106 1106 1055 1055 1054 1054 1105 1105 1106 1106 1055 1055 1107 1107 1056 1056 1055 1055 1106 1106 1107 1107 1056 1056 1108 1108 1057 1057 1056 1056 1107 1107 1108 1108 1057 1057 1109 1109 1058 1058 1057 1057 1108 1108 1109 1109 1058 1058 1110 1110 1059 1059 1058 1058 1109 1109 1110 1110 1059 1059 1111 1111 1060 1060 1059 1059 1110 1110 1111 1111 1060 1060 1112 1112 1061 1061 1060 1060 1111 1111 1112 1112 1061 1061 1113 1113 1062 1062 1061 1061 1112 1112 1113 1113 1062 1062 1114 1114 1063 1063 1062 1062 1113 1113 1114 1114 1063 1063 1115 1115 1064 1064 1063 1063 1114 1114 1115 1115 1064 1064 1116 1116 1065 1065 1064 1064 1115 1115 1116 1116 1065 1065 1117 1117 1066 1066 1065 1065 1116 1116 1117 1117 1066 1066 1118 1118 1067 1067 1066 1066 1117 1117 1118 1118 1067 1067 1119 1119 1068 1068 1067 1067 1118 1118 1119 1119 1068 1068 1120 1120 1069 1069 1068 1068 1119 1119 1120 1120 1069 1069 1121 1121 1070 1070 1069 1069 1120 1120 1121 1121 1071 1071 1123 1123 1072 1072 1071 1071 1122 1122 1123 1123 1072 1072 1124 1124 1073 1073 1072 1072 1123 1123 1124 1124 1073 1073 1125 1125 1074 1074 1073 1073 1124 1124 1125 1125 1074 1074 1126 1126 1075 1075 1074 1074 1125 1125 1126 1126 1075 1075 1127 1127 1076 1076 1075 1075 1126 1126 1127 1127 1076 1076 1128 1128 1077 1077 1076 1076 1127 1127 1128 1128 1077 1077 1129 1129 1078 1078 1077 1077 1128 1128 1129 1129 1078 1078 1130 1130 1079 1079 1078 1078 1129 1129 1130 1130 1079 1079 1131 1131 1080 1080 1079 1079 1130 1130 1131 1131 1080 1080 1132 1132 1081 1081 1080 1080 1131 1131 1132 1132 1081 1081 1133 1133 1082 1082 1081 1081 1132 1132 1133 1133 1082 1082 1134 1134 1083 1083 1082 1082 1133 1133 1134 1134 1083 1083 1135 1135 1084 1084 1083 1083 1134 1134 1135 1135 1084 1084 1136 1136 1085 1085 1084 1084 1135 1135 1136 1136 1085 1085 1137 1137 1086 1086 1085 1085 1136 1136 1137 1137 1086 1086 1138 1138 1087 1087 1086 1086 1137 1137 1138 1138 1087 1087 1139 1139 1088 1088 1087 1087 1138 1138 1139 1139 1088 1088 1140 1140 1089 1089 1088 1088 1139 1139 1140 1140 1089 1089 1141 1141 1090 1090 1089 1089 1140 1140 1141 1141 1090 1090 1142 1142 1091 1091 1090 1090 1141 1141 1142 1142 1091 1091 1143 1143 1092 1092 1091 1091 1142 1142 1143 1143 1092 1092 1144 1144 1093 1093 1092 1092 1143 1143 1144 1144 1093 1093 1145 1145 1094 1094 1093 1093 1144 1144 1145 1145 1094 1094 1146 1146 1095 1095 1094 1094 1145 1145 1146 1146 1095 1095 1147 1147 1096 1096 1095 1095 1146 1146 1147 1147 1096 1096 1148 1148 1097 1097 1096 1096 1147 1147 1148 1148 1097 1097 1149 1149 1098 1098 1097 1097 1148 1148 1149 1149 1098 1098 1150 1150 1099 1099 1098 1098 1149 1149 1150 1150 1099 1099 1151 1151 1100 1100 1099 1099 1150 1150 1151 1151 1100 1100 1152 1152 1101 1101 1100 1100 1151 1151 1152 1152 1101 1101 1153 1153 1102 1102 1101 1101 1152 1152 1153 1153 1102 1102 1154 1154 1103 1103 1102 1102 1153 1153 1154 1154 1103 1103 1155 1155 1104 1104 1103 1103 1154 1154 1155 1155 1104 1104 1156 1156 1105 1105 1104 1104 1155 1155 1156 1156 1105 1105 1157 1157 1106 1106 1105 1105 1156 1156 1157 1157 1106 1106 1158 1158 1107 1107 1106 1106 1157 1157 1158 1158 1107 1107 1159 1159 1108 1108 1107 1107 1158 1158 1159 1159 1108 1108 1160 1160 1109 1109 1108 1108 1159 1159 1160 1160 1109 1109 1161 1161 1110 1110 1109 1109 1160 1160 1161 1161 1110 1110 1162 1162 1111 1111 1110 1110 1161 1161 1162 1162 1111 1111 1163 1163 1112 1112 1111 1111 1162 1162 1163 1163 1112 1112 1164 1164 1113 1113 1112 1112 1163 1163 1164 1164 1113 1113 1165 1165 1114 1114 1113 1113 1164 1164 1165 1165 1114 1114 1166 1166 1115 1115 1114 1114 1165 1165 1166 1166 1115 1115 1167 1167 1116 1116 1115 1115 1166 1166 1167 1167 1116 1116 1168 1168 1117 1117 1116 1116 1167 1167 1168 1168 1117 1117 1169 1169 1118 1118 1117 1117 1168 1168 1169 1169 1118 1118 1170 1170 1119 1119 1118 1118 1169 1169 1170 1170 1119 1119 1171 1171 1120 1120 1119 1119 1170 1170 1171 1171 1120 1120 1172 1172 1121 1121 1120 1120 1171 1171 1172 1172 1122 1122 1174 1174 1123 1123 1122 1122 1173 1173 1174 1174 1123 1123 1175 1175 1124 1124 1123 1123 1174 1174 1175 1175 1124 1124 1176 1176 1125 1125 1124 1124 1175 1175 1176 1176 1125 1125 1177 1177 1126 1126 1125 1125 1176 1176 1177 1177 1126 1126 1178 1178 1127 1127 1126 1126 1177 1177 1178 1178 1127 1127 1179 1179 1128 1128 1127 1127 1178 1178 1179 1179 1128 1128 1180 1180 1129 1129 1128 1128 1179 1179 1180 1180 1129 1129 1181 1181 1130 1130 1129 1129 1180 1180 1181 1181 1130 1130 1182 1182 1131 1131 1130 1130 1181 1181 1182 1182 1131 1131 1183 1183 1132 1132 1131 1131 1182 1182 1183 1183 1132 1132 1184 1184 1133 1133 1132 1132 1183 1183 1184 1184 1133 1133 1185 1185 1134 1134 1133 1133 1184 1184 1185 1185 1134 1134 1186 1186 1135 1135 1134 1134 1185 1185 1186 1186 1135 1135 1187 1187 1136 1136 1135 1135 1186 1186 1187 1187 1136 1136 1188 1188 1137 1137 1136 1136 1187 1187 1188 1188 1137 1137 1189 1189 1138 1138 1137 1137 1188 1188 1189 1189 1138 1138 1190 1190 1139 1139 1138 1138 1189 1189 1190 1190 1139 1139 1191 1191 1140 1140 1139 1139 1190 1190 1191 1191 1140 1140 1192 1192 1141 1141 1140 1140 1191 1191 1192 1192 1141 1141 1193 1193 1142 1142 1141 1141 1192 1192 1193 1193 1142 1142 1194 1194 1143 1143 1142 1142 1193 1193 1194 1194 1143 1143 1195 1195 1144 1144 1143 1143 1194 1194 1195 1195 1144 1144 1196 1196 1145 1145 1144 1144 1195 1195 1196 1196 1145 1145 1197 1197 1146 1146 1145 1145 1196 1196 1197 1197 1146 1146 1198 1198 1147 1147 1146 1146 1197 1197 1198 1198 1147 1147 1199 1199 1148 1148 1147 1147 1198 1198 1199 1199 1148 1148 1200 1200 1149 1149 1148 1148 1199 1199 1200 1200 1149 1149 1201 1201 1150 1150 1149 1149 1200 1200 1201 1201 1150 1150 1202 1202 1151 1151 1150 1150 1201 1201 1202 1202 1151 1151 1203 1203 1152 1152 1151 1151 1202 1202 1203 1203 1152 1152 1204 1204 1153 1153 1152 1152 1203 1203 1204 1204 1153 1153 1205 1205 1154 1154 1153 1153 1204 1204 1205 1205 1154 1154 1206 1206 1155 1155 1154 1154 1205 1205 1206 1206 1155 1155 1207 1207 1156 1156 1155 1155 1206 1206 1207 1207 1156 1156 1208 1208 1157 1157 1156 1156 1207 1207 1208 1208 1157 1157 1209 1209 1158 1158 1157 1157 1208 1208 1209 1209 1158 1158 1210 1210 1159 1159 1158 1158 1209 1209 1210 1210 1159 1159 1211 1211 1160 1160 1159 1159 1210 1210 1211 1211 1160 1160 1212 1212 1161 1161 1160 1160 1211 1211 1212 1212 1161 1161 1213 1213 1162 1162 1161 1161 1212 1212 1213 1213 1162 1162 1214 1214 1163 1163 1162 1162 1213 1213 1214 1214 1163 1163 1215 1215 1164 1164 1163 1163 1214 1214 1215 1215 1164 1164 1216 1216 1165 1165 1164 1164 1215 1215 1216 1216 1165 1165 1217 1217 1166 1166 1165 1165 1216 1216 1217 1217 1166 1166 1218 1218 1167 1167 1166 1166 1217 1217 1218 1218 1167 1167 1219 1219 1168 1168 1167 1167 1218 1218 1219 1219 1168 1168 1220 1220 1169 1169 1168 1168 1219 1219 1220 1220 1169 1169 1221 1221 1170 1170 1169 1169 1220 1220 1221 1221 1170 1170 1222 1222 1171 1171 1170 1170 1221 1221 1222 1222 1171 1171 1223 1223 1172 1172 1171 1171 1222 1222 1223 1223 1173 1173 1225 1225 1174 1174 1173 1173 1224 1224 1225 1225 1174 1174 1226 1226 1175 1175 1174 1174 1225 1225 1226 1226 1175 1175 1227 1227 1176 1176 1175 1175 1226 1226 1227 1227 1176 1176 1228 1228 1177 1177 1176 1176 1227 1227 1228 1228 1177 1177 1229 1229 1178 1178 1177 1177 1228 1228 1229 1229 1178 1178 1230 1230 1179 1179 1178 1178 1229 1229 1230 1230 1179 1179 1231 1231 1180 1180 1179 1179 1230 1230 1231 1231 1180 1180 1232 1232 1181 1181 1180 1180 1231 1231 1232 1232 1181 1181 1233 1233 1182 1182 1181 1181 1232 1232 1233 1233 1182 1182 1234 1234 1183 1183 1182 1182 1233 1233 1234 1234 1183 1183 1235 1235 1184 1184 1183 1183 1234 1234 1235 1235 1184 1184 1236 1236 1185 1185 1184 1184 1235 1235 1236 1236 1185 1185 1237 1237 1186 1186 1185 1185 1236 1236 1237 1237 1186 1186 1238 1238 1187 1187 1186 1186 1237 1237 1238 1238 1187 1187 1239 1239 1188 1188 1187 1187 1238 1238 1239 1239 1188 1188 1240 1240 1189 1189 1188 1188 1239 1239 1240 1240 1189 1189 1241 1241 1190 1190 1189 1189 1240 1240 1241 1241 1190 1190 1242 1242 1191 1191 1190 1190 1241 1241 1242 1242 1191 1191 1243 1243 1192 1192 1191 1191 1242 1242 1243 1243 1192 1192 1244 1244 1193 1193 1192 1192 1243 1243 1244 1244 1193 1193 1245 1245 1194 1194 1193 1193 1244 1244 1245 1245 1194 1194 1246 1246 1195 1195 1194 1194 1245 1245 1246 1246 1195 1195 1247 1247 1196 1196 1195 1195 1246 1246 1247 1247 1196 1196 1248 1248 1197 1197 1196 1196 1247 1247 1248 1248 1197 1197 1249 1249 1198 1198 1197 1197 1248 1248 1249 1249 1198 1198 1250 1250 1199 1199 1198 1198 1249 1249 1250 1250 1199 1199 1251 1251 1200 1200 1199 1199 1250 1250 1251 1251 1200 1200 1252 1252 1201 1201 1200 1200 1251 1251 1252 1252 1201 1201 1253 1253 1202 1202 1201 1201 1252 1252 1253 1253 1202 1202 1254 1254 1203 1203 1202 1202 1253 1253 1254 1254 1203 1203 1255 1255 1204 1204 1203 1203 1254 1254 1255 1255 1204 1204 1256 1256 1205 1205 1204 1204 1255 1255 1256 1256 1205 1205 1257 1257 1206 1206 1205 1205 1256 1256 1257 1257 1206 1206 1258 1258 1207 1207 1206 1206 1257 1257 1258 1258 1207 1207 1259 1259 1208 1208 1207 1207 1258 1258 1259 1259 1208 1208 1260 1260 1209 1209 1208 1208 1259 1259 1260 1260 1209 1209 1261 1261 1210 1210 1209 1209 1260 1260 1261 1261 1210 1210 1262 1262 1211 1211 1210 1210 1261 1261 1262 1262 1211 1211 1263 1263 1212 1212 1211 1211 1262 1262 1263 1263 1212 1212 1264 1264 1213 1213 1212 1212 1263 1263 1264 1264 1213 1213 1265 1265 1214 1214 1213 1213 1264 1264 1265 1265 1214 1214 1266 1266 1215 1215 1214 1214 1265 1265 1266 1266 1215 1215 1267 1267 1216 1216 1215 1215 1266 1266 1267 1267 1216 1216 1268 1268 1217 1217 1216 1216 1267 1267 1268 1268 1217 1217 1269 1269 1218 1218 1217 1217 1268 1268 1269 1269 1218 1218 1270 1270 1219 1219 1218 1218 1269 1269 1270 1270 1219 1219 1271 1271 1220 1220 1219 1219 1270 1270 1271 1271 1220 1220 1272 1272 1221 1221 1220 1220 1271 1271 1272 1272 1221 1221 1273 1273 1222 1222 1221 1221 1272 1272 1273 1273 1222 1222 1274 1274 1223 1223 1222 1222 1273 1273 1274 1274 1224 1224 1276 1276 1225 1225 1224 1224 1275 1275 1276 1276 1225 1225 1277 1277 1226 1226 1225 1225 1276 1276 1277 1277 1226 1226 1278 1278 1227 1227 1226 1226 1277 1277 1278 1278 1227 1227 1279 1279 1228 1228 1227 1227 1278 1278 1279 1279 1228 1228 1280 1280 1229 1229 1228 1228 1279 1279 1280 1280 1229 1229 1281 1281 1230 1230 1229 1229 1280 1280 1281 1281 1230 1230 1282 1282 1231 1231 1230 1230 1281 1281 1282 1282 1231 1231 1283 1283 1232 1232 1231 1231 1282 1282 1283 1283 1232 1232 1284 1284 1233 1233 1232 1232 1283 1283 1284 1284 1233 1233 1285 1285 1234 1234 1233 1233 1284 1284 1285 1285 1234 1234 1286 1286 1235 1235 1234 1234 1285 1285 1286 1286 1235 1235 1287 1287 1236 1236 1235 1235 1286 1286 1287 1287 1236 1236 1288 1288 1237 1237 1236 1236 1287 1287 1288 1288 1237 1237 1289 1289 1238 1238 1237 1237 1288 1288 1289 1289 1238 1238 1290 1290 1239 1239 1238 1238 1289 1289 1290 1290 1239 1239 1291 1291 1240 1240 1239 1239 1290 1290 1291 1291 1240 1240 1292 1292 1241 1241 1240 1240 1291 1291 1292 1292 1241 1241 1293 1293 1242 1242 1241 1241 1292 1292 1293 1293 1242 1242 1294 1294 1243 1243 1242 1242 1293 1293 1294 1294 1243 1243 1295 1295 1244 1244 1243 1243 1294 1294 1295 1295 1244 1244 1296 1296 1245 1245 1244 1244 1295 1295 1296 1296 1245 1245 1297 1297 1246 1246 1245 1245 1296 1296 1297 1297 1246 1246 1298 1298 1247 1247 1246 1246 1297 1297 1298 1298 1247 1247 1299 1299 1248 1248 1247 1247 1298 1298 1299 1299 1248 1248 1300 1300 1249 1249 1248 1248 1299 1299 1300 1300 1249 1249 1301 1301 1250 1250 1249 1249 1300 1300 1301 1301 1250 1250 1302 1302 1251 1251 1250 1250 1301 1301 1302 1302 1251 1251 1303 1303 1252 1252 1251 1251 1302 1302 1303 1303 1252 1252 1304 1304 1253 1253 1252 1252 1303 1303 1304 1304 1253 1253 1305 1305 1254 1254 1253 1253 1304 1304 1305 1305 1254 1254 1306 1306 1255 1255 1254 1254 1305 1305 1306 1306 1255 1255 1307 1307 1256 1256 1255 1255 1306 1306 1307 1307 1256 1256 1308 1308 1257 1257 1256 1256 1307 1307 1308 1308 1257 1257 1309 1309 1258 1258 1257 1257 1308 1308 1309 1309 1258 1258 1310 1310 1259 1259 1258 1258 1309 1309 1310 1310 1259 1259 1311 1311 1260 1260 1259 1259 1310 1310 1311 1311 1260 1260 1312 1312 1261 1261 1260 1260 1311 1311 1312 1312 1261 1261 1313 1313 1262 1262 1261 1261 1312 1312 1313 1313 1262 1262 1314 1314 1263 1263 1262 1262 1313 1313 1314 1314 1263 1263 1315 1315 1264 1264 1263 1263 1314 1314 1315 1315 1264 1264 1316 1316 1265 1265 1264 1264 1315 1315 1316 1316 1265 1265 1317 1317 1266 1266 1265 1265 1316 1316 1317 1317 1266 1266 1318 1318 1267 1267 1266 1266 1317 1317 1318 1318 1267 1267 1319 1319 1268 1268 1267 1267 1318 1318 1319 1319 1268 1268 1320 1320 1269 1269 1268 1268 1319 1319 1320 1320 1269 1269 1321 1321 1270 1270 1269 1269 1320 1320 1321 1321 1270 1270 1322 1322 1271 1271 1270 1270 1321 1321 1322 1322 1271 1271 1323 1323 1272 1272 1271 1271 1322 1322 1323 1323 1272 1272 1324 1324 1273 1273 1272 1272 1323 1323 1324 1324 1273 1273 1325 1325 1274 1274 1273 1273 1324 1324 1325 1325 1275 1275 1327 1327 1276 1276 1275 1275 1326 1326 1327 1327 1276 1276 1328 1328 1277 1277 1276 1276 1327 1327 1328 1328 1277 1277 1329 1329 1278 1278 1277 1277 1328 1328 1329 1329 1278 1278 1330 1330 1279 1279 1278 1278 1329 1329 1330 1330 1279 1279 1331 1331 1280 1280 1279 1279 1330 1330 1331 1331 1280 1280 1332 1332 1281 1281 1280 1280 1331 1331 1332 1332 1281 1281 1333 1333 1282 1282 1281 1281 1332 1332 1333 1333 1282 1282 1334 1334 1283 1283 1282 1282 1333 1333 1334 1334 1283 1283 1335 1335 1284 1284 1283 1283 1334 1334 1335 1335 1284 1284 1336 1336 1285 1285 1284 1284 1335 1335 1336 1336 1285 1285 1337 1337 1286 1286 1285 1285 1336 1336 1337 1337 1286 1286 1338 1338 1287 1287 1286 1286 1337 1337 1338 1338 1287 1287 1339 1339 1288 1288 1287 1287 1338 1338 1339 1339 1288 1288 1340 1340 1289 1289 1288 1288 1339 1339 1340 1340 1289 1289 1341 1341 1290 1290 1289 1289 1340 1340 1341 1341 1290 1290 1342 1342 1291 1291 1290 1290 1341 1341 1342 1342 1291 1291 1343 1343 1292 1292 1291 1291 1342 1342 1343 1343 1292 1292 1344 1344 1293 1293 1292 1292 1343 1343 1344 1344 1293 1293 1345 1345 1294 1294 1293 1293 1344 1344 1345 1345 1294 1294 1346 1346 1295 1295 1294 1294 1345 1345 1346 1346 1295 1295 1347 1347 1296 1296 1295 1295 1346 1346 1347 1347 1296 1296 1348 1348 1297 1297 1296 1296 1347 1347 1348 1348 1297 1297 1349 1349 1298 1298 1297 1297 1348 1348 1349 1349 1298 1298 1350 1350 1299 1299 1298 1298 1349 1349 1350 1350 1299 1299 1351 1351 1300 1300 1299 1299 1350 1350 1351 1351 1300 1300 1352 1352 1301 1301 1300 1300 1351 1351 1352 1352 1301 1301 1353 1353 1302 1302 1301 1301 1352 1352 1353 1353 1302 1302 1354 1354 1303 1303 1302 1302 1353 1353 1354 1354 1303 1303 1355 1355 1304 1304 1303 1303 1354 1354 1355 1355 1304 1304 1356 1356 1305 1305 1304 1304 1355 1355 1356 1356 1305 1305 1357 1357 1306 1306 1305 1305 1356 1356 1357 1357 1306 1306 1358 1358 1307 1307 1306 1306 1357 1357 1358 1358 1307 1307 1359 1359 1308 1308 1307 1307 1358 1358 1359 1359 1308 1308 1360 1360 1309 1309 1308 1308 1359 1359 1360 1360 1309 1309 1361 1361 1310 1310 1309 1309 1360 1360 1361 1361 1310 1310 1362 1362 1311 1311 1310 1310 1361 1361 1362 1362 1311 1311 1363 1363 1312 1312 1311 1311 1362 1362 1363 1363 1312 1312 1364 1364 1313 1313 1312 1312 1363 1363 1364 1364 1313 1313 1365 1365 1314 1314 1313 1313 1364 1364 1365 1365 1314 1314 1366 1366 1315 1315 1314 1314 1365 1365 1366 1366 1315 1315 1367 1367 1316 1316 1315 1315 1366 1366 1367 1367 1316 1316 1368 1368 1317 1317 1316 1316 1367 1367 1368 1368 1317 1317 1369 1369 1318 1318 1317 1317 1368 1368 1369 1369 1318 1318 1370 1370 1319 1319 1318 1318 1369 1369 1370 1370 1319 1319 1371 1371 1320 1320 1319 1319 1370 1370 1371 1371 1320 1320 1372 1372 1321 1321 1320 1320 1371 1371 1372 1372 1321 1321 1373 1373 1322 1322 1321 1321 1372 1372 1373 1373 1322 1322 1374 1374 1323 1323 1322 1322 1373 1373 1374 1374 1323 1323 1375 1375 1324 1324 1323 1323 1374 1374 1375 1375 1324 1324 1376 1376 1325 1325 1324 1324 1375 1375 1376 1376 1326 1326 1378 1378 1327 1327 1326 1326 1377 1377 1378 1378 1327 1327 1379 1379 1328 1328 1327 1327 1378 1378 1379 1379 1328 1328 1380 1380 1329 1329 1328 1328 1379 1379 1380 1380 1329 1329 1381 1381 1330 1330 1329 1329 1380 1380 1381 1381 1330 1330 1382 1382 1331 1331 1330 1330 1381 1381 1382 1382 1331 1331 1383 1383 1332 1332 1331 1331 1382 1382 1383 1383 1332 1332 1384 1384 1333 1333 1332 1332 1383 1383 1384 1384 1333 1333 1385 1385 1334 1334 1333 1333 1384 1384 1385 1385 1334 1334 1386 1386 1335 1335 1334 1334 1385 1385 1386 1386 1335 1335 1387 1387 1336 1336 1335 1335 1386 1386 1387 1387 1336 1336 1388 1388 1337 1337 1336 1336 1387 1387 1388 1388 1337 1337 1389 1389 1338 1338 1337 1337 1388 1388 1389 1389 1338 1338 1390 1390 1339 1339 1338 1338 1389 1389 1390 1390 1339 1339 1391 1391 1340 1340 1339 1339 1390 1390 1391 1391 1340 1340 1392 1392 1341 1341 1340 1340 1391 1391 1392 1392 1341 1341 1393 1393 1342 1342 1341 1341 1392 1392 1393 1393 1342 1342 1394 1394 1343 1343 1342 1342 1393 1393 1394 1394 1343 1343 1395 1395 1344 1344 1343 1343 1394 1394 1395 1395 1344 1344 1396 1396 1345 1345 1344 1344 1395 1395 1396 1396 1345 1345 1397 1397 1346 1346 1345 1345 1396 1396 1397 1397 1346 1346 1398 1398 1347 1347 1346 1346 1397 1397 1398 1398 1347 1347 1399 1399 1348 1348 1347 1347 1398 1398 1399 1399 1348 1348 1400 1400 1349 1349 1348 1348 1399 1399 1400 1400 1349 1349 1401 1401 1350 1350 1349 1349 1400 1400 1401 1401 1350 1350 1402 1402 1351 1351 1350 1350 1401 1401 1402 1402 1351 1351 1403 1403 1352 1352 1351 1351 1402 1402 1403 1403 1352 1352 1404 1404 1353 1353 1352 1352 1403 1403 1404 1404 1353 1353 1405 1405 1354 1354 1353 1353 1404 1404 1405 1405 1354 1354 1406 1406 1355 1355 1354 1354 1405 1405 1406 1406 1355 1355 1407 1407 1356 1356 1355 1355 1406 1406 1407 1407 1356 1356 1408 1408 1357 1357 1356 1356 1407 1407 1408 1408 1357 1357 1409 1409 1358 1358 1357 1357 1408 1408 1409 1409 1358 1358 1410 1410 1359 1359 1358 1358 1409 1409 1410 1410 1359 1359 1411 1411 1360 1360 1359 1359 1410 1410 1411 1411 1360 1360 1412 1412 1361 1361 1360 1360 1411 1411 1412 1412 1361 1361 1413 1413 1362 1362 1361 1361 1412 1412 1413 1413 1362 1362 1414 1414 1363 1363 1362 1362 1413 1413 1414 1414 1363 1363 1415 1415 1364 1364 1363 1363 1414 1414 1415 1415 1364 1364 1416 1416 1365 1365 1364 1364 1415 1415 1416 1416 1365 1365 1417 1417 1366 1366 1365 1365 1416 1416 1417 1417 1366 1366 1418 1418 1367 1367 1366 1366 1417 1417 1418 1418 1367 1367 1419 1419 1368 1368 1367 1367 1418 1418 1419 1419 1368 1368 1420 1420 1369 1369 1368 1368 1419 1419 1420 1420 1369 1369 1421 1421 1370 1370 1369 1369 1420 1420 1421 1421 1370 1370 1422 1422 1371 1371 1370 1370 1421 1421 1422 1422 1371 1371 1423 1423 1372 1372 1371 1371 1422 1422 1423 1423 1372 1372 1424 1424 1373 1373 1372 1372 1423 1423 1424 1424 1373 1373 1425 1425 1374 1374 1373 1373 1424 1424 1425 1425 1374 1374 1426 1426 1375 1375 1374 1374 1425 1425 1426 1426 1375 1375 1427 1427 1376 1376 1375 1375 1426 1426 1427 1427 1377 1377 1429 1429 1378 1378 1377 1377 1428 1428 1429 1429 1378 1378 1430 1430 1379 1379 1378 1378 1429 1429 1430 1430 1379 1379 1431 1431 1380 1380 1379 1379 1430 1430 1431 1431 1380 1380 1432 1432 1381 1381 1380 1380 1431 1431 1432 1432 1381 1381 1433 1433 1382 1382 1381 1381 1432 1432 1433 1433 1382 1382 1434 1434 1383 1383 1382 1382 1433 1433 1434 1434 1383 1383 1435 1435 1384 1384 1383 1383 1434 1434 1435 1435 1384 1384 1436 1436 1385 1385 1384 1384 1435 1435 1436 1436 1385 1385 1437 1437 1386 1386 1385 1385 1436 1436 1437 1437 1386 1386 1438 1438 1387 1387 1386 1386 1437 1437 1438 1438 1387 1387 1439 1439 1388 1388 1387 1387 1438 1438 1439 1439 1388 1388 1440 1440 1389 1389 1388 1388 1439 1439 1440 1440 1389 1389 1441 1441 1390 1390 1389 1389 1440 1440 1441 1441 1390 1390 1442 1442 1391 1391 1390 1390 1441 1441 1442 1442 1391 1391 1443 1443 1392 1392 1391 1391 1442 1442 1443 1443 1392 1392 1444 1444 1393 1393 1392 1392 1443 1443 1444 1444 1393 1393 1445 1445 1394 1394 1393 1393 1444 1444 1445 1445 1394 1394 1446 1446 1395 1395 1394 1394 1445 1445 1446 1446 1395 1395 1447 1447 1396 1396 1395 1395 1446 1446 1447 1447 1396 1396 1448 1448 1397 1397 1396 1396 1447 1447 1448 1448 1397 1397 1449 1449 1398 1398 1397 1397 1448 1448 1449 1449 1398 1398 1450 1450 1399 1399 1398 1398 1449 1449 1450 1450 1399 1399 1451 1451 1400 1400 1399 1399 1450 1450 1451 1451 1400 1400 1452 1452 1401 1401 1400 1400 1451 1451 1452 1452 1401 1401 1453 1453 1402 1402 1401 1401 1452 1452 1453 1453 1402 1402 1454 1454 1403 1403 1402 1402 1453 1453 1454 1454 1403 1403 1455 1455 1404 1404 1403 1403 1454 1454 1455 1455 1404 1404 1456 1456 1405 1405 1404 1404 1455 1455 1456 1456 1405 1405 1457 1457 1406 1406 1405 1405 1456 1456 1457 1457 1406 1406 1458 1458 1407 1407 1406 1406 1457 1457 1458 1458 1407 1407 1459 1459 1408 1408 1407 1407 1458 1458 1459 1459 1408 1408 1460 1460 1409 1409 1408 1408 1459 1459 1460 1460 1409 1409 1461 1461 1410 1410 1409 1409 1460 1460 1461 1461 1410 1410 1462 1462 1411 1411 1410 1410 1461 1461 1462 1462 1411 1411 1463 1463 1412 1412 1411 1411 1462 1462 1463 1463 1412 1412 1464 1464 1413 1413 1412 1412 1463 1463 1464 1464 1413 1413 1465 1465 1414 1414 1413 1413 1464 1464 1465 1465 1414 1414 1466 1466 1415 1415 1414 1414 1465 1465 1466 1466 1415 1415 1467 1467 1416 1416 1415 1415 1466 1466 1467 1467 1416 1416 1468 1468 1417 1417 1416 1416 1467 1467 1468 1468 1417 1417 1469 1469 1418 1418 1417 1417 1468 1468 1469 1469 1418 1418 1470 1470 1419 1419 1418 1418 1469 1469 1470 1470 1419 1419 1471 1471 1420 1420 1419 1419 1470 1470 1471 1471 1420 1420 1472 1472 1421 1421 1420 1420 1471 1471 1472 1472 1421 1421 1473 1473 1422 1422 1421 1421 1472 1472 1473 1473 1422 1422 1474 1474 1423 1423 1422 1422 1473 1473 1474 1474 1423 1423 1475 1475 1424 1424 1423 1423 1474 1474 1475 1475 1424 1424 1476 1476 1425 1425 1424 1424 1475 1475 1476 1476 1425 1425 1477 1477 1426 1426 1425 1425 1476 1476 1477 1477 1426 1426 1478 1478 1427 1427 1426 1426 1477 1477 1478 1478 1428 1428 1480 1480 1429 1429 1428 1428 1479 1479 1480 1480 1429 1429 1481 1481 1430 1430 1429 1429 1480 1480 1481 1481 1430 1430 1482 1482 1431 1431 1430 1430 1481 1481 1482 1482 1431 1431 1483 1483 1432 1432 1431 1431 1482 1482 1483 1483 1432 1432 1484 1484 1433 1433 1432 1432 1483 1483 1484 1484 1433 1433 1485 1485 1434 1434 1433 1433 1484 1484 1485 1485 1434 1434 1486 1486 1435 1435 1434 1434 1485 1485 1486 1486 1435 1435 1487 1487 1436 1436 1435 1435 1486 1486 1487 1487 1436 1436 1488 1488 1437 1437 1436 1436 1487 1487 1488 1488 1437 1437 1489 1489 1438 1438 1437 1437 1488 1488 1489 1489 1438 1438 1490 1490 1439 1439 1438 1438 1489 1489 1490 1490 1439 1439 1491 1491 1440 1440 1439 1439 1490 1490 1491 1491 1440 1440 1492 1492 1441 1441 1440 1440 1491 1491 1492 1492 1441 1441 1493 1493 1442 1442 1441 1441 1492 1492 1493 1493 1442 1442 1494 1494 1443 1443 1442 1442 1493 1493 1494 1494 1443 1443 1495 1495 1444 1444 1443 1443 1494 1494 1495 1495 1444 1444 1496 1496 1445 1445 1444 1444 1495 1495 1496 1496 1445 1445 1497 1497 1446 1446 1445 1445 1496 1496 1497 1497 1446 1446 1498 1498 1447 1447 1446 1446 1497 1497 1498 1498 1447 1447 1499 1499 1448 1448 1447 1447 1498 1498 1499 1499 1448 1448 1500 1500 1449 1449 1448 1448 1499 1499 1500 1500 1449 1449 1501 1501 1450 1450 1449 1449 1500 1500 1501 1501 1450 1450 1502 1502 1451 1451 1450 1450 1501 1501 1502 1502 1451 1451 1503 1503 1452 1452 1451 1451 1502 1502 1503 1503 1452 1452 1504 1504 1453 1453 1452 1452 1503 1503 1504 1504 1453 1453 1505 1505 1454 1454 1453 1453 1504 1504 1505 1505 1454 1454 1506 1506 1455 1455 1454 1454 1505 1505 1506 1506 1455 1455 1507 1507 1456 1456 1455 1455 1506 1506 1507 1507 1456 1456 1508 1508 1457 1457 1456 1456 1507 1507 1508 1508 1457 1457 1509 1509 1458 1458 1457 1457 1508 1508 1509 1509 1458 1458 1510 1510 1459 1459 1458 1458 1509 1509 1510 1510 1459 1459 1511 1511 1460 1460 1459 1459 1510 1510 1511 1511 1460 1460 1512 1512 1461 1461 1460 1460 1511 1511 1512 1512 1461 1461 1513 1513 1462 1462 1461 1461 1512 1512 1513 1513 1462 1462 1514 1514 1463 1463 1462 1462 1513 1513 1514 1514 1463 1463 1515 1515 1464 1464 1463 1463 1514 1514 1515 1515 1464 1464 1516 1516 1465 1465 1464 1464 1515 1515 1516 1516 1465 1465 1517 1517 1466 1466 1465 1465 1516 1516 1517 1517 1466 1466 1518 1518 1467 1467 1466 1466 1517 1517 1518 1518 1467 1467 1519 1519 1468 1468 1467 1467 1518 1518 1519 1519 1468 1468 1520 1520 1469 1469 1468 1468 1519 1519 1520 1520 1469 1469 1521 1521 1470 1470 1469 1469 1520 1520 1521 1521 1470 1470 1522 1522 1471 1471 1470 1470 1521 1521 1522 1522 1471 1471 1523 1523 1472 1472 1471 1471 1522 1522 1523 1523 1472 1472 1524 1524 1473 1473 1472 1472 1523 1523 1524 1524 1473 1473 1525 1525 1474 1474 1473 1473 1524 1524 1525 1525 1474 1474 1526 1526 1475 1475 1474 1474 1525 1525 1526 1526 1475 1475 1527 1527 1476 1476 1475 1475 1526 1526 1527 1527 1476 1476 1528 1528 1477 1477 1476 1476 1527 1527 1528 1528 1477 1477 1529 1529 1478 1478 1477 1477 1528 1528 1529 1529 1479 1479 1531 1531 1480 1480 1479 1479 1530 1530 1531 1531 1480 1480 1532 1532 1481 1481 1480 1480 1531 1531 1532 1532 1481 1481 1533 1533 1482 1482 1481 1481 1532 1532 1533 1533 1482 1482 1534 1534 1483 1483 1482 1482 1533 1533 1534 1534 1483 1483 1535 1535 1484 1484 1483 1483 1534 1534 1535 1535 1484 1484 1536 1536 1485 1485 1484 1484 1535 1535 1536 1536 1485 1485 1537 1537 1486 1486 1485 1485 1536 1536 1537 1537 1486 1486 1538 1538 1487 1487 1486 1486 1537 1537 1538 1538 1487 1487 1539 1539 1488 1488 1487 1487 1538 1538 1539 1539 1488 1488 1540 1540 1489 1489 1488 1488 1539 1539 1540 1540 1489 1489 1541 1541 1490 1490 1489 1489 1540 1540 1541 1541 1490 1490 1542 1542 1491 1491 1490 1490 1541 1541 1542 1542 1491 1491 1543 1543 1492 1492 1491 1491 1542 1542 1543 1543 1492 1492 1544 1544 1493 1493 1492 1492 1543 1543 1544 1544 1493 1493 1545 1545 1494 1494 1493 1493 1544 1544 1545 1545 1494 1494 1546 1546 1495 1495 1494 1494 1545 1545 1546 1546 1495 1495 1547 1547 1496 1496 1495 1495 1546 1546 1547 1547 1496 1496 1548 1548 1497 1497 1496 1496 1547 1547 1548 1548 1497 1497 1549 1549 1498 1498 1497 1497 1548 1548 1549 1549 1498 1498 1550 1550 1499 1499 1498 1498 1549 1549 1550 1550 1499 1499 1551 1551 1500 1500 1499 1499 1550 1550 1551 1551 1500 1500 1552 1552 1501 1501 1500 1500 1551 1551 1552 1552 1501 1501 1553 1553 1502 1502 1501 1501 1552 1552 1553 1553 1502 1502 1554 1554 1503 1503 1502 1502 1553 1553 1554 1554 1503 1503 1555 1555 1504 1504 1503 1503 1554 1554 1555 1555 1504 1504 1556 1556 1505 1505 1504 1504 1555 1555 1556 1556 1505 1505 1557 1557 1506 1506 1505 1505 1556 1556 1557 1557 1506 1506 1558 1558 1507 1507 1506 1506 1557 1557 1558 1558 1507 1507 1559 1559 1508 1508 1507 1507 1558 1558 1559 1559 1508 1508 1560 1560 1509 1509 1508 1508 1559 1559 1560 1560 1509 1509 1561 1561 1510 1510 1509 1509 1560 1560 1561 1561 1510 1510 1562 1562 1511 1511 1510 1510 1561 1561 1562 1562 1511 1511 1563 1563 1512 1512 1511 1511 1562 1562 1563 1563 1512 1512 1564 1564 1513 1513 1512 1512 1563 1563 1564 1564 1513 1513 1565 1565 1514 1514 1513 1513 1564 1564 1565 1565 1514 1514 1566 1566 1515 1515 1514 1514 1565 1565 1566 1566 1515 1515 1567 1567 1516 1516 1515 1515 1566 1566 1567 1567 1516 1516 1568 1568 1517 1517 1516 1516 1567 1567 1568 1568 1517 1517 1569 1569 1518 1518 1517 1517 1568 1568 1569 1569 1518 1518 1570 1570 1519 1519 1518 1518 1569 1569 1570 1570 1519 1519 1571 1571 1520 1520 1519 1519 1570 1570 1571 1571 1520 1520 1572 1572 1521 1521 1520 1520 1571 1571 1572 1572 1521 1521 1573 1573 1522 1522 1521 1521 1572 1572 1573 1573 1522 1522 1574 1574 1523 1523 1522 1522 1573 1573 1574 1574 1523 1523 1575 1575 1524 1524 1523 1523 1574 1574 1575 1575 1524 1524 1576 1576 1525 1525 1524 1524 1575 1575 1576 1576 1525 1525 1577 1577 1526 1526 1525 1525 1576 1576 1577 1577 1526 1526 1578 1578 1527 1527 1526 1526 1577 1577 1578 1578 1527 1527 1579 1579 1528 1528 1527 1527 1578 1578 1579 1579 1528 1528 1580 1580 1529 1529 1528 1528 1579 1579 1580 1580 1530 1530 1582 1582 1531 1531 1530 1530 1581 1581 1582 1582 1531 1531 1583 1583 1532 1532 1531 1531 1582 1582 1583 1583 1532 1532 1584 1584 1533 1533 1532 1532 1583 1583 1584 1584 1533 1533 1585 1585 1534 1534 1533 1533 1584 1584 1585 1585 1534 1534 1586 1586 1535 1535 1534 1534 1585 1585 1586 1586 1535 1535 1587 1587 1536 1536 1535 1535 1586 1586 1587 1587 1536 1536 1588 1588 1537 1537 1536 1536 1587 1587 1588 1588 1537 1537 1589 1589 1538 1538 1537 1537 1588 1588 1589 1589 1538 1538 1590 1590 1539 1539 1538 1538 1589 1589 1590 1590 1539 1539 1591 1591 1540 1540 1539 1539 1590 1590 1591 1591 1540 1540 1592 1592 1541 1541 1540 1540 1591 1591 1592 1592 1541 1541 1593 1593 1542 1542 1541 1541 1592 1592 1593 1593 1542 1542 1594 1594 1543 1543 1542 1542 1593 1593 1594 1594 1543 1543 1595 1595 1544 1544 1543 1543 1594 1594 1595 1595 1544 1544 1596 1596 1545 1545 1544 1544 1595 1595 1596 1596 1545 1545 1597 1597 1546 1546 1545 1545 1596 1596 1597 1597 1546 1546 1598 1598 1547 1547 1546 1546 1597 1597 1598 1598 1547 1547 1599 1599 1548 1548 1547 1547 1598 1598 1599 1599 1548 1548 1600 1600 1549 1549 1548 1548 1599 1599 1600 1600 1549 1549 1601 1601 1550 1550 1549 1549 1600 1600 1601 1601 1550 1550 1602 1602 1551 1551 1550 1550 1601 1601 1602 1602 1551 1551 1603 1603 1552 1552 1551 1551 1602 1602 1603 1603 1552 1552 1604 1604 1553 1553 1552 1552 1603 1603 1604 1604 1553 1553 1605 1605 1554 1554 1553 1553 1604 1604 1605 1605 1554 1554 1606 1606 1555 1555 1554 1554 1605 1605 1606 1606 1555 1555 1607 1607 1556 1556 1555 1555 1606 1606 1607 1607 1556 1556 1608 1608 1557 1557 1556 1556 1607 1607 1608 1608 1557 1557 1609 1609 1558 1558 1557 1557 1608 1608 1609 1609 1558 1558 1610 1610 1559 1559 1558 1558 1609 1609 1610 1610 1559 1559 1611 1611 1560 1560 1559 1559 1610 1610 1611 1611 1560 1560 1612 1612 1561 1561 1560 1560 1611 1611 1612 1612 1561 1561 1613 1613 1562 1562 1561 1561 1612 1612 1613 1613 1562 1562 1614 1614 1563 1563 1562 1562 1613 1613 1614 1614 1563 1563 1615 1615 1564 1564 1563 1563 1614 1614 1615 1615 1564 1564 1616 1616 1565 1565 1564 1564 1615 1615 1616 1616 1565 1565 1617 1617 1566 1566 1565 1565 1616 1616 1617 1617 1566 1566 1618 1618 1567 1567 1566 1566 1617 1617 1618 1618 1567 1567 1619 1619 1568 1568 1567 1567 1618 1618 1619 1619 1568 1568 1620 1620 1569 1569 1568 1568 1619 1619 1620 1620 1569 1569 1621 1621 1570 1570 1569 1569 1620 1620 1621 1621 1570 1570 1622 1622 1571 1571 1570 1570 1621 1621 1622 1622 1571 1571 1623 1623 1572 1572 1571 1571 1622 1622 1623 1623 1572 1572 1624 1624 1573 1573 1572 1572 1623 1623 1624 1624 1573 1573 1625 1625 1574 1574 1573 1573 1624 1624 1625 1625 1574 1574 1626 1626 1575 1575 1574 1574 1625 1625 1626 1626 1575 1575 1627 1627 1576 1576 1575 1575 1626 1626 1627 1627 1576 1576 1628 1628 1577 1577 1576 1576 1627 1627 1628 1628 1577 1577 1629 1629 1578 1578 1577 1577 1628 1628 1629 1629 1578 1578 1630 1630 1579 1579 1578 1578 1629 1629 1630 1630 1579 1579 1631 1631 1580 1580 1579 1579 1630 1630 1631 1631 1581 1581 1633 1633 1582 1582 1581 1581 1632 1632 1633 1633 1582 1582 1634 1634 1583 1583 1582 1582 1633 1633 1634 1634 1583 1583 1635 1635 1584 1584 1583 1583 1634 1634 1635 1635 1584 1584 1636 1636 1585 1585 1584 1584 1635 1635 1636 1636 1585 1585 1637 1637 1586 1586 1585 1585 1636 1636 1637 1637 1586 1586 1638 1638 1587 1587 1586 1586 1637 1637 1638 1638 1587 1587 1639 1639 1588 1588 1587 1587 1638 1638 1639 1639 1588 1588 1640 1640 1589 1589 1588 1588 1639 1639 1640 1640 1589 1589 1641 1641 1590 1590 1589 1589 1640 1640 1641 1641 1590 1590 1642 1642 1591 1591 1590 1590 1641 1641 1642 1642 1591 1591 1643 1643 1592 1592 1591 1591 1642 1642 1643 1643 1592 1592 1644 1644 1593 1593 1592 1592 1643 1643 1644 1644 1593 1593 1645 1645 1594 1594 1593 1593 1644 1644 1645 1645 1594 1594 1646 1646 1595 1595 1594 1594 1645 1645 1646 1646 1595 1595 1647 1647 1596 1596 1595 1595 1646 1646 1647 1647 1596 1596 1648 1648 1597 1597 1596 1596 1647 1647 1648 1648 1597 1597 1649 1649 1598 1598 1597 1597 1648 1648 1649 1649 1598 1598 1650 1650 1599 1599 1598 1598 1649 1649 1650 1650 1599 1599 1651 1651 1600 1600 1599 1599 1650 1650 1651 1651 1600 1600 1652 1652 1601 1601 1600 1600 1651 1651 1652 1652 1601 1601 1653 1653 1602 1602 1601 1601 1652 1652 1653 1653 1602 1602 1654 1654 1603 1603 1602 1602 1653 1653 1654 1654 1603 1603 1655 1655 1604 1604 1603 1603 1654 1654 1655 1655 1604 1604 1656 1656 1605 1605 1604 1604 1655 1655 1656 1656 1605 1605 1657 1657 1606 1606 1605 1605 1656 1656 1657 1657 1606 1606 1658 1658 1607 1607 1606 1606 1657 1657 1658 1658 1607 1607 1659 1659 1608 1608 1607 1607 1658 1658 1659 1659 1608 1608 1660 1660 1609 1609 1608 1608 1659 1659 1660 1660 1609 1609 1661 1661 1610 1610 1609 1609 1660 1660 1661 1661 1610 1610 1662 1662 1611 1611 1610 1610 1661 1661 1662 1662 1611 1611 1663 1663 1612 1612 1611 1611 1662 1662 1663 1663 1612 1612 1664 1664 1613 1613 1612 1612 1663 1663 1664 1664 1613 1613 1665 1665 1614 1614 1613 1613 1664 1664 1665 1665 1614 1614 1666 1666 1615 1615 1614 1614 1665 1665 1666 1666 1615 1615 1667 1667 1616 1616 1615 1615 1666 1666 1667 1667 1616 1616 1668 1668 1617 1617 1616 1616 1667 1667 1668 1668 1617 1617 1669 1669 1618 1618 1617 1617 1668 1668 1669 1669 1618 1618 1670 1670 1619 1619 1618 1618 1669 1669 1670 1670 1619 1619 1671 1671 1620 1620 1619 1619 1670 1670 1671 1671 1620 1620 1672 1672 1621 1621 1620 1620 1671 1671 1672 1672 1621 1621 1673 1673 1622 1622 1621 1621 1672 1672 1673 1673 1622 1622 1674 1674 1623 1623 1622 1622 1673 1673 1674 1674 1623 1623 1675 1675 1624 1624 1623 1623 1674 1674 1675 1675 1624 1624 1676 1676 1625 1625 1624 1624 1675 1675 1676 1676 1625 1625 1677 1677 1626 1626 1625 1625 1676 1676 1677 1677 1626 1626 1678 1678 1627 1627 1626 1626 1677 1677 1678 1678 1627 1627 1679 1679 1628 1628 1627 1627 1678 1678 1679 1679 1628 1628 1680 1680 1629 1629 1628 1628 1679 1679 1680 1680 1629 1629 1681 1681 1630 1630 1629 1629 1680 1680 1681 1681 1630 1630 1682 1682 1631 1631 1630 1630 1681 1681 1682 1682 1632 1632 1684 1684 1633 1633 1632 1632 1683 1683 1684 1684 1633 1633 1685 1685 1634 1634 1633 1633 1684 1684 1685 1685 1634 1634 1686 1686 1635 1635 1634 1634 1685 1685 1686 1686 1635 1635 1687 1687 1636 1636 1635 1635 1686 1686 1687 1687 1636 1636 1688 1688 1637 1637 1636 1636 1687 1687 1688 1688 1637 1637 1689 1689 1638 1638 1637 1637 1688 1688 1689 1689 1638 1638 1690 1690 1639 1639 1638 1638 1689 1689 1690 1690 1639 1639 1691 1691 1640 1640 1639 1639 1690 1690 1691 1691 1640 1640 1692 1692 1641 1641 1640 1640 1691 1691 1692 1692 1641 1641 1693 1693 1642 1642 1641 1641 1692 1692 1693 1693 1642 1642 1694 1694 1643 1643 1642 1642 1693 1693 1694 1694 1643 1643 1695 1695 1644 1644 1643 1643 1694 1694 1695 1695 1644 1644 1696 1696 1645 1645 1644 1644 1695 1695 1696 1696 1645 1645 1697 1697 1646 1646 1645 1645 1696 1696 1697 1697 1646 1646 1698 1698 1647 1647 1646 1646 1697 1697 1698 1698 1647 1647 1699 1699 1648 1648 1647 1647 1698 1698 1699 1699 1648 1648 1700 1700 1649 1649 1648 1648 1699 1699 1700 1700 1649 1649 1701 1701 1650 1650 1649 1649 1700 1700 1701 1701 1650 1650 1702 1702 1651 1651 1650 1650 1701 1701 1702 1702 1651 1651 1703 1703 1652 1652 1651 1651 1702 1702 1703 1703 1652 1652 1704 1704 1653 1653 1652 1652 1703 1703 1704 1704 1653 1653 1705 1705 1654 1654 1653 1653 1704 1704 1705 1705 1654 1654 1706 1706 1655 1655 1654 1654 1705 1705 1706 1706 1655 1655 1707 1707 1656 1656 1655 1655 1706 1706 1707 1707 1656 1656 1708 1708 1657 1657 1656 1656 1707 1707 1708 1708 1657 1657 1709 1709 1658 1658 1657 1657 1708 1708 1709 1709 1658 1658 1710 1710 1659 1659 1658 1658 1709 1709 1710 1710 1659 1659 1711 1711 1660 1660 1659 1659 1710 1710 1711 1711 1660 1660 1712 1712 1661 1661 1660 1660 1711 1711 1712 1712 1661 1661 1713 1713 1662 1662 1661 1661 1712 1712 1713 1713 1662 1662 1714 1714 1663 1663 1662 1662 1713 1713 1714 1714 1663 1663 1715 1715 1664 1664 1663 1663 1714 1714 1715 1715 1664 1664 1716 1716 1665 1665 1664 1664 1715 1715 1716 1716 1665 1665 1717 1717 1666 1666 1665 1665 1716 1716 1717 1717 1666 1666 1718 1718 1667 1667 1666 1666 1717 1717 1718 1718 1667 1667 1719 1719 1668 1668 1667 1667 1718 1718 1719 1719 1668 1668 1720 1720 1669 1669 1668 1668 1719 1719 1720 1720 1669 1669 1721 1721 1670 1670 1669 1669 1720 1720 1721 1721 1670 1670 1722 1722 1671 1671 1670 1670 1721 1721 1722 1722 1671 1671 1723 1723 1672 1672 1671 1671 1722 1722 1723 1723 1672 1672 1724 1724 1673 1673 1672 1672 1723 1723 1724 1724 1673 1673 1725 1725 1674 1674 1673 1673 1724 1724 1725 1725 1674 1674 1726 1726 1675 1675 1674 1674 1725 1725 1726 1726 1675 1675 1727 1727 1676 1676 1675 1675 1726 1726 1727 1727 1676 1676 1728 1728 1677 1677 1676 1676 1727 1727 1728 1728 1677 1677 1729 1729 1678 1678 1677 1677 1728 1728 1729 1729 1678 1678 1730 1730 1679 1679 1678 1678 1729 1729 1730 1730 1679 1679 1731 1731 1680 1680 1679 1679 1730 1730 1731 1731 1680 1680 1732 1732 1681 1681 1680 1680 1731 1731 1732 1732 1681 1681 1733 1733 1682 1682 1681 1681 1732 1732 1733 1733 1683 1683 1735 1735 1684 1684 1683 1683 1734 1734 1735 1735 1684 1684 1736 1736 1685 1685 1684 1684 1735 1735 1736 1736 1685 1685 1737 1737 1686 1686 1685 1685 1736 1736 1737 1737 1686 1686 1738 1738 1687 1687 1686 1686 1737 1737 1738 1738 1687 1687 1739 1739 1688 1688 1687 1687 1738 1738 1739 1739 1688 1688 1740 1740 1689 1689 1688 1688 1739 1739 1740 1740 1689 1689 1741 1741 1690 1690 1689 1689 1740 1740 1741 1741 1690 1690 1742 1742 1691 1691 1690 1690 1741 1741 1742 1742 1691 1691 1743 1743 1692 1692 1691 1691 1742 1742 1743 1743 1692 1692 1744 1744 1693 1693 1692 1692 1743 1743 1744 1744 1693 1693 1745 1745 1694 1694 1693 1693 1744 1744 1745 1745 1694 1694 1746 1746 1695 1695 1694 1694 1745 1745 1746 1746 1695 1695 1747 1747 1696 1696 1695 1695 1746 1746 1747 1747 1696 1696 1748 1748 1697 1697 1696 1696 1747 1747 1748 1748 1697 1697 1749 1749 1698 1698 1697 1697 1748 1748 1749 1749 1698 1698 1750 1750 1699 1699 1698 1698 1749 1749 1750 1750 1699 1699 1751 1751 1700 1700 1699 1699 1750 1750 1751 1751 1700 1700 1752 1752 1701 1701 1700 1700 1751 1751 1752 1752 1701 1701 1753 1753 1702 1702 1701 1701 1752 1752 1753 1753 1702 1702 1754 1754 1703 1703 1702 1702 1753 1753 1754 1754 1703 1703 1755 1755 1704 1704 1703 1703 1754 1754 1755 1755 1704 1704 1756 1756 1705 1705 1704 1704 1755 1755 1756 1756 1705 1705 1757 1757 1706 1706 1705 1705 1756 1756 1757 1757 1706 1706 1758 1758 1707 1707 1706 1706 1757 1757 1758 1758 1707 1707 1759 1759 1708 1708 1707 1707 1758 1758 1759 1759 1708 1708 1760 1760 1709 1709 1708 1708 1759 1759 1760 1760 1709 1709 1761 1761 1710 1710 1709 1709 1760 1760 1761 1761 1710 1710 1762 1762 1711 1711 1710 1710 1761 1761 1762 1762 1711 1711 1763 1763 1712 1712 1711 1711 1762 1762 1763 1763 1712 1712 1764 1764 1713 1713 1712 1712 1763 1763 1764 1764 1713 1713 1765 1765 1714 1714 1713 1713 1764 1764 1765 1765 1714 1714 1766 1766 1715 1715 1714 1714 1765 1765 1766 1766 1715 1715 1767 1767 1716 1716 1715 1715 1766 1766 1767 1767 1716 1716 1768 1768 1717 1717 1716 1716 1767 1767 1768 1768 1717 1717 1769 1769 1718 1718 1717 1717 1768 1768 1769 1769 1718 1718 1770 1770 1719 1719 1718 1718 1769 1769 1770 1770 1719 1719 1771 1771 1720 1720 1719 1719 1770 1770 1771 1771 1720 1720 1772 1772 1721 1721 1720 1720 1771 1771 1772 1772 1721 1721 1773 1773 1722 1722 1721 1721 1772 1772 1773 1773 1722 1722 1774 1774 1723 1723 1722 1722 1773 1773 1774 1774 1723 1723 1775 1775 1724 1724 1723 1723 1774 1774 1775 1775 1724 1724 1776 1776 1725 1725 1724 1724 1775 1775 1776 1776 1725 1725 1777 1777 1726 1726 1725 1725 1776 1776 1777 1777 1726 1726 1778 1778 1727 1727 1726 1726 1777 1777 1778 1778 1727 1727 1779 1779 1728 1728 1727 1727 1778 1778 1779 1779 1728 1728 1780 1780 1729 1729 1728 1728 1779 1779 1780 1780 1729 1729 1781 1781 1730 1730 1729 1729 1780 1780 1781 1781 1730 1730 1782 1782 1731 1731 1730 1730 1781 1781 1782 1782 1731 1731 1783 1783 1732 1732 1731 1731 1782 1782 1783 1783 1732 1732 1784 1784 1733 1733 1732 1732 1783 1783 1784 1784 1734 1734 1786 1786 1735 1735 1734 1734 1785 1785 1786 1786 1735 1735 1787 1787 1736 1736 1735 1735 1786 1786 1787 1787 1736 1736 1788 1788 1737 1737 1736 1736 1787 1787 1788 1788 1737 1737 1789 1789 1738 1738 1737 1737 1788 1788 1789 1789 1738 1738 1790 1790 1739 1739 1738 1738 1789 1789 1790 1790 1739 1739 1791 1791 1740 1740 1739 1739 1790 1790 1791 1791 1740 1740 1792 1792 1741 1741 1740 1740 1791 1791 1792 1792 1741 1741 1793 1793 1742 1742 1741 1741 1792 1792 1793 1793 1742 1742 1794 1794 1743 1743 1742 1742 1793 1793 1794 1794 1743 1743 1795 1795 1744 1744 1743 1743 1794 1794 1795 1795 1744 1744 1796 1796 1745 1745 1744 1744 1795 1795 1796 1796 1745 1745 1797 1797 1746 1746 1745 1745 1796 1796 1797 1797 1746 1746 1798 1798 1747 1747 1746 1746 1797 1797 1798 1798 1747 1747 1799 1799 1748 1748 1747 1747 1798 1798 1799 1799 1748 1748 1800 1800 1749 1749 1748 1748 1799 1799 1800 1800 1749 1749 1801 1801 1750 1750 1749 1749 1800 1800 1801 1801 1750 1750 1802 1802 1751 1751 1750 1750 1801 1801 1802 1802 1751 1751 1803 1803 1752 1752 1751 1751 1802 1802 1803 1803 1752 1752 1804 1804 1753 1753 1752 1752 1803 1803 1804 1804 1753 1753 1805 1805 1754 1754 1753 1753 1804 1804 1805 1805 1754 1754 1806 1806 1755 1755 1754 1754 1805 1805 1806 1806 1755 1755 1807 1807 1756 1756 1755 1755 1806 1806 1807 1807 1756 1756 1808 1808 1757 1757 1756 1756 1807 1807 1808 1808 1757 1757 1809 1809 1758 1758 1757 1757 1808 1808 1809 1809 1758 1758 1810 1810 1759 1759 1758 1758 1809 1809 1810 1810 1759 1759 1811 1811 1760 1760 1759 1759 1810 1810 1811 1811 1760 1760 1812 1812 1761 1761 1760 1760 1811 1811 1812 1812 1761 1761 1813 1813 1762 1762 1761 1761 1812 1812 1813 1813 1762 1762 1814 1814 1763 1763 1762 1762 1813 1813 1814 1814 1763 1763 1815 1815 1764 1764 1763 1763 1814 1814 1815 1815 1764 1764 1816 1816 1765 1765 1764 1764 1815 1815 1816 1816 1765 1765 1817 1817 1766 1766 1765 1765 1816 1816 1817 1817 1766 1766 1818 1818 1767 1767 1766 1766 1817 1817 1818 1818 1767 1767 1819 1819 1768 1768 1767 1767 1818 1818 1819 1819 1768 1768 1820 1820 1769 1769 1768 1768 1819 1819 1820 1820 1769 1769 1821 1821 1770 1770 1769 1769 1820 1820 1821 1821 1770 1770 1822 1822 1771 1771 1770 1770 1821 1821 1822 1822 1771 1771 1823 1823 1772 1772 1771 1771 1822 1822 1823 1823 1772 1772 1824 1824 1773 1773 1772 1772 1823 1823 1824 1824 1773 1773 1825 1825 1774 1774 1773 1773 1824 1824 1825 1825 1774 1774 1826 1826 1775 1775 1774 1774 1825 1825 1826 1826 1775 1775 1827 1827 1776 1776 1775 1775 1826 1826 1827 1827 1776 1776 1828 1828 1777 1777 1776 1776 1827 1827 1828 1828 1777 1777 1829 1829 1778 1778 1777 1777 1828 1828 1829 1829 1778 1778 1830 1830 1779 1779 1778 1778 1829 1829 1830 1830 1779 1779 1831 1831 1780 1780 1779 1779 1830 1830 1831 1831 1780 1780 1832 1832 1781 1781 1780 1780 1831 1831 1832 1832 1781 1781 1833 1833 1782 1782 1781 1781 1832 1832 1833 1833 1782 1782 1834 1834 1783 1783 1782 1782 1833 1833 1834 1834 1783 1783 1835 1835 1784 1784 1783 1783 1834 1834 1835 1835 1785 1785 1837 1837 1786 1786 1785 1785 1836 1836 1837 1837 1786 1786 1838 1838 1787 1787 1786 1786 1837 1837 1838 1838 1787 1787 1839 1839 1788 1788 1787 1787 1838 1838 1839 1839 1788 1788 1840 1840 1789 1789 1788 1788 1839 1839 1840 1840 1789 1789 1841 1841 1790 1790 1789 1789 1840 1840 1841 1841 1790 1790 1842 1842 1791 1791 1790 1790 1841 1841 1842 1842 1791 1791 1843 1843 1792 1792 1791 1791 1842 1842 1843 1843 1792 1792 1844 1844 1793 1793 1792 1792 1843 1843 1844 1844 1793 1793 1845 1845 1794 1794 1793 1793 1844 1844 1845 1845 1794 1794 1846 1846 1795 1795 1794 1794 1845 1845 1846 1846 1795 1795 1847 1847 1796 1796 1795 1795 1846 1846 1847 1847 1796 1796 1848 1848 1797 1797 1796 1796 1847 1847 1848 1848 1797 1797 1849 1849 1798 1798 1797 1797 1848 1848 1849 1849 1798 1798 1850 1850 1799 1799 1798 1798 1849 1849 1850 1850 1799 1799 1851 1851 1800 1800 1799 1799 1850 1850 1851 1851 1800 1800 1852 1852 1801 1801 1800 1800 1851 1851 1852 1852 1801 1801 1853 1853 1802 1802 1801 1801 1852 1852 1853 1853 1802 1802 1854 1854 1803 1803 1802 1802 1853 1853 1854 1854 1803 1803 1855 1855 1804 1804 1803 1803 1854 1854 1855 1855 1804 1804 1856 1856 1805 1805 1804 1804 1855 1855 1856 1856 1805 1805 1857 1857 1806 1806 1805 1805 1856 1856 1857 1857 1806 1806 1858 1858 1807 1807 1806 1806 1857 1857 1858 1858 1807 1807 1859 1859 1808 1808 1807 1807 1858 1858 1859 1859 1808 1808 1860 1860 1809 1809 1808 1808 1859 1859 1860 1860 1809 1809 1861 1861 1810 1810 1809 1809 1860 1860 1861 1861 1810 1810 1862 1862 1811 1811 1810 1810 1861 1861 1862 1862 1811 1811 1863 1863 1812 1812 1811 1811 1862 1862 1863 1863 1812 1812 1864 1864 1813 1813 1812 1812 1863 1863 1864 1864 1813 1813 1865 1865 1814 1814 1813 1813 1864 1864 1865 1865 1814 1814 1866 1866 1815 1815 1814 1814 1865 1865 1866 1866 1815 1815 1867 1867 1816 1816 1815 1815 1866 1866 1867 1867 1816 1816 1868 1868 1817 1817 1816 1816 1867 1867 1868 1868 1817 1817 1869 1869 1818 1818 1817 1817 1868 1868 1869 1869 1818 1818 1870 1870 1819 1819 1818 1818 1869 1869 1870 1870 1819 1819 1871 1871 1820 1820 1819 1819 1870 1870 1871 1871 1820 1820 1872 1872 1821 1821 1820 1820 1871 1871 1872 1872 1821 1821 1873 1873 1822 1822 1821 1821 1872 1872 1873 1873 1822 1822 1874 1874 1823 1823 1822 1822 1873 1873 1874 1874 1823 1823 1875 1875 1824 1824 1823 1823 1874 1874 1875 1875 1824 1824 1876 1876 1825 1825 1824 1824 1875 1875 1876 1876 1825 1825 1877 1877 1826 1826 1825 1825 1876 1876 1877 1877 1826 1826 1878 1878 1827 1827 1826 1826 1877 1877 1878 1878 1827 1827 1879 1879 1828 1828 1827 1827 1878 1878 1879 1879 1828 1828 1880 1880 1829 1829 1828 1828 1879 1879 1880 1880 1829 1829 1881 1881 1830 1830 1829 1829 1880 1880 1881 1881 1830 1830 1882 1882 1831 1831 1830 1830 1881 1881 1882 1882 1831 1831 1883 1883 1832 1832 1831 1831 1882 1882 1883 1883 1832 1832 1884 1884 1833 1833 1832 1832 1883 1883 1884 1884 1833 1833 1885 1885 1834 1834 1833 1833 1884 1884 1885 1885 1834 1834 1886 1886 1835 1835 1834 1834 1885 1885 1886 1886 1836 1836 1888 1888 1837 1837 1836 1836 1887 1887 1888 1888 1837 1837 1889 1889 1838 1838 1837 1837 1888 1888 1889 1889 1838 1838 1890 1890 1839 1839 1838 1838 1889 1889 1890 1890 1839 1839 1891 1891 1840 1840 1839 1839 1890 1890 1891 1891 1840 1840 1892 1892 1841 1841 1840 1840 1891 1891 1892 1892 1841 1841 1893 1893 1842 1842 1841 1841 1892 1892 1893 1893 1842 1842 1894 1894 1843 1843 1842 1842 1893 1893 1894 1894 1843 1843 1895 1895 1844 1844 1843 1843 1894 1894 1895 1895 1844 1844 1896 1896 1845 1845 1844 1844 1895 1895 1896 1896 1845 1845 1897 1897 1846 1846 1845 1845 1896 1896 1897 1897 1846 1846 1898 1898 1847 1847 1846 1846 1897 1897 1898 1898 1847 1847 1899 1899 1848 1848 1847 1847 1898 1898 1899 1899 1848 1848 1900 1900 1849 1849 1848 1848 1899 1899 1900 1900 1849 1849 1901 1901 1850 1850 1849 1849 1900 1900 1901 1901 1850 1850 1902 1902 1851 1851 1850 1850 1901 1901 1902 1902 1851 1851 1903 1903 1852 1852 1851 1851 1902 1902 1903 1903 1852 1852 1904 1904 1853 1853 1852 1852 1903 1903 1904 1904 1853 1853 1905 1905 1854 1854 1853 1853 1904 1904 1905 1905 1854 1854 1906 1906 1855 1855 1854 1854 1905 1905 1906 1906 1855 1855 1907 1907 1856 1856 1855 1855 1906 1906 1907 1907 1856 1856 1908 1908 1857 1857 1856 1856 1907 1907 1908 1908 1857 1857 1909 1909 1858 1858 1857 1857 1908 1908 1909 1909 1858 1858 1910 1910 1859 1859 1858 1858 1909 1909 1910 1910 1859 1859 1911 1911 1860 1860 1859 1859 1910 1910 1911 1911 1860 1860 1912 1912 1861 1861 1860 1860 1911 1911 1912 1912 1861 1861 1913 1913 1862 1862 1861 1861 1912 1912 1913 1913 1862 1862 1914 1914 1863 1863 1862 1862 1913 1913 1914 1914 1863 1863 1915 1915 1864 1864 1863 1863 1914 1914 1915 1915 1864 1864 1916 1916 1865 1865 1864 1864 1915 1915 1916 1916 1865 1865 1917 1917 1866 1866 1865 1865 1916 1916 1917 1917 1866 1866 1918 1918 1867 1867 1866 1866 1917 1917 1918 1918 1867 1867 1919 1919 1868 1868 1867 1867 1918 1918 1919 1919 1868 1868 1920 1920 1869 1869 1868 1868 1919 1919 1920 1920 1869 1869 1921 1921 1870 1870 1869 1869 1920 1920 1921 1921 1870 1870 1922 1922 1871 1871 1870 1870 1921 1921 1922 1922 1871 1871 1923 1923 1872 1872 1871 1871 1922 1922 1923 1923 1872 1872 1924 1924 1873 1873 1872 1872 1923 1923 1924 1924 1873 1873 1925 1925 1874 1874 1873 1873 1924 1924 1925 1925 1874 1874 1926 1926 1875 1875 1874 1874 1925 1925 1926 1926 1875 1875 1927 1927 1876 1876 1875 1875 1926 1926 1927 1927 1876 1876 1928 1928 1877 1877 1876 1876 1927 1927 1928 1928 1877 1877 1929 1929 1878 1878 1877 1877 1928 1928 1929 1929 1878 1878 1930 1930 1879 1879 1878 1878 1929 1929 1930 1930 1879 1879 1931 1931 1880 1880 1879 1879 1930 1930 1931 1931 1880 1880 1932 1932 1881 1881 1880 1880 1931 1931 1932 1932 1881 1881 1933 1933 1882 1882 1881 1881 1932 1932 1933 1933 1882 1882 1934 1934 1883 1883 1882 1882 1933 1933 1934 1934 1883 1883 1935 1935 1884 1884 1883 1883 1934 1934 1935 1935 1884 1884 1936 1936 1885 1885 1884 1884 1935 1935 1936 1936 1885 1885 1937 1937 1886 1886 1885 1885 1936 1936 1937 1937 1887 1887 1939 1939 1888 1888 1887 1887 1938 1938 1939 1939 1888 1888 1940 1940 1889 1889 1888 1888 1939 1939 1940 1940 1889 1889 1941 1941 1890 1890 1889 1889 1940 1940 1941 1941 1890 1890 1942 1942 1891 1891 1890 1890 1941 1941 1942 1942 1891 1891 1943 1943 1892 1892 1891 1891 1942 1942 1943 1943 1892 1892 1944 1944 1893 1893 1892 1892 1943 1943 1944 1944 1893 1893 1945 1945 1894 1894 1893 1893 1944 1944 1945 1945 1894 1894 1946 1946 1895 1895 1894 1894 1945 1945 1946 1946 1895 1895 1947 1947 1896 1896 1895 1895 1946 1946 1947 1947 1896 1896 1948 1948 1897 1897 1896 1896 1947 1947 1948 1948 1897 1897 1949 1949 1898 1898 1897 1897 1948 1948 1949 1949 1898 1898 1950 1950 1899 1899 1898 1898 1949 1949 1950 1950 1899 1899 1951 1951 1900 1900 1899 1899 1950 1950 1951 1951 1900 1900 1952 1952 1901 1901 1900 1900 1951 1951 1952 1952 1901 1901 1953 1953 1902 1902 1901 1901 1952 1952 1953 1953 1902 1902 1954 1954 1903 1903 1902 1902 1953 1953 1954 1954 1903 1903 1955 1955 1904 1904 1903 1903 1954 1954 1955 1955 1904 1904 1956 1956 1905 1905 1904 1904 1955 1955 1956 1956 1905 1905 1957 1957 1906 1906 1905 1905 1956 1956 1957 1957 1906 1906 1958 1958 1907 1907 1906 1906 1957 1957 1958 1958 1907 1907 1959 1959 1908 1908 1907 1907 1958 1958 1959 1959 1908 1908 1960 1960 1909 1909 1908 1908 1959 1959 1960 1960 1909 1909 1961 1961 1910 1910 1909 1909 1960 1960 1961 1961 1910 1910 1962 1962 1911 1911 1910 1910 1961 1961 1962 1962 1911 1911 1963 1963 1912 1912 1911 1911 1962 1962 1963 1963 1912 1912 1964 1964 1913 1913 1912 1912 1963 1963 1964 1964 1913 1913 1965 1965 1914 1914 1913 1913 1964 1964 1965 1965 1914 1914 1966 1966 1915 1915 1914 1914 1965 1965 1966 1966 1915 1915 1967 1967 1916 1916 1915 1915 1966 1966 1967 1967 1916 1916 1968 1968 1917 1917 1916 1916 1967 1967 1968 1968 1917 1917 1969 1969 1918 1918 1917 1917 1968 1968 1969 1969 1918 1918 1970 1970 1919 1919 1918 1918 1969 1969 1970 1970 1919 1919 1971 1971 1920 1920 1919 1919 1970 1970 1971 1971 1920 1920 1972 1972 1921 1921 1920 1920 1971 1971 1972 1972 1921 1921 1973 1973 1922 1922 1921 1921 1972 1972 1973 1973 1922 1922 1974 1974 1923 1923 1922 1922 1973 1973 1974 1974 1923 1923 1975 1975 1924 1924 1923 1923 1974 1974 1975 1975 1924 1924 1976 1976 1925 1925 1924 1924 1975 1975 1976 1976 1925 1925 1977 1977 1926 1926 1925 1925 1976 1976 1977 1977 1926 1926 1978 1978 1927 1927 1926 1926 1977 1977 1978 1978 1927 1927 1979 1979 1928 1928 1927 1927 1978 1978 1979 1979 1928 1928 1980 1980 1929 1929 1928 1928 1979 1979 1980 1980 1929 1929 1981 1981 1930 1930 1929 1929 1980 1980 1981 1981 1930 1930 1982 1982 1931 1931 1930 1930 1981 1981 1982 1982 1931 1931 1983 1983 1932 1932 1931 1931 1982 1982 1983 1983 1932 1932 1984 1984 1933 1933 1932 1932 1983 1983 1984 1984 1933 1933 1985 1985 1934 1934 1933 1933 1984 1984 1985 1985 1934 1934 1986 1986 1935 1935 1934 1934 1985 1985 1986 1986 1935 1935 1987 1987 1936 1936 1935 1935 1986 1986 1987 1987 1936 1936 1988 1988 1937 1937 1936 1936 1987 1987 1988 1988 1938 1938 1990 1990 1939 1939 1938 1938 1989 1989 1990 1990 1939 1939 1991 1991 1940 1940 1939 1939 1990 1990 1991 1991 1940 1940 1992 1992 1941 1941 1940 1940 1991 1991 1992 1992 1941 1941 1993 1993 1942 1942 1941 1941 1992 1992 1993 1993 1942 1942 1994 1994 1943 1943 1942 1942 1993 1993 1994 1994 1943 1943 1995 1995 1944 1944 1943 1943 1994 1994 1995 1995 1944 1944 1996 1996 1945 1945 1944 1944 1995 1995 1996 1996 1945 1945 1997 1997 1946 1946 1945 1945 1996 1996 1997 1997 1946 1946 1998 1998 1947 1947 1946 1946 1997 1997 1998 1998 1947 1947 1999 1999 1948 1948 1947 1947 1998 1998 1999 1999 1948 1948 2000 2000 1949 1949 1948 1948 1999 1999 2000 2000 1949 1949 2001 2001 1950 1950 1949 1949 2000 2000 2001 2001 1950 1950 2002 2002 1951 1951 1950 1950 2001 2001 2002 2002 1951 1951 2003 2003 1952 1952 1951 1951 2002 2002 2003 2003 1952 1952 2004 2004 1953 1953 1952 1952 2003 2003 2004 2004 1953 1953 2005 2005 1954 1954 1953 1953 2004 2004 2005 2005 1954 1954 2006 2006 1955 1955 1954 1954 2005 2005 2006 2006 1955 1955 2007 2007 1956 1956 1955 1955 2006 2006 2007 2007 1956 1956 2008 2008 1957 1957 1956 1956 2007 2007 2008 2008 1957 1957 2009 2009 1958 1958 1957 1957 2008 2008 2009 2009 1958 1958 2010 2010 1959 1959 1958 1958 2009 2009 2010 2010 1959 1959 2011 2011 1960 1960 1959 1959 2010 2010 2011 2011 1960 1960 2012 2012 1961 1961 1960 1960 2011 2011 2012 2012 1961 1961 2013 2013 1962 1962 1961 1961 2012 2012 2013 2013 1962 1962 2014 2014 1963 1963 1962 1962 2013 2013 2014 2014 1963 1963 2015 2015 1964 1964 1963 1963 2014 2014 2015 2015 1964 1964 2016 2016 1965 1965 1964 1964 2015 2015 2016 2016 1965 1965 2017 2017 1966 1966 1965 1965 2016 2016 2017 2017 1966 1966 2018 2018 1967 1967 1966 1966 2017 2017 2018 2018 1967 1967 2019 2019 1968 1968 1967 1967 2018 2018 2019 2019 1968 1968 2020 2020 1969 1969 1968 1968 2019 2019 2020 2020 1969 1969 2021 2021 1970 1970 1969 1969 2020 2020 2021 2021 1970 1970 2022 2022 1971 1971 1970 1970 2021 2021 2022 2022 1971 1971 2023 2023 1972 1972 1971 1971 2022 2022 2023 2023 1972 1972 2024 2024 1973 1973 1972 1972 2023 2023 2024 2024 1973 1973 2025 2025 1974 1974 1973 1973 2024 2024 2025 2025 1974 1974 2026 2026 1975 1975 1974 1974 2025 2025 2026 2026 1975 1975 2027 2027 1976 1976 1975 1975 2026 2026 2027 2027 1976 1976 2028 2028 1977 1977 1976 1976 2027 2027 2028 2028 1977 1977 2029 2029 1978 1978 1977 1977 2028 2028 2029 2029 1978 1978 2030 2030 1979 1979 1978 1978 2029 2029 2030 2030 1979 1979 2031 2031 1980 1980 1979 1979 2030 2030 2031 2031 1980 1980 2032 2032 1981 1981 1980 1980 2031 2031 2032 2032 1981 1981 2033 2033 1982 1982 1981 1981 2032 2032 2033 2033 1982 1982 2034 2034 1983 1983 1982 1982 2033 2033 2034 2034 1983 1983 2035 2035 1984 1984 1983 1983 2034 2034 2035 2035 1984 1984 2036 2036 1985 1985 1984 1984 2035 2035 2036 2036 1985 1985 2037 2037 1986 1986 1985 1985 2036 2036 2037 2037 1986 1986 2038 2038 1987 1987 1986 1986 2037 2037 2038 2038 1987 1987 2039 2039 1988 1988 1987 1987 2038 2038 2039 2039 1989 1989 2041 2041 1990 1990 1989 1989 2040 2040 2041 2041 1990 1990 2042 2042 1991 1991 1990 1990 2041 2041 2042 2042 1991 1991 2043 2043 1992 1992 1991 1991 2042 2042 2043 2043 1992 1992 2044 2044 1993 1993 1992 1992 2043 2043 2044 2044 1993 1993 2045 2045 1994 1994 1993 1993 2044 2044 2045 2045 1994 1994 2046 2046 1995 1995 1994 1994 2045 2045 2046 2046 1995 1995 2047 2047 1996 1996 1995 1995 2046 2046 2047 2047 1996 1996 2048 2048 1997 1997 1996 1996 2047 2047 2048 2048 1997 1997 2049 2049 1998 1998 1997 1997 2048 2048 2049 2049 1998 1998 2050 2050 1999 1999 1998 1998 2049 2049 2050 2050 1999 1999 2051 2051 2000 2000 1999 1999 2050 2050 2051 2051 2000 2000 2052 2052 2001 2001 2000 2000 2051 2051 2052 2052 2001 2001 2053 2053 2002 2002 2001 2001 2052 2052 2053 2053 2002 2002 2054 2054 2003 2003 2002 2002 2053 2053 2054 2054 2003 2003 2055 2055 2004 2004 2003 2003 2054 2054 2055 2055 2004 2004 2056 2056 2005 2005 2004 2004 2055 2055 2056 2056 2005 2005 2057 2057 2006 2006 2005 2005 2056 2056 2057 2057 2006 2006 2058 2058 2007 2007 2006 2006 2057 2057 2058 2058 2007 2007 2059 2059 2008 2008 2007 2007 2058 2058 2059 2059 2008 2008 2060 2060 2009 2009 2008 2008 2059 2059 2060 2060 2009 2009 2061 2061 2010 2010 2009 2009 2060 2060 2061 2061 2010 2010 2062 2062 2011 2011 2010 2010 2061 2061 2062 2062 2011 2011 2063 2063 2012 2012 2011 2011 2062 2062 2063 2063 2012 2012 2064 2064 2013 2013 2012 2012 2063 2063 2064 2064 2013 2013 2065 2065 2014 2014 2013 2013 2064 2064 2065 2065 2014 2014 2066 2066 2015 2015 2014 2014 2065 2065 2066 2066 2015 2015 2067 2067 2016 2016 2015 2015 2066 2066 2067 2067 2016 2016 2068 2068 2017 2017 2016 2016 2067 2067 2068 2068 2017 2017 2069 2069 2018 2018 2017 2017 2068 2068 2069 2069 2018 2018 2070 2070 2019 2019 2018 2018 2069 2069 2070 2070 2019 2019 2071 2071 2020 2020 2019 2019 2070 2070 2071 2071 2020 2020 2072 2072 2021 2021 2020 2020 2071 2071 2072 2072 2021 2021 2073 2073 2022 2022 2021 2021 2072 2072 2073 2073 2022 2022 2074 2074 2023 2023 2022 2022 2073 2073 2074 2074 2023 2023 2075 2075 2024 2024 2023 2023 2074 2074 2075 2075 2024 2024 2076 2076 2025 2025 2024 2024 2075 2075 2076 2076 2025 2025 2077 2077 2026 2026 2025 2025 2076 2076 2077 2077 2026 2026 2078 2078 2027 2027 2026 2026 2077 2077 2078 2078 2027 2027 2079 2079 2028 2028 2027 2027 2078 2078 2079 2079 2028 2028 2080 2080 2029 2029 2028 2028 2079 2079 2080 2080 2029 2029 2081 2081 2030 2030 2029 2029 2080 2080 2081 2081 2030 2030 2082 2082 2031 2031 2030 2030 2081 2081 2082 2082 2031 2031 2083 2083 2032 2032 2031 2031 2082 2082 2083 2083 2032 2032 2084 2084 2033 2033 2032 2032 2083 2083 2084 2084 2033 2033 2085 2085 2034 2034 2033 2033 2084 2084 2085 2085 2034 2034 2086 2086 2035 2035 2034 2034 2085 2085 2086 2086 2035 2035 2087 2087 2036 2036 2035 2035 2086 2086 2087 2087 2036 2036 2088 2088 2037 2037 2036 2036 2087 2087 2088 2088 2037 2037 2089 2089 2038 2038 2037 2037 2088 2088 2089 2089 2038 2038 2090 2090 2039 2039 2038 2038 2089 2089 2090 2090 2040 2040 2092 2092 2041 2041 2040 2040 2091 2091 2092 2092 2041 2041 2093 2093 2042 2042 2041 2041 2092 2092 2093 2093 2042 2042 2094 2094 2043 2043 2042 2042 2093 2093 2094 2094 2043 2043 2095 2095 2044 2044 2043 2043 2094 2094 2095 2095 2044 2044 2096 2096 2045 2045 2044 2044 2095 2095 2096 2096 2045 2045 2097 2097 2046 2046 2045 2045 2096 2096 2097 2097 2046 2046 2098 2098 2047 2047 2046 2046 2097 2097 2098 2098 2047 2047 2099 2099 2048 2048 2047 2047 2098 2098 2099 2099 2048 2048 2100 2100 2049 2049 2048 2048 2099 2099 2100 2100 2049 2049 2101 2101 2050 2050 2049 2049 2100 2100 2101 2101 2050 2050 2102 2102 2051 2051 2050 2050 2101 2101 2102 2102 2051 2051 2103 2103 2052 2052 2051 2051 2102 2102 2103 2103 2052 2052 2104 2104 2053 2053 2052 2052 2103 2103 2104 2104 2053 2053 2105 2105 2054 2054 2053 2053 2104 2104 2105 2105 2054 2054 2106 2106 2055 2055 2054 2054 2105 2105 2106 2106 2055 2055 2107 2107 2056 2056 2055 2055 2106 2106 2107 2107 2056 2056 2108 2108 2057 2057 2056 2056 2107 2107 2108 2108 2057 2057 2109 2109 2058 2058 2057 2057 2108 2108 2109 2109 2058 2058 2110 2110 2059 2059 2058 2058 2109 2109 2110 2110 2059 2059 2111 2111 2060 2060 2059 2059 2110 2110 2111 2111 2060 2060 2112 2112 2061 2061 2060 2060 2111 2111 2112 2112 2061 2061 2113 2113 2062 2062 2061 2061 2112 2112 2113 2113 2062 2062 2114 2114 2063 2063 2062 2062 2113 2113 2114 2114 2063 2063 2115 2115 2064 2064 2063 2063 2114 2114 2115 2115 2064 2064 2116 2116 2065 2065 2064 2064 2115 2115 2116 2116 2065 2065 2117 2117 2066 2066 2065 2065 2116 2116 2117 2117 2066 2066 2118 2118 2067 2067 2066 2066 2117 2117 2118 2118 2067 2067 2119 2119 2068 2068 2067 2067 2118 2118 2119 2119 2068 2068 2120 2120 2069 2069 2068 2068 2119 2119 2120 2120 2069 2069 2121 2121 2070 2070 2069 2069 2120 2120 2121 2121 2070 2070 2122 2122 2071 2071 2070 2070 2121 2121 2122 2122 2071 2071 2123 2123 2072 2072 2071 2071 2122 2122 2123 2123 2072 2072 2124 2124 2073 2073 2072 2072 2123 2123 2124 2124 2073 2073 2125 2125 2074 2074 2073 2073 2124 2124 2125 2125 2074 2074 2126 2126 2075 2075 2074 2074 2125 2125 2126 2126 2075 2075 2127 2127 2076 2076 2075 2075 2126 2126 2127 2127 2076 2076 2128 2128 2077 2077 2076 2076 2127 2127 2128 2128 2077 2077 2129 2129 2078 2078 2077 2077 2128 2128 2129 2129 2078 2078 2130 2130 2079 2079 2078 2078 2129 2129 2130 2130 2079 2079 2131 2131 2080 2080 2079 2079 2130 2130 2131 2131 2080 2080 2132 2132 2081 2081 2080 2080 2131 2131 2132 2132 2081 2081 2133 2133 2082 2082 2081 2081 2132 2132 2133 2133 2082 2082 2134 2134 2083 2083 2082 2082 2133 2133 2134 2134 2083 2083 2135 2135 2084 2084 2083 2083 2134 2134 2135 2135 2084 2084 2136 2136 2085 2085 2084 2084 2135 2135 2136 2136 2085 2085 2137 2137 2086 2086 2085 2085 2136 2136 2137 2137 2086 2086 2138 2138 2087 2087 2086 2086 2137 2137 2138 2138 2087 2087 2139 2139 2088 2088 2087 2087 2138 2138 2139 2139 2088 2088 2140 2140 2089 2089 2088 2088 2139 2139 2140 2140 2089 2089 2141 2141 2090 2090 2089 2089 2140 2140 2141 2141 2091 2091 2143 2143 2092 2092 2091 2091 2142 2142 2143 2143 2092 2092 2144 2144 2093 2093 2092 2092 2143 2143 2144 2144 2093 2093 2145 2145 2094 2094 2093 2093 2144 2144 2145 2145 2094 2094 2146 2146 2095 2095 2094 2094 2145 2145 2146 2146 2095 2095 2147 2147 2096 2096 2095 2095 2146 2146 2147 2147 2096 2096 2148 2148 2097 2097 2096 2096 2147 2147 2148 2148 2097 2097 2149 2149 2098 2098 2097 2097 2148 2148 2149 2149 2098 2098 2150 2150 2099 2099 2098 2098 2149 2149 2150 2150 2099 2099 2151 2151 2100 2100 2099 2099 2150 2150 2151 2151 2100 2100 2152 2152 2101 2101 2100 2100 2151 2151 2152 2152 2101 2101 2153 2153 2102 2102 2101 2101 2152 2152 2153 2153 2102 2102 2154 2154 2103 2103 2102 2102 2153 2153 2154 2154 2103 2103 2155 2155 2104 2104 2103 2103 2154 2154 2155 2155 2104 2104 2156 2156 2105 2105 2104 2104 2155 2155 2156 2156 2105 2105 2157 2157 2106 2106 2105 2105 2156 2156 2157 2157 2106 2106 2158 2158 2107 2107 2106 2106 2157 2157 2158 2158 2107 2107 2159 2159 2108 2108 2107 2107 2158 2158 2159 2159 2108 2108 2160 2160 2109 2109 2108 2108 2159 2159 2160 2160 2109 2109 2161 2161 2110 2110 2109 2109 2160 2160 2161 2161 2110 2110 2162 2162 2111 2111 2110 2110 2161 2161 2162 2162 2111 2111 2163 2163 2112 2112 2111 2111 2162 2162 2163 2163 2112 2112 2164 2164 2113 2113 2112 2112 2163 2163 2164 2164 2113 2113 2165 2165 2114 2114 2113 2113 2164 2164 2165 2165 2114 2114 2166 2166 2115 2115 2114 2114 2165 2165 2166 2166 2115 2115 2167 2167 2116 2116 2115 2115 2166 2166 2167 2167 2116 2116 2168 2168 2117 2117 2116 2116 2167 2167 2168 2168 2117 2117 2169 2169 2118 2118 2117 2117 2168 2168 2169 2169 2118 2118 2170 2170 2119 2119 2118 2118 2169 2169 2170 2170 2119 2119 2171 2171 2120 2120 2119 2119 2170 2170 2171 2171 2120 2120 2172 2172 2121 2121 2120 2120 2171 2171 2172 2172 2121 2121 2173 2173 2122 2122 2121 2121 2172 2172 2173 2173 2122 2122 2174 2174 2123 2123 2122 2122 2173 2173 2174 2174 2123 2123 2175 2175 2124 2124 2123 2123 2174 2174 2175 2175 2124 2124 2176 2176 2125 2125 2124 2124 2175 2175 2176 2176 2125 2125 2177 2177 2126 2126 2125 2125 2176 2176 2177 2177 2126 2126 2178 2178 2127 2127 2126 2126 2177 2177 2178 2178 2127 2127 2179 2179 2128 2128 2127 2127 2178 2178 2179 2179 2128 2128 2180 2180 2129 2129 2128 2128 2179 2179 2180 2180 2129 2129 2181 2181 2130 2130 2129 2129 2180 2180 2181 2181 2130 2130 2182 2182 2131 2131 2130 2130 2181 2181 2182 2182 2131 2131 2183 2183 2132 2132 2131 2131 2182 2182 2183 2183 2132 2132 2184 2184 2133 2133 2132 2132 2183 2183 2184 2184 2133 2133 2185 2185 2134 2134 2133 2133 2184 2184 2185 2185 2134 2134 2186 2186 2135 2135 2134 2134 2185 2185 2186 2186 2135 2135 2187 2187 2136 2136 2135 2135 2186 2186 2187 2187 2136 2136 2188 2188 2137 2137 2136 2136 2187 2187 2188 2188 2137 2137 2189 2189 2138 2138 2137 2137 2188 2188 2189 2189 2138 2138 2190 2190 2139 2139 2138 2138 2189 2189 2190 2190 2139 2139 2191 2191 2140 2140 2139 2139 2190 2190 2191 2191 2140 2140 2192 2192 2141 2141 2140 2140 2191 2191 2192 2192 2142 2142 2194 2194 2143 2143 2142 2142 2193 2193 2194 2194 2143 2143 2195 2195 2144 2144 2143 2143 2194 2194 2195 2195 2144 2144 2196 2196 2145 2145 2144 2144 2195 2195 2196 2196 2145 2145 2197 2197 2146 2146 2145 2145 2196 2196 2197 2197 2146 2146 2198 2198 2147 2147 2146 2146 2197 2197 2198 2198 2147 2147 2199 2199 2148 2148 2147 2147 2198 2198 2199 2199 2148 2148 2200 2200 2149 2149 2148 2148 2199 2199 2200 2200 2149 2149 2201 2201 2150 2150 2149 2149 2200 2200 2201 2201 2150 2150 2202 2202 2151 2151 2150 2150 2201 2201 2202 2202 2151 2151 2203 2203 2152 2152 2151 2151 2202 2202 2203 2203 2152 2152 2204 2204 2153 2153 2152 2152 2203 2203 2204 2204 2153 2153 2205 2205 2154 2154 2153 2153 2204 2204 2205 2205 2154 2154 2206 2206 2155 2155 2154 2154 2205 2205 2206 2206 2155 2155 2207 2207 2156 2156 2155 2155 2206 2206 2207 2207 2156 2156 2208 2208 2157 2157 2156 2156 2207 2207 2208 2208 2157 2157 2209 2209 2158 2158 2157 2157 2208 2208 2209 2209 2158 2158 2210 2210 2159 2159 2158 2158 2209 2209 2210 2210 2159 2159 2211 2211 2160 2160 2159 2159 2210 2210 2211 2211 2160 2160 2212 2212 2161 2161 2160 2160 2211 2211 2212 2212 2161 2161 2213 2213 2162 2162 2161 2161 2212 2212 2213 2213 2162 2162 2214 2214 2163 2163 2162 2162 2213 2213 2214 2214 2163 2163 2215 2215 2164 2164 2163 2163 2214 2214 2215 2215 2164 2164 2216 2216 2165 2165 2164 2164 2215 2215 2216 2216 2165 2165 2217 2217 2166 2166 2165 2165 2216 2216 2217 2217 2166 2166 2218 2218 2167 2167 2166 2166 2217 2217 2218 2218 2167 2167 2219 2219 2168 2168 2167 2167 2218 2218 2219 2219 2168 2168 2220 2220 2169 2169 2168 2168 2219 2219 2220 2220 2169 2169 2221 2221 2170 2170 2169 2169 2220 2220 2221 2221 2170 2170 2222 2222 2171 2171 2170 2170 2221 2221 2222 2222 2171 2171 2223 2223 2172 2172 2171 2171 2222 2222 2223 2223 2172 2172 2224 2224 2173 2173 2172 2172 2223 2223 2224 2224 2173 2173 2225 2225 2174 2174 2173 2173 2224 2224 2225 2225 2174 2174 2226 2226 2175 2175 2174 2174 2225 2225 2226 2226 2175 2175 2227 2227 2176 2176 2175 2175 2226 2226 2227 2227 2176 2176 2228 2228 2177 2177 2176 2176 2227 2227 2228 2228 2177 2177 2229 2229 2178 2178 2177 2177 2228 2228 2229 2229 2178 2178 2230 2230 2179 2179 2178 2178 2229 2229 2230 2230 2179 2179 2231 2231 2180 2180 2179 2179 2230 2230 2231 2231 2180 2180 2232 2232 2181 2181 2180 2180 2231 2231 2232 2232 2181 2181 2233 2233 2182 2182 2181 2181 2232 2232 2233 2233 2182 2182 2234 2234 2183 2183 2182 2182 2233 2233 2234 2234 2183 2183 2235 2235 2184 2184 2183 2183 2234 2234 2235 2235 2184 2184 2236 2236 2185 2185 2184 2184 2235 2235 2236 2236 2185 2185 2237 2237 2186 2186 2185 2185 2236 2236 2237 2237 2186 2186 2238 2238 2187 2187 2186 2186 2237 2237 2238 2238 2187 2187 2239 2239 2188 2188 2187 2187 2238 2238 2239 2239 2188 2188 2240 2240 2189 2189 2188 2188 2239 2239 2240 2240 2189 2189 2241 2241 2190 2190 2189 2189 2240 2240 2241 2241 2190 2190 2242 2242 2191 2191 2190 2190 2241 2241 2242 2242 2191 2191 2243 2243 2192 2192 2191 2191 2242 2242 2243 2243 2193 2193 2245 2245 2194 2194 2193 2193 2244 2244 2245 2245 2194 2194 2246 2246 2195 2195 2194 2194 2245 2245 2246 2246 2195 2195 2247 2247 2196 2196 2195 2195 2246 2246 2247 2247 2196 2196 2248 2248 2197 2197 2196 2196 2247 2247 2248 2248 2197 2197 2249 2249 2198 2198 2197 2197 2248 2248 2249 2249 2198 2198 2250 2250 2199 2199 2198 2198 2249 2249 2250 2250 2199 2199 2251 2251 2200 2200 2199 2199 2250 2250 2251 2251 2200 2200 2252 2252 2201 2201 2200 2200 2251 2251 2252 2252 2201 2201 2253 2253 2202 2202 2201 2201 2252 2252 2253 2253 2202 2202 2254 2254 2203 2203 2202 2202 2253 2253 2254 2254 2203 2203 2255 2255 2204 2204 2203 2203 2254 2254 2255 2255 2204 2204 2256 2256 2205 2205 2204 2204 2255 2255 2256 2256 2205 2205 2257 2257 2206 2206 2205 2205 2256 2256 2257 2257 2206 2206 2258 2258 2207 2207 2206 2206 2257 2257 2258 2258 2207 2207 2259 2259 2208 2208 2207 2207 2258 2258 2259 2259 2208 2208 2260 2260 2209 2209 2208 2208 2259 2259 2260 2260 2209 2209 2261 2261 2210 2210 2209 2209 2260 2260 2261 2261 2210 2210 2262 2262 2211 2211 2210 2210 2261 2261 2262 2262 2211 2211 2263 2263 2212 2212 2211 2211 2262 2262 2263 2263 2212 2212 2264 2264 2213 2213 2212 2212 2263 2263 2264 2264 2213 2213 2265 2265 2214 2214 2213 2213 2264 2264 2265 2265 2214 2214 2266 2266 2215 2215 2214 2214 2265 2265 2266 2266 2215 2215 2267 2267 2216 2216 2215 2215 2266 2266 2267 2267 2216 2216 2268 2268 2217 2217 2216 2216 2267 2267 2268 2268 2217 2217 2269 2269 2218 2218 2217 2217 2268 2268 2269 2269 2218 2218 2270 2270 2219 2219 2218 2218 2269 2269 2270 2270 2219 2219 2271 2271 2220 2220 2219 2219 2270 2270 2271 2271 2220 2220 2272 2272 2221 2221 2220 2220 2271 2271 2272 2272 2221 2221 2273 2273 2222 2222 2221 2221 2272 2272 2273 2273 2222 2222 2274 2274 2223 2223 2222 2222 2273 2273 2274 2274 2223 2223 2275 2275 2224 2224 2223 2223 2274 2274 2275 2275 2224 2224 2276 2276 2225 2225 2224 2224 2275 2275 2276 2276 2225 2225 2277 2277 2226 2226 2225 2225 2276 2276 2277 2277 2226 2226 2278 2278 2227 2227 2226 2226 2277 2277 2278 2278 2227 2227 2279 2279 2228 2228 2227 2227 2278 2278 2279 2279 2228 2228 2280 2280 2229 2229 2228 2228 2279 2279 2280 2280 2229 2229 2281 2281 2230 2230 2229 2229 2280 2280 2281 2281 2230 2230 2282 2282 2231 2231 2230 2230 2281 2281 2282 2282 2231 2231 2283 2283 2232 2232 2231 2231 2282 2282 2283 2283 2232 2232 2284 2284 2233 2233 2232 2232 2283 2283 2284 2284 2233 2233 2285 2285 2234 2234 2233 2233 2284 2284 2285 2285 2234 2234 2286 2286 2235 2235 2234 2234 2285 2285 2286 2286 2235 2235 2287 2287 2236 2236 2235 2235 2286 2286 2287 2287 2236 2236 2288 2288 2237 2237 2236 2236 2287 2287 2288 2288 2237 2237 2289 2289 2238 2238 2237 2237 2288 2288 2289 2289 2238 2238 2290 2290 2239 2239 2238 2238 2289 2289 2290 2290 2239 2239 2291 2291 2240 2240 2239 2239 2290 2290 2291 2291 2240 2240 2292 2292 2241 2241 2240 2240 2291 2291 2292 2292 2241 2241 2293 2293 2242 2242 2241 2241 2292 2292 2293 2293 2242 2242 2294 2294 2243 2243 2242 2242 2293 2293 2294 2294 2244 2244 2296 2296 2245 2245 2244 2244 2295 2295 2296 2296 2245 2245 2297 2297 2246 2246 2245 2245 2296 2296 2297 2297 2246 2246 2298 2298 2247 2247 2246 2246 2297 2297 2298 2298 2247 2247 2299 2299 2248 2248 2247 2247 2298 2298 2299 2299 2248 2248 2300 2300 2249 2249 2248 2248 2299 2299 2300 2300 2249 2249 2301 2301 2250 2250 2249 2249 2300 2300 2301 2301 2250 2250 2302 2302 2251 2251 2250 2250 2301 2301 2302 2302 2251 2251 2303 2303 2252 2252 2251 2251 2302 2302 2303 2303 2252 2252 2304 2304 2253 2253 2252 2252 2303 2303 2304 2304 2253 2253 2305 2305 2254 2254 2253 2253 2304 2304 2305 2305 2254 2254 2306 2306 2255 2255 2254 2254 2305 2305 2306 2306 2255 2255 2307 2307 2256 2256 2255 2255 2306 2306 2307 2307 2256 2256 2308 2308 2257 2257 2256 2256 2307 2307 2308 2308 2257 2257 2309 2309 2258 2258 2257 2257 2308 2308 2309 2309 2258 2258 2310 2310 2259 2259 2258 2258 2309 2309 2310 2310 2259 2259 2311 2311 2260 2260 2259 2259 2310 2310 2311 2311 2260 2260 2312 2312 2261 2261 2260 2260 2311 2311 2312 2312 2261 2261 2313 2313 2262 2262 2261 2261 2312 2312 2313 2313 2262 2262 2314 2314 2263 2263 2262 2262 2313 2313 2314 2314 2263 2263 2315 2315 2264 2264 2263 2263 2314 2314 2315 2315 2264 2264 2316 2316 2265 2265 2264 2264 2315 2315 2316 2316 2265 2265 2317 2317 2266 2266 2265 2265 2316 2316 2317 2317 2266 2266 2318 2318 2267 2267 2266 2266 2317 2317 2318 2318 2267 2267 2319 2319 2268 2268 2267 2267 2318 2318 2319 2319 2268 2268 2320 2320 2269 2269 2268 2268 2319 2319 2320 2320 2269 2269 2321 2321 2270 2270 2269 2269 2320 2320 2321 2321 2270 2270 2322 2322 2271 2271 2270 2270 2321 2321 2322 2322 2271 2271 2323 2323 2272 2272 2271 2271 2322 2322 2323 2323 2272 2272 2324 2324 2273 2273 2272 2272 2323 2323 2324 2324 2273 2273 2325 2325 2274 2274 2273 2273 2324 2324 2325 2325 2274 2274 2326 2326 2275 2275 2274 2274 2325 2325 2326 2326 2275 2275 2327 2327 2276 2276 2275 2275 2326 2326 2327 2327 2276 2276 2328 2328 2277 2277 2276 2276 2327 2327 2328 2328 2277 2277 2329 2329 2278 2278 2277 2277 2328 2328 2329 2329 2278 2278 2330 2330 2279 2279 2278 2278 2329 2329 2330 2330 2279 2279 2331 2331 2280 2280 2279 2279 2330 2330 2331 2331 2280 2280 2332 2332 2281 2281 2280 2280 2331 2331 2332 2332 2281 2281 2333 2333 2282 2282 2281 2281 2332 2332 2333 2333 2282 2282 2334 2334 2283 2283 2282 2282 2333 2333 2334 2334 2283 2283 2335 2335 2284 2284 2283 2283 2334 2334 2335 2335 2284 2284 2336 2336 2285 2285 2284 2284 2335 2335 2336 2336 2285 2285 2337 2337 2286 2286 2285 2285 2336 2336 2337 2337 2286 2286 2338 2338 2287 2287 2286 2286 2337 2337 2338 2338 2287 2287 2339 2339 2288 2288 2287 2287 2338 2338 2339 2339 2288 2288 2340 2340 2289 2289 2288 2288 2339 2339 2340 2340 2289 2289 2341 2341 2290 2290 2289 2289 2340 2340 2341 2341 2290 2290 2342 2342 2291 2291 2290 2290 2341 2341 2342 2342 2291 2291 2343 2343 2292 2292 2291 2291 2342 2342 2343 2343 2292 2292 2344 2344 2293 2293 2292 2292 2343 2343 2344 2344 2293 2293 2345 2345 2294 2294 2293 2293 2344 2344 2345 2345 2295 2295 2347 2347 2296 2296 2295 2295 2346 2346 2347 2347 2296 2296 2348 2348 2297 2297 2296 2296 2347 2347 2348 2348 2297 2297 2349 2349 2298 2298 2297 2297 2348 2348 2349 2349 2298 2298 2350 2350 2299 2299 2298 2298 2349 2349 2350 2350 2299 2299 2351 2351 2300 2300 2299 2299 2350 2350 2351 2351 2300 2300 2352 2352 2301 2301 2300 2300 2351 2351 2352 2352 2301 2301 2353 2353 2302 2302 2301 2301 2352 2352 2353 2353 2302 2302 2354 2354 2303 2303 2302 2302 2353 2353 2354 2354 2303 2303 2355 2355 2304 2304 2303 2303 2354 2354 2355 2355 2304 2304 2356 2356 2305 2305 2304 2304 2355 2355 2356 2356 2305 2305 2357 2357 2306 2306 2305 2305 2356 2356 2357 2357 2306 2306 2358 2358 2307 2307 2306 2306 2357 2357 2358 2358 2307 2307 2359 2359 2308 2308 2307 2307 2358 2358 2359 2359 2308 2308 2360 2360 2309 2309 2308 2308 2359 2359 2360 2360 2309 2309 2361 2361 2310 2310 2309 2309 2360 2360 2361 2361 2310 2310 2362 2362 2311 2311 2310 2310 2361 2361 2362 2362 2311 2311 2363 2363 2312 2312 2311 2311 2362 2362 2363 2363 2312 2312 2364 2364 2313 2313 2312 2312 2363 2363 2364 2364 2313 2313 2365 2365 2314 2314 2313 2313 2364 2364 2365 2365 2314 2314 2366 2366 2315 2315 2314 2314 2365 2365 2366 2366 2315 2315 2367 2367 2316 2316 2315 2315 2366 2366 2367 2367 2316 2316 2368 2368 2317 2317 2316 2316 2367 2367 2368 2368 2317 2317 2369 2369 2318 2318 2317 2317 2368 2368 2369 2369 2318 2318 2370 2370 2319 2319 2318 2318 2369 2369 2370 2370 2319 2319 2371 2371 2320 2320 2319 2319 2370 2370 2371 2371 2320 2320 2372 2372 2321 2321 2320 2320 2371 2371 2372 2372 2321 2321 2373 2373 2322 2322 2321 2321 2372 2372 2373 2373 2322 2322 2374 2374 2323 2323 2322 2322 2373 2373 2374 2374 2323 2323 2375 2375 2324 2324 2323 2323 2374 2374 2375 2375 2324 2324 2376 2376 2325 2325 2324 2324 2375 2375 2376 2376 2325 2325 2377 2377 2326 2326 2325 2325 2376 2376 2377 2377 2326 2326 2378 2378 2327 2327 2326 2326 2377 2377 2378 2378 2327 2327 2379 2379 2328 2328 2327 2327 2378 2378 2379 2379 2328 2328 2380 2380 2329 2329 2328 2328 2379 2379 2380 2380 2329 2329 2381 2381 2330 2330 2329 2329 2380 2380 2381 2381 2330 2330 2382 2382 2331 2331 2330 2330 2381 2381 2382 2382 2331 2331 2383 2383 2332 2332 2331 2331 2382 2382 2383 2383 2332 2332 2384 2384 2333 2333 2332 2332 2383 2383 2384 2384 2333 2333 2385 2385 2334 2334 2333 2333 2384 2384 2385 2385 2334 2334 2386 2386 2335 2335 2334 2334 2385 2385 2386 2386 2335 2335 2387 2387 2336 2336 2335 2335 2386 2386 2387 2387 2336 2336 2388 2388 2337 2337 2336 2336 2387 2387 2388 2388 2337 2337 2389 2389 2338 2338 2337 2337 2388 2388 2389 2389 2338 2338 2390 2390 2339 2339 2338 2338 2389 2389 2390 2390 2339 2339 2391 2391 2340 2340 2339 2339 2390 2390 2391 2391 2340 2340 2392 2392 2341 2341 2340 2340 2391 2391 2392 2392 2341 2341 2393 2393 2342 2342 2341 2341 2392 2392 2393 2393 2342 2342 2394 2394 2343 2343 2342 2342 2393 2393 2394 2394 2343 2343 2395 2395 2344 2344 2343 2343 2394 2394 2395 2395 2344 2344 2396 2396 2345 2345 2344 2344 2395 2395 2396 2396 2346 2346 2398 2398 2347 2347 2346 2346 2397 2397 2398 2398 2347 2347 2399 2399 2348 2348 2347 2347 2398 2398 2399 2399 2348 2348 2400 2400 2349 2349 2348 2348 2399 2399 2400 2400 2349 2349 2401 2401 2350 2350 2349 2349 2400 2400 2401 2401 2350 2350 2402 2402 2351 2351 2350 2350 2401 2401 2402 2402 2351 2351 2403 2403 2352 2352 2351 2351 2402 2402 2403 2403 2352 2352 2404 2404 2353 2353 2352 2352 2403 2403 2404 2404 2353 2353 2405 2405 2354 2354 2353 2353 2404 2404 2405 2405 2354 2354 2406 2406 2355 2355 2354 2354 2405 2405 2406 2406 2355 2355 2407 2407 2356 2356 2355 2355 2406 2406 2407 2407 2356 2356 2408 2408 2357 2357 2356 2356 2407 2407 2408 2408 2357 2357 2409 2409 2358 2358 2357 2357 2408 2408 2409 2409 2358 2358 2410 2410 2359 2359 2358 2358 2409 2409 2410 2410 2359 2359 2411 2411 2360 2360 2359 2359 2410 2410 2411 2411 2360 2360 2412 2412 2361 2361 2360 2360 2411 2411 2412 2412 2361 2361 2413 2413 2362 2362 2361 2361 2412 2412 2413 2413 2362 2362 2414 2414 2363 2363 2362 2362 2413 2413 2414 2414 2363 2363 2415 2415 2364 2364 2363 2363 2414 2414 2415 2415 2364 2364 2416 2416 2365 2365 2364 2364 2415 2415 2416 2416 2365 2365 2417 2417 2366 2366 2365 2365 2416 2416 2417 2417 2366 2366 2418 2418 2367 2367 2366 2366 2417 2417 2418 2418 2367 2367 2419 2419 2368 2368 2367 2367 2418 2418 2419 2419 2368 2368 2420 2420 2369 2369 2368 2368 2419 2419 2420 2420 2369 2369 2421 2421 2370 2370 2369 2369 2420 2420 2421 2421 2370 2370 2422 2422 2371 2371 2370 2370 2421 2421 2422 2422 2371 2371 2423 2423 2372 2372 2371 2371 2422 2422 2423 2423 2372 2372 2424 2424 2373 2373 2372 2372 2423 2423 2424 2424 2373 2373 2425 2425 2374 2374 2373 2373 2424 2424 2425 2425 2374 2374 2426 2426 2375 2375 2374 2374 2425 2425 2426 2426 2375 2375 2427 2427 2376 2376 2375 2375 2426 2426 2427 2427 2376 2376 2428 2428 2377 2377 2376 2376 2427 2427 2428 2428 2377 2377 2429 2429 2378 2378 2377 2377 2428 2428 2429 2429 2378 2378 2430 2430 2379 2379 2378 2378 2429 2429 2430 2430 2379 2379 2431 2431 2380 2380 2379 2379 2430 2430 2431 2431 2380 2380 2432 2432 2381 2381 2380 2380 2431 2431 2432 2432 2381 2381 2433 2433 2382 2382 2381 2381 2432 2432 2433 2433 2382 2382 2434 2434 2383 2383 2382 2382 2433 2433 2434 2434 2383 2383 2435 2435 2384 2384 2383 2383 2434 2434 2435 2435 2384 2384 2436 2436 2385 2385 2384 2384 2435 2435 2436 2436 2385 2385 2437 2437 2386 2386 2385 2385 2436 2436 2437 2437 2386 2386 2438 2438 2387 2387 2386 2386 2437 2437 2438 2438 2387 2387 2439 2439 2388 2388 2387 2387 2438 2438 2439 2439 2388 2388 2440 2440 2389 2389 2388 2388 2439 2439 2440 2440 2389 2389 2441 2441 2390 2390 2389 2389 2440 2440 2441 2441 2390 2390 2442 2442 2391 2391 2390 2390 2441 2441 2442 2442 2391 2391 2443 2443 2392 2392 2391 2391 2442 2442 2443 2443 2392 2392 2444 2444 2393 2393 2392 2392 2443 2443 2444 2444 2393 2393 2445 2445 2394 2394 2393 2393 2444 2444 2445 2445 2394 2394 2446 2446 2395 2395 2394 2394 2445 2445 2446 2446 2395 2395 2447 2447 2396 2396 2395 2395 2446 2446 2447 2447 2397 2397 2449 2449 2398 2398 2397 2397 2448 2448 2449 2449 2398 2398 2450 2450 2399 2399 2398 2398 2449 2449 2450 2450 2399 2399 2451 2451 2400 2400 2399 2399 2450 2450 2451 2451 2400 2400 2452 2452 2401 2401 2400 2400 2451 2451 2452 2452 2401 2401 2453 2453 2402 2402 2401 2401 2452 2452 2453 2453 2402 2402 2454 2454 2403 2403 2402 2402 2453 2453 2454 2454 2403 2403 2455 2455 2404 2404 2403 2403 2454 2454 2455 2455 2404 2404 2456 2456 2405 2405 2404 2404 2455 2455 2456 2456 2405 2405 2457 2457 2406 2406 2405 2405 2456 2456 2457 2457 2406 2406 2458 2458 2407 2407 2406 2406 2457 2457 2458 2458 2407 2407 2459 2459 2408 2408 2407 2407 2458 2458 2459 2459 2408 2408 2460 2460 2409 2409 2408 2408 2459 2459 2460 2460 2409 2409 2461 2461 2410 2410 2409 2409 2460 2460 2461 2461 2410 2410 2462 2462 2411 2411 2410 2410 2461 2461 2462 2462 2411 2411 2463 2463 2412 2412 2411 2411 2462 2462 2463 2463 2412 2412 2464 2464 2413 2413 2412 2412 2463 2463 2464 2464 2413 2413 2465 2465 2414 2414 2413 2413 2464 2464 2465 2465 2414 2414 2466 2466 2415 2415 2414 2414 2465 2465 2466 2466 2415 2415 2467 2467 2416 2416 2415 2415 2466 2466 2467 2467 2416 2416 2468 2468 2417 2417 2416 2416 2467 2467 2468 2468 2417 2417 2469 2469 2418 2418 2417 2417 2468 2468 2469 2469 2418 2418 2470 2470 2419 2419 2418 2418 2469 2469 2470 2470 2419 2419 2471 2471 2420 2420 2419 2419 2470 2470 2471 2471 2420 2420 2472 2472 2421 2421 2420 2420 2471 2471 2472 2472 2421 2421 2473 2473 2422 2422 2421 2421 2472 2472 2473 2473 2422 2422 2474 2474 2423 2423 2422 2422 2473 2473 2474 2474 2423 2423 2475 2475 2424 2424 2423 2423 2474 2474 2475 2475 2424 2424 2476 2476 2425 2425 2424 2424 2475 2475 2476 2476 2425 2425 2477 2477 2426 2426 2425 2425 2476 2476 2477 2477 2426 2426 2478 2478 2427 2427 2426 2426 2477 2477 2478 2478 2427 2427 2479 2479 2428 2428 2427 2427 2478 2478 2479 2479 2428 2428 2480 2480 2429 2429 2428 2428 2479 2479 2480 2480 2429 2429 2481 2481 2430 2430 2429 2429 2480 2480 2481 2481 2430 2430 2482 2482 2431 2431 2430 2430 2481 2481 2482 2482 2431 2431 2483 2483 2432 2432 2431 2431 2482 2482 2483 2483 2432 2432 2484 2484 2433 2433 2432 2432 2483 2483 2484 2484 2433 2433 2485 2485 2434 2434 2433 2433 2484 2484 2485 2485 2434 2434 2486 2486 2435 2435 2434 2434 2485 2485 2486 2486 2435 2435 2487 2487 2436 2436 2435 2435 2486 2486 2487 2487 2436 2436 2488 2488 2437 2437 2436 2436 2487 2487 2488 2488 2437 2437 2489 2489 2438 2438 2437 2437 2488 2488 2489 2489 2438 2438 2490 2490 2439 2439 2438 2438 2489 2489 2490 2490 2439 2439 2491 2491 2440 2440 2439 2439 2490 2490 2491 2491 2440 2440 2492 2492 2441 2441 2440 2440 2491 2491 2492 2492 2441 2441 2493 2493 2442 2442 2441 2441 2492 2492 2493 2493 2442 2442 2494 2494 2443 2443 2442 2442 2493 2493 2494 2494 2443 2443 2495 2495 2444 2444 2443 2443 2494 2494 2495 2495 2444 2444 2496 2496 2445 2445 2444 2444 2495 2495 2496 2496 2445 2445 2497 2497 2446 2446 2445 2445 2496 2496 2497 2497 2446 2446 2498 2498 2447 2447 2446 2446 2497 2497 2498 2498 2448 2448 2500 2500 2449 2449 2448 2448 2499 2499 2500 2500 2449 2449 2501 2501 2450 2450 2449 2449 2500 2500 2501 2501 2450 2450 2502 2502 2451 2451 2450 2450 2501 2501 2502 2502 2451 2451 2503 2503 2452 2452 2451 2451 2502 2502 2503 2503 2452 2452 2504 2504 2453 2453 2452 2452 2503 2503 2504 2504 2453 2453 2505 2505 2454 2454 2453 2453 2504 2504 2505 2505 2454 2454 2506 2506 2455 2455 2454 2454 2505 2505 2506 2506 2455 2455 2507 2507 2456 2456 2455 2455 2506 2506 2507 2507 2456 2456 2508 2508 2457 2457 2456 2456 2507 2507 2508 2508 2457 2457 2509 2509 2458 2458 2457 2457 2508 2508 2509 2509 2458 2458 2510 2510 2459 2459 2458 2458 2509 2509 2510 2510 2459 2459 2511 2511 2460 2460 2459 2459 2510 2510 2511 2511 2460 2460 2512 2512 2461 2461 2460 2460 2511 2511 2512 2512 2461 2461 2513 2513 2462 2462 2461 2461 2512 2512 2513 2513 2462 2462 2514 2514 2463 2463 2462 2462 2513 2513 2514 2514 2463 2463 2515 2515 2464 2464 2463 2463 2514 2514 2515 2515 2464 2464 2516 2516 2465 2465 2464 2464 2515 2515 2516 2516 2465 2465 2517 2517 2466 2466 2465 2465 2516 2516 2517 2517 2466 2466 2518 2518 2467 2467 2466 2466 2517 2517 2518 2518 2467 2467 2519 2519 2468 2468 2467 2467 2518 2518 2519 2519 2468 2468 2520 2520 2469 2469 2468 2468 2519 2519 2520 2520 2469 2469 2521 2521 2470 2470 2469 2469 2520 2520 2521 2521 2470 2470 2522 2522 2471 2471 2470 2470 2521 2521 2522 2522 2471 2471 2523 2523 2472 2472 2471 2471 2522 2522 2523 2523 2472 2472 2524 2524 2473 2473 2472 2472 2523 2523 2524 2524 2473 2473 2525 2525 2474 2474 2473 2473 2524 2524 2525 2525 2474 2474 2526 2526 2475 2475 2474 2474 2525 2525 2526 2526 2475 2475 2527 2527 2476 2476 2475 2475 2526 2526 2527 2527 2476 2476 2528 2528 2477 2477 2476 2476 2527 2527 2528 2528 2477 2477 2529 2529 2478 2478 2477 2477 2528 2528 2529 2529 2478 2478 2530 2530 2479 2479 2478 2478 2529 2529 2530 2530 2479 2479 2531 2531 2480 2480 2479 2479 2530 2530 2531 2531 2480 2480 2532 2532 2481 2481 2480 2480 2531 2531 2532 2532 2481 2481 2533 2533 2482 2482 2481 2481 2532 2532 2533 2533 2482 2482 2534 2534 2483 2483 2482 2482 2533 2533 2534 2534 2483 2483 2535 2535 2484 2484 2483 2483 2534 2534 2535 2535 2484 2484 2536 2536 2485 2485 2484 2484 2535 2535 2536 2536 2485 2485 2537 2537 2486 2486 2485 2485 2536 2536 2537 2537 2486 2486 2538 2538 2487 2487 2486 2486 2537 2537 2538 2538 2487 2487 2539 2539 2488 2488 2487 2487 2538 2538 2539 2539 2488 2488 2540 2540 2489 2489 2488 2488 2539 2539 2540 2540 2489 2489 2541 2541 2490 2490 2489 2489 2540 2540 2541 2541 2490 2490 2542 2542 2491 2491 2490 2490 2541 2541 2542 2542 2491 2491 2543 2543 2492 2492 2491 2491 2542 2542 2543 2543 2492 2492 2544 2544 2493 2493 2492 2492 2543 2543 2544 2544 2493 2493 2545 2545 2494 2494 2493 2493 2544 2544 2545 2545 2494 2494 2546 2546 2495 2495 2494 2494 2545 2545 2546 2546 2495 2495 2547 2547 2496 2496 2495 2495 2546 2546 2547 2547 2496 2496 2548 2548 2497 2497 2496 2496 2547 2547 2548 2548 2497 2497 2549 2549 2498 2498 2497 2497 2548 2548 2549 2549 2499 2499 2551 2551 2500 2500 2499 2499 2550 2550 2551 2551 2500 2500 2552 2552 2501 2501 2500 2500 2551 2551 2552 2552 2501 2501 2553 2553 2502 2502 2501 2501 2552 2552 2553 2553 2502 2502 2554 2554 2503 2503 2502 2502 2553 2553 2554 2554 2503 2503 2555 2555 2504 2504 2503 2503 2554 2554 2555 2555 2504 2504 2556 2556 2505 2505 2504 2504 2555 2555 2556 2556 2505 2505 2557 2557 2506 2506 2505 2505 2556 2556 2557 2557 2506 2506 2558 2558 2507 2507 2506 2506 2557 2557 2558 2558 2507 2507 2559 2559 2508 2508 2507 2507 2558 2558 2559 2559 2508 2508 2560 2560 2509 2509 2508 2508 2559 2559 2560 2560 2509 2509 2561 2561 2510 2510 2509 2509 2560 2560 2561 2561 2510 2510 2562 2562 2511 2511 2510 2510 2561 2561 2562 2562 2511 2511 2563 2563 2512 2512 2511 2511 2562 2562 2563 2563 2512 2512 2564 2564 2513 2513 2512 2512 2563 2563 2564 2564 2513 2513 2565 2565 2514 2514 2513 2513 2564 2564 2565 2565 2514 2514 2566 2566 2515 2515 2514 2514 2565 2565 2566 2566 2515 2515 2567 2567 2516 2516 2515 2515 2566 2566 2567 2567 2516 2516 2568 2568 2517 2517 2516 2516 2567 2567 2568 2568 2517 2517 2569 2569 2518 2518 2517 2517 2568 2568 2569 2569 2518 2518 2570 2570 2519 2519 2518 2518 2569 2569 2570 2570 2519 2519 2571 2571 2520 2520 2519 2519 2570 2570 2571 2571 2520 2520 2572 2572 2521 2521 2520 2520 2571 2571 2572 2572 2521 2521 2573 2573 2522 2522 2521 2521 2572 2572 2573 2573 2522 2522 2574 2574 2523 2523 2522 2522 2573 2573 2574 2574 2523 2523 2575 2575 2524 2524 2523 2523 2574 2574 2575 2575 2524 2524 2576 2576 2525 2525 2524 2524 2575 2575 2576 2576 2525 2525 2577 2577 2526 2526 2525 2525 2576 2576 2577 2577 2526 2526 2578 2578 2527 2527 2526 2526 2577 2577 2578 2578 2527 2527 2579 2579 2528 2528 2527 2527 2578 2578 2579 2579 2528 2528 2580 2580 2529 2529 2528 2528 2579 2579 2580 2580 2529 2529 2581 2581 2530 2530 2529 2529 2580 2580 2581 2581 2530 2530 2582 2582 2531 2531 2530 2530 2581 2581 2582 2582 2531 2531 2583 2583 2532 2532 2531 2531 2582 2582 2583 2583 2532 2532 2584 2584 2533 2533 2532 2532 2583 2583 2584 2584 2533 2533 2585 2585 2534 2534 2533 2533 2584 2584 2585 2585 2534 2534 2586 2586 2535 2535 2534 2534 2585 2585 2586 2586 2535 2535 2587 2587 2536 2536 2535 2535 2586 2586 2587 2587 2536 2536 2588 2588 2537 2537 2536 2536 2587 2587 2588 2588 2537 2537 2589 2589 2538 2538 2537 2537 2588 2588 2589 2589 2538 2538 2590 2590 2539 2539 2538 2538 2589 2589 2590 2590 2539 2539 2591 2591 2540 2540 2539 2539 2590 2590 2591 2591 2540 2540 2592 2592 2541 2541 2540 2540 2591 2591 2592 2592 2541 2541 2593 2593 2542 2542 2541 2541 2592 2592 2593 2593 2542 2542 2594 2594 2543 2543 2542 2542 2593 2593 2594 2594 2543 2543 2595 2595 2544 2544 2543 2543 2594 2594 2595 2595 2544 2544 2596 2596 2545 2545 2544 2544 2595 2595 2596 2596 2545 2545 2597 2597 2546 2546 2545 2545 2596 2596 2597 2597 2546 2546 2598 2598 2547 2547 2546 2546 2597 2597 2598 2598 2547 2547 2599 2599 2548 2548 2547 2547 2598 2598 2599 2599 2548 2548 2600 2600 2549 2549 2548 2548 2599 2599 2600 2600</p>
        </triangles>
      </mesh>
    </geometry>
  </library_geometries>

  <library_visual_scenes>
    <visual_scene id="Scene" name="Scene">
      <node id="terrain" name="terrain">
        <instance_geometry url="#terrain_mesh">
          <bind_material>
            <technique_common>
              <instance_material symbol="terrain_material" target="#terrain_material"/>
            </technique_common>
          </bind_material>
        </instance_geometry>
      </node>
    </visual_scene>
  </library_visual_scenes>

  <scene>
    <instance_visual_scene url="#Scene"/>
  </scene>
</COLLADA>
