<?xml version="1.0" encoding="utf-8"?>
<COLLADA xmlns="http://www.collada.org/2005/11/COLLADASchema" version="1.4.1">
  <asset>
    <contributor>
      <authoring_tool>gz_demo</authoring_tool>
    </contributor>
    <unit name="meter" meter="1"/>
    <up_axis>Z_UP</up_axis>
  </asset>

  <library_effects>
    <effect id="terrain_effect">
      <profile_COMMON>
        <technique sid="common">
          <lambert>
            <diffuse>
              <color>0.45 0.58 0.36 1</color>
            </diffuse>
          </lambert>
        </technique>
      </profile_COMMON>
    </effect>
  </library_effects>

  <library_materials>
    <material id="terrain_material" name="terrain_material">
      <instance_effect url="#terrain_effect"/>
    </material>
  </library_materials>

  <library_geometries>
    <geometry id="terrain_mesh" name="terrain_mesh">
      <mesh>
        <source id="terrain_positions">
          <float_array id="terrain_positions_array" count="7803">
            0.0 50.0 0.179801759775728 1.0 50.0 0.17950895195826888 2.0 50.0 0.17863330012187362 3.0 50.0 0.17718320852145553 4.0 50.0 0.17517246073111892 5.0 50.0 0.17262010043486953 6.0 50.0 0.16955004399642348 7.0 50.0 0.16599076753482223 8.0 50.0 0.1619748598895967 9.0 50.0 0.15753850108012557 10.0 50.0 0.15272095566615462 11.0 50.0 0.14756393199786544 12.0 50.0 0.1421110755763948 13.0 50.0 0.13640728360041976 14.0 50.0 0.1304981387220323 15.0 50.0 0.12442925339564681 16.0 50.0 0.11824578559026122 17.0 50.0 0.11199184274300933 18.0 50.0 0.10570997511968017 19.0 50.0 0.09944075113162398 20.0 50.0 0.09322234755381942 21.0 50.0 0.08709022914990783 22.0 50.0 0.08107685809955001 23.0 50.0 0.07521147793158889 24.0 50.0 0.06951998686417937 25.0 50.0 0.06402484094724059 26.0 50.0 0.058745024260133505 27.0 50.0 0.053696074988693 28.0 50.0 0.048890174832195044 29.0 50.0 0.04433626448735595 30.0 50.0 0.04004020756110549 31.0 50.0 0.03600499173626304 32.0 50.0 0.03223094856366515 33.0 50.0 0.028715995606034994 34.0 50.0 0.025455887895077467 35.0 50.0 0.022444493602961302 36.0 50.0 0.019674052949994802 37.0 50.0 0.017135442700237036 38.0 50.0 0.014818435069173574 39.0 50.0 0.012711938004940748 40.0 50.0 0.010804230812937021 41.0 50.0 0.00908317556604743 42.0 50.0 0.0075364126823842525 43.0 50.0 0.006151536945253611 44.0 50.0 0.004916249308735132 45.0 50.0 0.0038184914737939835 46.0 50.0 0.002846558578312397 47.0 50.0 0.0019891918636858463 48.0 50.0 0.0012356508523225784 49.0 50.0 0.0005757706239819527 50.0 50.0 0.0 0.0 49.0 0.2112377709709108 1.0 49.0 0.21089468663558364 2.0 49.0 0.20986875658854842 3.0 49.0 0.2081697708927095 4.0 49.0 0.20581392711028457 5.0 49.0 0.20282347267493606 6.0 49.0 0.19922648137435317 7.0 49.0 0.19505631690844893 8.0 49.0 0.1903511411510408 9.0 49.0 0.18515336280688643 10.0 49.0 0.17950895195826888 11.0 49.0 0.17346681421622634 12.0 49.0 0.1670780456624925 13.0 49.0 0.16039529209956527 14.0 49.0 0.15347191458567977 15.0 49.0 0.14636140828952193 16.0 49.0 0.13911664253100753 17.0 49.0 0.13178930943831801 18.0 49.0 0.12442925339564681 19.0 49.0 0.11708400910720229 20.0 49.0 0.10979831730946898 21.0 49.0 0.10261371498927474 22.0 49.0 0.09556823736056685 23.0 49.0 0.08869614964351058 24.0 49.0 0.08202780550345778 25.0 49.0 0.07558950548991561 26.0 49.0 0.06940348213538527 27.0 49.0 0.06348795956000686 28.0 49.0 0.05785719817504287 29.0 49.0 0.05252167722210288 30.0 49.0 0.04748826613649726 31.0 49.0 0.042760470416396856 32.0 49.0 0.038338670041412115 33.0 49.0 0.03422042867168784 34.0 49.0 0.03040077304467559 35.0 49.0 0.026872518938034773 36.0 49.0 0.023626574780791998 37.0 49.0 0.020652250852435827 38.0 49.0 0.017937564756721258 39.0 49.0 0.015469518955796957 40.0 49.0 0.013234382029622793 41.0 49.0 0.011217934545129538 42.0 49.0 0.009405693504959345 43.0 49.0 0.0077831256203353405 44.0 49.0 0.00633581867441535 45.0 49.0 0.00504964729771018 46.0 49.0 0.003910897299647331 47.0 49.0 0.0029063764959573746 48.0 49.0 0.0020235017873346806 49.0 49.0 0.0012503629550337791 50.0 49.0 0.0005757706239819527 0.0 48.0 0.24726600712165236 1.0 48.0 0.2468653446994722 2.0 48.0 0.2456671572290361 3.0 48.0 0.24368293350562453 4.0 48.0 0.24093153839930892 5.0 48.0 0.2374390340410173 6.0 48.0 0.23323814338073134 7.0 48.0 0.22836783295497298 8.0 48.0 0.2228727019391954 9.0 48.0 0.21680225199088454 10.0 48.0 0.21021018689498305 11.0 48.0 0.20315362280234694 12.0 48.0 0.19569225376471877 13.0 48.0 0.18788751726970077 14.0 48.0 0.179801759775728 15.0 48.0 0.17149746185168624 16.0 48.0 0.16303635900840163 17.0 48.0 0.15447883075103164 18.0 48.0 0.14588308101519942 19.0 48.0 0.13730463152751327 20.0 48.0 0.12879574066028 21.0 48.0 0.12040489679202437 22.0 48.0 0.11217654263600707 23.0 48.0 0.10415069526061416 24.0 48.0 0.0963627896271646 25.0 48.0 0.08884355193004012 26.0 48.0 0.08161895489320159 27.0 48.0 0.07471026247367263 28.0 48.0 0.06813414162024856 29.0 48.0 0.06190283363685012 30.0 48.0 0.056024359073489904 31.0 48.0 0.050502804573625326 32.0 48.0 0.0453386208973825 33.0 48.0 0.040528961922973394 34.0 48.0 0.036068016197532415 35.0 48.0 0.03194740181788802 36.0 48.0 0.0281564905308187 37.0 48.0 0.024682802613824606 38.0 48.0 0.021512342151254416 39.0 48.0 0.018629934173077345 40.0 48.0 0.016019537579268217 41.0 48.0 0.01366454316303134 42.0 48.0 0.011548043694347143 43.0 48.0 0.009653059300035238 44.0 48.0 0.007962762843817472 45.0 48.0 0.006460654083639383 46.0 48.0 0.0051307170651853085 47.0 48.0 0.003957545850425959 48.0 48.0 0.0029264437034726143 49.0 48.0 0.0020235017873346806 50.0 48.0 0.0012356508523225784 0.0 47.0 0.2884079343639314 1.0 47.0 0.2879414982162416 2.0 47.0 0.2865466303192079 3.0 47.0 0.28423668211326003 4.0 47.0 0.2810336179099977 5.0 47.0 0.2769677764736116 6.0 47.0 0.27207727497443557 7.0 47.0 0.2664074427448213 8.0 47.0 0.2600102252326906 9.0 47.0 0.25294326012954116 10.0 47.0 0.24526904290542006 11.0 47.0 0.23705406254157424 12.0 47.0 0.22836783295497298 13.0 47.0 0.21928186481818557 14.0 47.0 0.20986875658854842 15.0 47.0 0.20020121103152633 16.0 47.0 0.1903511411510408 17.0 47.0 0.1803888059221208 18.0 47.0 0.170381975825876 19.0 47.0 0.16039529209956527 20.0 47.0 0.1504895663820207 21.0 47.0 0.1407212889753282 22.0 47.0 0.1311421669088304 23.0 47.0 0.12179879611358047 24.0 47.0 0.11273243045434356 25.0 47.0 0.10397882526740432 26.0 47.0 0.09556823736056685 27.0 47.0 0.08752541011199355 28.0 47.0 0.07986975973471999 29.0 47.0 0.0726155168376863 30.0 47.0 0.06577202444896102 31.0 47.0 0.05934405094012618 32.0 47.0 0.05333211785182357 33.0 47.0 0.047732902225106955 34.0 47.0 0.04253965010866523 35.0 47.0 0.03774259006604552 36.0 47.0 0.03332936158403754 37.0 47.0 0.029285432305186987 38.0 47.0 0.025594509672373533 39.0 47.0 0.022238924633711576 40.0 47.0 0.019200004171580076 41.0 47.0 0.016458415891975164 42.0 47.0 0.01399446977302432 43.0 47.0 0.011788404081016779 44.0 47.0 0.009820627514272928 45.0 47.0 0.008071932476013899 46.0 47.0 0.006523672956973314 47.0 47.0 0.00515791354700923 48.0 47.0 0.003957545850425959 49.0 47.0 0.0029063764959573746 50.0 47.0 0.0019891918636858463 0.0 46.0 0.3352185911498964 1.0 46.0 0.33467732137069106 2.0 46.0 0.3330586380325258 3.0 46.0 0.3303780681453645 4.0 46.0 0.32666112249717116 5.0 46.0 0.3219429380260408 6.0 46.0 0.3162678009830415 7.0 46.0 0.30968831246718764 8.0 46.0 0.30226473277434707 9.0 46.0 0.2940639085136354 10.0 46.0 0.28515843814238906 11.0 46.0 0.2756254500709474 12.0 46.0 0.26554558938369155 13.0 46.0 0.2550018555484712 14.0 46.0 0.2440784997306764 15.0 46.0 0.23285989230498672 16.0 46.0 0.22142946487292647 17.0 46.0 0.20986875658854842 18.0 46.0 0.19825643068179488 19.0 46.0 0.1866674697957933 20.0 46.0 0.17517246073111892 21.0 46.0 0.16383695369586349 22.0 46.0 0.15272095566615462 23.0 46.0 0.1418785280548036 24.0 46.0 0.13135753339156508 25.0 46.0 0.1211995012126863 26.0 46.0 0.11143950885161757 27.0 46.0 0.10210628574714065 28.0 46.0 0.09322234755381942 29.0 46.0 0.08480422710999846 30.0 46.0 0.07686276501044631 31.0 46.0 0.06940348213538527 32.0 46.0 0.06242698943242431 33.0 46.0 0.0559294275008142 34.0 46.0 0.049902965780347586 35.0 46.0 0.04433626448735595 36.0 46.0 0.03921497380360961 37.0 46.0 0.03452223306521773 38.0 46.0 0.030239136423915625 39.0 46.0 0.02634517615661025 40.0 46.0 0.022818687837570906 41.0 46.0 0.019637235905975103 42.0 46.0 0.016777973156422377 43.0 46.0 0.014217964839190245 44.0 46.0 0.011934477370232344 45.0 46.0 0.009905219543725252 46.0 46.0 0.008108555804938078 47.0 46.0 0.006523672956973314 48.0 46.0 0.0051307170651853085 49.0 46.0 0.003910897299647331 50.0 46.0 0.002846558578312397 0.0 45.0 0.38828433817252517 1.0 45.0 0.3876581913791597 2.0 45.0 0.38578583067283034 3.0 45.0 0.38268513744696975 4.0 45.0 0.3783856160007417 5.0 45.0 0.37292794650420547 6.0 45.0 0.36636329954490066 7.0 45.0 0.35875259106978774 8.0 45.0 0.35016546910628676 9.0 45.0 0.34067933028563857 10.0 45.0 0.3303780681453645 11.0 45.0 0.31935094064101577 12.0 45.0 0.3076912290416658 13.0 45.0 0.29549495643004775 14.0 45.0 0.282859546598047 15.0 45.0 0.2698826021514833 16.0 45.0 0.25666065281257033 17.0 45.0 0.2432879782281816 18.0 45.0 0.22985560959205031 19.0 45.0 0.21645028656348586 20.0 45.0 0.20315362280234694 21.0 45.0 0.19004146521911025 22.0 45.0 0.17718320852145553 23.0 45.0 0.16464140778407454 24.0 45.0 0.15247143572196364 25.0 45.0 0.1407212889753282 26.0 45.0 0.12943158810958266 27.0 45.0 0.1186355329118669 28.0 45.0 0.10835918551310897 29.0 45.0 0.09862166410312057 30.0 45.0 0.08943551545962691 31.0 45.0 0.08080710982903838 32.0 45.0 0.07273716246709228 33.0 45.0 0.06522121792659163 34.0 45.0 0.05825020885095 35.0 45.0 0.051811018493026495 36.0 45.0 0.045887050684541464 37.0 45.0 0.04045880353078246 38.0 45.0 0.03550439840182662 39.0 45.0 0.03100012755021453 40.0 45.0 0.02692092163488269 41.0 45.0 0.023240830283612013 42.0 45.0 0.019933424424380064 43.0 45.0 0.016972176264971495 44.0 45.0 0.014330790843814611 45.0 45.0 0.011983480770140886 46.0 45.0 0.009905219543725252 47.0 45.0 0.008071932476013899 48.0 45.0 0.006460654083639383 49.0 45.0 0.00504964729771018 50.0 45.0 0.0038184914737939835 0.0 44.0 0.4482198781333864 1.0 44.0 0.44749794667586684 2.0 44.0 0.4453390366397798 3.0 44.0 0.44176380103453994 4.0 44.0 0.436806274112314 5.0 44.0 0.43051339453086257 6.0 44.0 0.42294411128386855 7.0 44.0 0.41416866844519973 8.0 44.0 0.4042674130760133 9.0 44.0 0.39332951372489333 10.0 44.0 0.381451768334955 11.0 44.0 0.368737084325403 12.0 44.0 0.35529298847541213 13.0 44.0 0.3412302262149751 14.0 44.0 0.32666112249717116 15.0 44.0 0.3116982108913362 16.0 44.0 0.2964528030715883 17.0 44.0 0.2810336179099977 18.0 44.0 0.26554558938369155 19.0 44.0 0.2500887340866029 20.0 44.0 0.23475718265399337 21.0 44.0 0.21963837509974837 22.0 44.0 0.2048123157583177 23.0 44.0 0.1903511411510408 24.0 44.0 0.17631870275363326 25.0 44.0 0.16277034347876906 26.0 44.0 0.14975288277491927 27.0 44.0 0.13730463152751327 28.0 44.0 0.12545561557635665 29.0 44.0 0.11422788864001632 30.0 44.0 0.1036359122954309 31.0 44.0 0.09368703281506896 32.0 44.0 0.08438208466395736 33.0 44.0 0.07571591204032302 34.0 44.0 0.06767807668074965 35.0 44.0 0.06025344645604491 36.0 44.0 0.05342288827523589 37.0 44.0 0.04716391256079078 38.0 44.0 0.04145129909738898 39.0 44.0 0.0362577005289495 40.0 44.0 0.031554223503917456 41.0 44.0 0.02731093904003501 42.0 44.0 0.02349737612530589 43.0 44.0 0.02008294640108943 44.0 44.0 0.017037327867001295 45.0 44.0 0.014330790843814611 46.0 44.0 0.011934477370232344 47.0 44.0 0.009820627514272928 48.0 44.0 0.007962762843817472 49.0 44.0 0.00633581867441535 50.0 44.0 0.004916249308735132 0.0 43.0 0.5156643218360841 1.0 43.0 0.5148345655761659 2.0 43.0 0.5123532242141664 3.0 43.0 0.5082440203987062 4.0 43.0 0.502546054776758 5.0 43.0 0.4953132993541658 6.0 43.0 0.4866135246120393 7.0 43.0 0.47652743523940444 8.0 43.0 0.4651473886333406 9.0 43.0 0.4525758749805391 10.0 43.0 0.43892414635047317 11.0 43.0 0.4243104583583772 12.0 43.0 0.4088584310375154 13.0 43.0 0.39269535010680556 14.0 43.0 0.3759502894245088 15.0 43.0 0.35875259106978774 16.0 43.0 0.3412302262149751 17.0 43.0 0.32350812619552016 18.0 43.0 0.3057069010101259 19.0 43.0 0.2879414982162416 20.0 43.0 0.27032013004645705 21.0 43.0 0.25294326012954116 22.0 43.0 0.23590287333354354 23.0 43.0 0.21928186481818557 24.0 43.0 0.20315362280234694 25.0 43.0 0.1875817752443254 26.0 43.0 0.17262010043486953 27.0 43.0 0.15831264620646834 28.0 43.0 0.144693938549608 29.0 43.0 0.13178930943831801 30.0 43.0 0.11961536621674895 31.0 43.0 0.10818058764562011 32.0 43.0 0.0974859050475061 33.0 43.0 0.08752541011199355 34.0 43.0 0.07828709250316024 35.0 43.0 0.06975356256589293 36.0 43.0 0.06190283363685012 37.0 43.0 0.05470905592665076 38.0 43.0 0.048143239226192236 39.0 43.0 0.042173956986516714 40.0 43.0 0.03676799824461341 41.0 43.0 0.031890963669866323 42.0 43.0 0.02750782808288932 43.0 43.0 0.023583439644426107 44.0 43.0 0.02008294640108943 45.0 43.0 0.016972176264971495 46.0 43.0 0.014217964839190245 47.0 43.0 0.011788404081016779 48.0 43.0 0.009653059300035238 49.0 43.0 0.0077831256203353405 50.0 43.0 0.006151536945253611 0.0 42.0 0.5912759727798402 1.0 42.0 0.5903253383003175 2.0 42.0 0.5874824947677553 3.0 42.0 0.582774621900171 4.0 42.0 0.5762466019950807 5.0 42.0 0.5679601854644716 6.0 42.0 0.5579929775558412 7.0 42.0 0.5464375442825258 8.0 42.0 0.5333996242843568 9.0 42.0 0.5189966983161867 10.0 42.0 0.5033561415039003 11.0 42.0 0.4866135246120393 12.0 42.0 0.46891040867194533 13.0 42.0 0.4503926462493837 14.0 42.0 0.4312081462703645 15.0 42.0 0.41150505607947707 16.0 42.0 0.3914300031028688 17.0 42.0 0.3711261278949678 18.0 42.0 0.35073156422004104 19.0 42.0 0.3303780681453645 20.0 42.0 0.3101895875297487 21.0 42.0 0.2902812189422548 22.0 42.0 0.2707583433948457 23.0 42.0 0.2517159706912935 24.0 42.0 0.23323814338073134 25.0 42.0 0.21539774304255843 26.0 42.0 0.19825643068179488 27.0 42.0 0.18186464672908187 28.0 42.0 0.16626193886622787 29.0 42.0 0.15147733455523849 30.0 42.0 0.13752986257895827 31.0 42.0 0.12442925339564681 32.0 42.0 0.11217654263600707 33.0 42.0 0.10076498752459884 34.0 42.0 0.0901808119378984 35.0 42.0 0.08040410047397017 36.0 42.0 0.07140966271981597 37.0 42.0 0.06316788261756301 38.0 42.0 0.05564554547891021 39.0 42.0 0.04880665009841323 40.0 42.0 0.042613138910382986 41.0 42.0 0.03702560579404235 42.0 42.0 0.03200392937287688 43.0 42.0 0.02750782808288932 44.0 42.0 0.02349737612530589 45.0 42.0 0.019933424424380064 46.0 42.0 0.016777973156422377 47.0 42.0 0.01399446977302432 48.0 42.0 0.011548043694347143 49.0 42.0 0.009405693504959345 50.0 42.0 0.0075364126823842525 0.0 41.0 0.6757263368926942 1.0 41.0 0.6746406978927553 2.0 41.0 0.6713940924964845 3.0 41.0 0.6660176343284547 4.0 41.0 0.658562523778528 5.0 41.0 0.6490992135368288 6.0 41.0 0.6377164549194276 7.0 41.0 0.6245199269615114 8.0 41.0 0.6096303290687501 9.0 41.0 0.5931818312965333 10.0 41.0 0.5753199881874025 11.0 41.0 0.5561995333991945 12.0 41.0 0.5359822339378297 13.0 41.0 0.5148345655761659 14.0 41.0 0.4929254180751741 15.0 41.0 0.47042409842833877 16.0 41.0 0.44749794667586684 17.0 41.0 0.4243104583583772 18.0 41.0 0.40101943677291274 19.0 41.0 0.3777753240428865 20.0 41.0 0.35471962159499526 21.0 41.0 0.33198384707793593 22.0 41.0 0.30968831246718764 23.0 41.0 0.2879414982162416 24.0 41.0 0.26683942740783095 25.0 41.0 0.24646530812606215 26.0 41.0 0.22688954835757613 27.0 41.0 0.2081697708927095 28.0 41.0 0.1903511411510408 29.0 41.0 0.17346681421622634 30.0 41.0 0.15753850108012557 31.0 41.0 0.1425773180089891 32.0 41.0 0.12858445709571242 33.0 41.0 0.11555222189053893 34.0 41.0 0.10346486186608672 35.0 41.0 0.09229964530095458 36.0 41.0 0.08202780550345778 37.0 41.0 0.0726155168376863 38.0 41.0 0.06402484094724059 39.0 41.0 0.05621467670425773 40.0 41.0 0.049141553696244955 41.0 41.0 0.042760470416396856 42.0 41.0 0.03702560579404235 43.0 41.0 0.031890963669866323 44.0 41.0 0.02731093904003501 45.0 41.0 0.023240830283612013 46.0 41.0 0.019637235905975103 47.0 41.0 0.016458415891975164 48.0 41.0 0.01366454316303134 49.0 41.0 0.011217934545129538 50.0 41.0 0.00908317556604743 0.0 40.0 0.7696927613578737 1.0 40.0 0.7684569186531007 2.0 40.0 0.7647610730491579 3.0 40.0 0.7586406893096864 4.0 40.0 0.7501539415679872 5.0 40.0 0.7393811768852174 6.0 40.0 0.7264233655296266 7.0 40.0 0.7114007896743715 8.0 40.0 0.6944508380256593 9.0 40.0 0.6757263368926942 10.0 40.0 0.655392927583307 11.0 40.0 0.633626741822809 12.0 40.0 0.6106118983589113 13.0 40.0 0.5865378803573549 14.0 40.0 0.5615971512161195 15.0 40.0 0.5359822339378297 16.0 40.0 0.5098837441764772 17.0 40.0 0.4834877378307283 18.0 40.0 0.45697386329993606 19.0 40.0 0.43051339453086257 20.0 40.0 0.4042674130760133 21.0 40.0 0.3783856160007417 22.0 40.0 0.3530049747787416 23.0 40.0 0.32824899023398757 24.0 40.0 0.3042269474826753 25.0 40.0 0.2810336179099977 26.0 40.0 0.25874911015853286 27.0 40.0 0.2374390340410173 28.0 40.0 0.2171547836624086 29.0 40.0 0.19793410366401076 30.0 40.0 0.179801759775728 31.0 40.0 0.16277034347876906 32.0 40.0 0.1468412703834474 33.0 40.0 0.13200570410117507 34.0 40.0 0.11824578559026122 35.0 40.0 0.10553560918197036 36.0 40.0 0.0938424221239984 37.0 40.0 0.08312772726640105 38.0 40.0 0.07334834104403853 39.0 40.0 0.06445745890960097 40.0 40.0 0.0564056015573442 41.0 40.0 0.049141553696244955 42.0 40.0 0.042613138910382986 43.0 40.0 0.03676799824461341 44.0 40.0 0.031554223503917456 45.0 40.0 0.02692092163488269 46.0 40.0 0.022818687837570906 47.0 40.0 0.019200004171580076 48.0 40.0 0.016019537579268217 49.0 40.0 0.013234382029622793 50.0 40.0 0.010804230812937021 0.0 39.0 0.8738500899635255 1.0 39.0 0.8724476522766054 2.0 39.0 0.8682538694702089 3.0 39.0 0.8613088554702699 4.0 39.0 0.8516786522231996 5.0 39.0 0.8394543952308595 6.0 39.0 0.8247507042251527 7.0 39.0 0.8077040142379701 8.0 39.0 0.7884703702293336 9.0 39.0 0.7672229832969606 10.0 39.0 0.7441499060951173 11.0 39.0 0.7194509929977357 12.0 39.0 0.6933352774940431 13.0 39.0 0.6660176343284547 14.0 39.0 0.6377164549194276 15.0 39.0 0.6086503094993532 16.0 39.0 0.5790353841148317 17.0 39.0 0.5490829176269472 18.0 39.0 0.5189966983161867 19.0 39.0 0.4889710075221956 20.0 39.0 0.45918877189978957 21.0 39.0 0.42981974547728896 22.0 39.0 0.40101943677291274 23.0 39.0 0.37292794650420547 24.0 39.0 0.34566925233229995 25.0 39.0 0.31935094064101577 26.0 39.0 0.2940639085136354 27.0 39.0 0.2698826021514833 28.0 39.0 0.2468653446994722 29.0 39.0 0.225054947193712 30.0 39.0 0.20447951322421432 31.0 39.0 0.18515336280688643 32.0 39.0 0.1670780456624925 33.0 39.0 0.15024360781535506 34.0 39.0 0.13462973898276687 35.0 39.0 0.12020703917369246 36.0 39.0 0.10693836724385619 37.0 39.0 0.0947800106368959 38.0 39.0 0.0836829892359674 39.0 39.0 0.07359418040141463 40.0 39.0 0.06445745890960097 41.0 39.0 0.05621467670425773 42.0 39.0 0.04880665009841323 43.0 39.0 0.042173956986516714 44.0 39.0 0.0362577005289495 45.0 39.0 0.03100012755021453 46.0 39.0 0.02634517615661025 47.0 39.0 0.022238924633711576 48.0 39.0 0.018629934173077345 49.0 39.0 0.015469518955796957 50.0 39.0 0.012711938004940748 0.0 38.0 0.9888609475456178 1.0 38.0 0.9872746295295656 2.0 38.0 0.9825309938751161 3.0 38.0 0.9746753997169435 4.0 38.0 0.9637825912795961 5.0 38.0 0.9499556249938905 6.0 38.0 0.9333241409622133 7.0 38.0 0.9140424556098878 8.0 38.0 0.8922869986854494 9.0 38.0 0.8682538694702089 10.0 38.0 0.8421556777320802 11.0 38.0 0.8142185038886964 12.0 38.0 0.7846786803565919 13.0 38.0 0.7537794536910951 14.0 38.0 0.7217677063308656 15.0 38.0 0.6888906783424318 16.0 38.0 0.655392927583307 17.0 38.0 0.6215133494697511 18.0 38.0 0.5874824947677553 19.0 38.0 0.5535201258026063 20.0 38.0 0.5198331302963197 21.0 38.0 0.4866135246120393 22.0 38.0 0.45403717225417495 23.0 38.0 0.42226259177550673 24.0 38.0 0.3914300031028688 25.0 38.0 0.3616610891185701 26.0 38.0 0.3330586380325258 27.0 38.0 0.3057069010101259 28.0 38.0 0.27967183059081435 29.0 38.0 0.2550018555484712 30.0 38.0 0.23172877496108413 31.0 38.0 0.20986875658854842 32.0 38.0 0.18942358857020736 33.0 38.0 0.170381975825876 34.0 38.0 0.15272095566615462 35.0 38.0 0.13640728360041976 36.0 38.0 0.12139894580468535 37.0 38.0 0.10764650022611022 38.0 38.0 0.09509454434737563 39.0 38.0 0.0836829892359674 40.0 38.0 0.07334834104403853 41.0 38.0 0.06402484094724059 42.0 38.0 0.05564554547891021 43.0 38.0 0.048143239226192236 44.0 38.0 0.04145129909738898 45.0 38.0 0.03550439840182662 46.0 38.0 0.030239136423915625 47.0 38.0 0.025594509672373533 48.0 38.0 0.021512342151254416 49.0 38.0 0.017937564756721258 50.0 38.0 0.014818435069173574 0.0 37.0 1.115365309175104 1.0 37.0 1.1135768122039735 2.0 37.0 1.1082283682189882 3.0 37.0 1.0993711180053651 4.0 37.0 1.087089580949396 5.0 37.0 1.0714996284805238 6.0 37.0 1.0527477688156068 7.0 37.0 1.0310076898895204 8.0 37.0 1.0064784712158144 9.0 37.0 0.9793812460266054 10.0 37.0 0.9499556249938905 11.0 37.0 0.9184565371833742 12.0 37.0 0.8851504749618471 13.0 37.0 0.8503116792999208 14.0 37.0 0.8142185038886964 15.0 37.0 0.7771497792564332 16.0 37.0 0.7393811768852174 17.0 37.0 0.701182050164789 18.0 37.0 0.6628123349510133 19.0 37.0 0.6245199269615114 20.0 37.0 0.5865378803573549 21.0 37.0 0.5490829176269472 22.0 37.0 0.5123532242141664 23.0 37.0 0.47652743523940444 24.0 37.0 0.44176380103453994 25.0 37.0 0.4081994420848787 26.0 37.0 0.3759502894245088 27.0 37.0 0.34511126345023513 28.0 37.0 0.3157568103633821 29.0 37.0 0.2879414982162416 30.0 37.0 0.261701179202646 31.0 37.0 0.23705406254157424 32.0 37.0 0.21400220459327102 33.0 37.0 0.19253284996375442 34.0 37.0 0.17262010043486953 35.0 37.0 0.15422649448737502 36.0 37.0 0.13730463152751327 37.0 37.0 0.12179879611358047 38.0 37.0 0.10764650022611022 39.0 37.0 0.0947800106368959 40.0 37.0 0.08312772726640105 41.0 37.0 0.0726155168376863 42.0 37.0 0.06316788261756301 43.0 37.0 0.05470905592665076 44.0 37.0 0.04716391256079078 45.0 37.0 0.04045880353078246 46.0 37.0 0.03452223306521773 47.0 37.0 0.029285432305186987 48.0 37.0 0.024682802613824606 49.0 37.0 0.020652250852435827 50.0 37.0 0.017135442700237036 0.0 36.0 1.2539686388336122 1.0 36.0 1.251958531793207 2.0 36.0 1.2459475225768983 3.0 36.0 1.2359929508529603 4.0 36.0 1.2221897072158754 5.0 36.0 1.2046683258377016 6.0 36.0 1.1835930771194398 7.0 36.0 1.159159583505243 8.0 36.0 1.131591362413019 9.0 36.0 1.1011369652114809 10.0 36.0 1.0680655664764345 11.0 36.0 1.032663983758539 12.0 36.0 0.9952314919792116 13.0 36.0 0.9560763663612306 14.0 36.0 0.9155114120803773 15.0 36.0 0.8738500899635255 16.0 36.0 0.8314021057449281 17.0 36.0 0.7884703702293336 18.0 36.0 0.7453468865714967 19.0 36.0 0.7023101872764528 20.0 36.0 0.659622413571924 21.0 36.0 0.6175269312225282 22.0 36.0 0.5762466019950807 23.0 36.0 0.5359822339378297 24.0 36.0 0.4969115681014955 25.0 36.0 0.45918877189978957 26.0 36.0 0.42294411128386855 27.0 36.0 0.38828433817252517 28.0 36.0 0.35529298847541213 29.0 36.0 0.32403151458129287 30.0 36.0 0.29454014962539077 31.0 36.0 0.26683942740783095 32.0 36.0 0.24093153839930892 33.0 36.0 0.21680225199088454 34.0 36.0 0.19442242151126266 35.0 36.0 0.17374995118007064 36.0 36.0 0.1547315544448793 37.0 36.0 0.13730463152751327 38.0 36.0 0.12139894580468535 39.0 36.0 0.10693836724385619 40.0 36.0 0.0938424221239984 41.0 36.0 0.08202780550345778 42.0 36.0 0.07140966271981597 43.0 36.0 0.06190283363685012 44.0 36.0 0.05342288827523589 45.0 36.0 0.045887050684541464 46.0 36.0 0.03921497380360961 47.0 36.0 0.03332936158403754 48.0 36.0 0.0281564905308187 49.0 36.0 0.023626574780791998 50.0 36.0 0.019674052949994802 0.0 35.0 1.4052296108566225 1.0 35.0 1.4029776281677186 2.0 35.0 1.3962433761917055 3.0 35.0 1.3850913471542299 4.0 35.0 1.3696275181137025 5.0 35.0 1.3499981588684022 6.0 35.0 1.3263875669799745 7.0 35.0 1.2990146107040346 8.0 35.0 1.2681298679672182 9.0 35.0 1.2340115732513368 10.0 35.0 1.1969616836868227 11.0 35.0 1.1573011106811464 12.0 35.0 1.115365309175104 13.0 35.0 1.0714996284805238 14.0 35.0 1.026054663117975 15.0 35.0 0.9793812460266054 16.0 35.0 0.9318266338668764 17.0 35.0 0.88372997706756 18.0 35.0 0.8354185647331178 19.0 35.0 0.7872044271789491 20.0 35.0 0.7393811768852174 21.0 35.0 0.6922214454971254 22.0 35.0 0.6459749168716371 23.0 35.0 0.6008665985427797 24.0 35.0 0.5570955700241029 25.0 35.0 0.5148345655761659 26.0 35.0 0.4742295271717012 27.0 35.0 0.4354000217281282 28.0 35.0 0.39843971794471145 29.0 35.0 0.36341736977919936 30.0 35.0 0.3303780681453645 31.0 35.0 0.29934482043609023 32.0 35.0 0.27032013004645705 33.0 35.0 0.2432879782281816 34.0 35.0 0.21821577614173293 35.0 35.0 0.19505631690844893 36.0 35.0 0.17374995118007064 37.0 35.0 0.15422649448737502 38.0 35.0 0.13640728360041976 39.0 35.0 0.12020703917369246 40.0 35.0 0.10553560918197036 41.0 35.0 0.09229964530095458 42.0 35.0 0.08040410047397017 43.0 35.0 0.06975356256589293 44.0 35.0 0.06025344645604491 45.0 35.0 0.051811018493026495 46.0 35.0 0.04433626448735595 47.0 35.0 0.03774259006604552 48.0 35.0 0.03194740181788802 49.0 35.0 0.026872518938034773 50.0 35.0 0.022444493602961302 0.0 34.0 1.5696461624465883 1.0 34.0 1.567131323274225 2.0 34.0 1.559611005242914 3.0 34.0 1.5471572107635438 4.0 34.0 1.5298883146606386 5.0 34.0 1.5079678720794618 6.0 34.0 1.4816012806259096 7.0 34.0 1.4510332769714296 8.0 34.0 1.4165434069000185 9.0 34.0 1.3784426874481142 10.0 34.0 1.3370681232772768 11.0 34.0 1.2927781767211854 12.0 34.0 1.2459475225768983 13.0 34.0 1.1969616836868227 14.0 34.0 1.1462120241485536 15.0 34.0 1.0940907425247133 16.0 34.0 1.0409853882156312 17.0 34.0 0.9872746295295656 18.0 34.0 0.9333241409622133 19.0 34.0 0.879482192452997 20.0 34.0 0.8260767287574708 21.0 34.0 0.7734123296104372 22.0 34.0 0.7217677063308656 23.0 34.0 0.6713940924964845 24.0 34.0 0.6225139326415956 25.0 34.0 0.5753199881874025 26.0 34.0 0.5299753970466554 27.0 34.0 0.4866135246120393 28.0 34.0 0.4453390366397798 29.0 34.0 0.40622870391234756 30.0 34.0 0.36933292215690017 31.0 34.0 0.33467732137069106 32.0 34.0 0.30226473277434707 33.0 34.0 0.27207727497443557 34.0 34.0 0.2440784997306764 35.0 34.0 0.21821577614173293 36.0 34.0 0.19442242151126266 37.0 34.0 0.17262010043486953 38.0 34.0 0.15272095566615462 39.0 34.0 0.13462973898276687 40.0 34.0 0.11824578559026122 41.0 34.0 0.10346486186608672 42.0 34.0 0.0901808119378984 43.0 34.0 0.07828709250316024 44.0 34.0 0.06767807668074965 45.0 34.0 0.05825020885095 46.0 34.0 0.049902965780347586 47.0 34.0 0.04253965010866523 48.0 34.0 0.036068016197532415 49.0 34.0 0.03040077304467559 50.0 34.0 0.025455887895077467 0.0 33.0 1.7476419634185731 1.0 33.0 1.7448425716720521 2.0 33.0 1.7364713377319276 3.0 33.0 1.7226082510314882 4.0 33.0 1.7033852762542665 5.0 33.0 1.678984326776117 6.0 33.0 1.6496342844329774 7.0 33.0 1.6156071848236024 8.0 33.0 1.5772146410308778 9.0 33.0 1.53480259841308 10.0 33.0 1.4887462086044252 11.0 33.0 1.4394445843063295 12.0 33.0 1.387314600404352 13.0 33.0 1.3327856487594545 14.0 33.0 1.2762934393249452 15.0 33.0 1.21827427810058 16.0 33.0 1.159159583505243 17.0 33.0 1.0993711180053651 18.0 33.0 1.039315742906183 19.0 33.0 0.9793812460266054 20.0 33.0 0.9199325866065919 21.0 33.0 0.8613088554702699 22.0 33.0 0.8038202947936952 23.0 33.0 0.747746569570154 24.0 33.0 0.6933352774940431 25.0 33.0 0.6408009952865541 26.0 33.0 0.5903253383003175 27.0 33.0 0.5420567817054689 28.0 33.0 0.4961117929778993 29.0 33.0 0.4525758749805391 30.0 33.0 0.41150505607947707 31.0 33.0 0.37292794650420547 32.0 33.0 0.3368476456962526 33.0 33.0 0.30324427550658584 34.0 33.0 0.27207727497443557 35.0 33.0 0.2432879782281816 36.0 33.0 0.21680225199088454 37.0 33.0 0.19253284996375442 38.0 33.0 0.170381975825876 39.0 33.0 0.15024360781535506 40.0 33.0 0.13200570410117507 41.0 33.0 0.11555222189053893 42.0 33.0 0.10076498752459884 43.0 33.0 0.08752541011199355 44.0 33.0 0.07571591204032302 45.0 33.0 0.06522121792659163 46.0 33.0 0.0559294275008142 47.0 33.0 0.047732902225106955 48.0 33.0 0.040528961922973394 49.0 33.0 0.03422042867168784 50.0 33.0 0.028715995606034994 0.0 32.0 1.9395519918762147 1.0 32.0 1.93644575541839 2.0 32.0 1.9271570867858827 3.0 32.0 1.911774558480829 4.0 32.0 1.8904447979293764 5.0 32.0 1.8633695072494447 6.0 32.0 1.8308026022277772 7.0 32.0 1.7930461592040956 8.0 32.0 1.7504457659088075 9.0 32.0 1.7033852762542665 10.0 32.0 1.652281207498163 11.0 32.0 1.59757594531402 12.0 32.0 1.539732617791742 13.0 32.0 1.4792272276245058 14.0 32.0 1.4165434069000185 15.0 32.0 1.352165264543146 16.0 32.0 1.2865716642700136 17.0 32.0 1.2202303833328187 18.0 32.0 1.1535928673110902 19.0 32.0 1.087089580949396 20.0 32.0 1.0211252397857606 21.0 32.0 0.9560763663612306 22.0 32.0 0.8922869986854494 23.0 32.0 0.8300675577484071 24.0 32.0 0.7696927613578737 25.0 32.0 0.7114007896743715 26.0 32.0 0.655392927583307 27.0 32.0 0.6018341011367738 28.0 32.0 0.5508535332046449 29.0 32.0 0.502546054776758 30.0 32.0 0.45697386329993606 31.0 32.0 0.41416866844519973 32.0 32.0 0.3741339868865907 33.0 32.0 0.3368476456962526 34.0 32.0 0.30226473277434707 35.0 32.0 0.27032013004645705 36.0 32.0 0.24093153839930892 37.0 32.0 0.21400220459327102 38.0 32.0 0.18942358857020736 39.0 32.0 0.1670780456624925 40.0 32.0 0.1468412703834474 41.0 32.0 0.12858445709571242 42.0 32.0 0.11217654263600707 43.0 32.0 0.0974859050475061 44.0 32.0 0.08438208466395736 45.0 32.0 0.07273716246709228 46.0 32.0 0.06242698943242431 47.0 32.0 0.05333211785182357 48.0 32.0 0.0453386208973825 49.0 32.0 0.038338670041412115 50.0 32.0 0.03223094856366515 0.0 31.0 2.145607633050531 1.0 31.0 2.1421720213256776 2.0 31.0 2.131898326333612 3.0 31.0 2.1148842996917665 4.0 31.0 2.091292542871088 5.0 31.0 2.061345738824457 6.0 31.0 2.0253249830566347 7.0 31.0 1.9835641807876527 8.0 31.0 1.93644575541839 9.0 31.0 1.8843943304382265 10.0 31.0 1.8278702921234071 11.0 31.0 1.7673633522354066 12.0 31.0 1.7033852762542665 13.0 31.0 1.6364630884490907 14.0 31.0 1.567131323274225 15.0 31.0 1.4959254688583314 16.0 31.0 1.4233752912841737 17.0 31.0 1.3499981588684022 18.0 31.0 1.2762934393249452 19.0 31.0 1.2027370161376894 20.0 31.0 1.1297768778167665 21.0 31.0 1.0578291839919984 22.0 31.0 0.9872746295295656 23.0 31.0 0.9184565371833742 24.0 31.0 0.8516786522231996 25.0 31.0 0.7872044271789491 26.0 31.0 0.7252566642127931 27.0 31.0 0.6660176343284547 28.0 31.0 0.6096303290687501 29.0 31.0 0.5561995333991945 30.0 31.0 0.5057942098937929 31.0 31.0 0.4584492868743837 32.0 31.0 0.41416866844519973 33.0 31.0 0.37292794650420547 34.0 31.0 0.33467732137069106 35.0 31.0 0.29934482043609023 36.0 31.0 0.26683942740783095 37.0 31.0 0.23705406254157424 38.0 31.0 0.20986875658854842 39.0 31.0 0.18515336280688643 40.0 31.0 0.16277034347876906 41.0 31.0 0.1425773180089891 42.0 31.0 0.12442925339564681 43.0 31.0 0.10818058764562011 44.0 31.0 0.09368703281506896 45.0 31.0 0.08080710982903838 46.0 31.0 0.06940348213538527 47.0 31.0 0.05934405094012618 48.0 31.0 0.050502804573625326 49.0 31.0 0.042760470416396856 50.0 31.0 0.03600499173626304 0.0 30.0 2.365922851022333 1.0 30.0 2.3621350950561464 2.0 30.0 2.3508080667816103 3.0 30.0 2.3320497698150575 4.0 30.0 2.3060392565093935 5.0 30.0 2.2730223364196718 6.0 30.0 2.2333084768615663 7.0 30.0 2.187266511376947 8.0 30.0 2.1353174871765077 9.0 30.0 2.0779296583496034 10.0 30.0 2.0156106180511415 11.0 30.0 1.948900384362787 12.0 30.0 1.8783631748519838 13.0 30.0 1.8045800155960023 14.0 30.0 1.7281401581130922 15.0 30.0 1.6496342844329774 16.0 30.0 1.5696461624465883 17.0 30.0 1.4887462086044252 18.0 30.0 1.4074851698242128 19.0 30.0 1.3263875669799745 20.0 30.0 1.2459475225768983 21.0 30.0 1.1666235155425966 22.0 30.0 1.0888356394134462 23.0 30.0 1.0129621452651918 24.0 30.0 0.9393380708061159 25.0 30.0 0.8682538694702089 26.0 30.0 0.7999551123939455 27.0 30.0 0.734642846044153 28.0 30.0 0.672474545892328 29.0 30.0 0.6135660237632692 30.0 30.0 0.5579929775558412 31.0 30.0 0.5057942098937929 32.0 30.0 0.45697386329993606 33.0 30.0 0.41150505607947707 34.0 30.0 0.36933292215690017 35.0 30.0 0.3303780681453645 36.0 30.0 0.29454014962539077 37.0 30.0 0.261701179202646 38.0 30.0 0.23172877496108413 39.0 30.0 0.20447951322421432 40.0 30.0 0.179801759775728 41.0 30.0 0.15753850108012557 42.0 30.0 0.13752986257895827 43.0 30.0 0.11961536621674895 44.0 30.0 0.1036359122954309 45.0 30.0 0.08943551545962691 46.0 30.0 0.07686276501044631 47.0 30.0 0.06577202444896102 48.0 30.0 0.056024359073489904 49.0 30.0 0.04748826613649726 50.0 30.0 0.04004020756110549 0.0 29.0 2.6004797643981874 1.0 29.0 2.596316976007074 2.0 29.0 2.5838684267364442 3.0 29.0 2.5632530874572694 4.0 29.0 2.5346674150787294 5.0 29.0 2.4983817762695253 6.0 29.0 2.454736632760614 7.0 29.0 2.4041363424621522 8.0 29.0 2.347044391091913 9.0 29.0 2.2839750475250185 10.0 29.0 2.2154866880737245 11.0 29.0 2.1421720213256776 12.0 29.0 2.0646518892608583 13.0 29.0 1.9835641807876527 14.0 29.0 1.899556917604059 15.0 29.0 1.813278955873102 16.0 29.0 1.7253719992004335 17.0 29.0 1.6364630884490907 18.0 29.0 1.5471572107635438 19.0 29.0 1.4580311006866395 20.0 29.0 1.3696275181137025 21.0 29.0 1.2824504799209535 22.0 29.0 1.1969616836868227 23.0 29.0 1.1135768122039735 24.0 29.0 1.032663983758539 25.0 29.0 0.9545425004325807 26.0 29.0 0.879482192452997 27.0 29.0 0.8077040142379701 28.0 29.0 0.7393811768852174 29.0 29.0 0.6746406978927553 30.0 29.0 0.6135660237632692 31.0 29.0 0.5561995333991945 32.0 29.0 0.502546054776758 33.0 29.0 0.4525758749805391 34.0 29.0 0.40622870391234756 35.0 29.0 0.36341736977919936 36.0 29.0 0.32403151458129287 37.0 29.0 0.2879414982162416 38.0 29.0 0.2550018555484712 39.0 29.0 0.225054947193712 40.0 29.0 0.19793410366401076 41.0 29.0 0.17346681421622634 42.0 29.0 0.15147733455523849 43.0 29.0 0.13178930943831801 44.0 29.0 0.11422788864001632 45.0 29.0 0.09862166410312057 46.0 29.0 0.08480422710999846 47.0 29.0 0.0726155168376863 48.0 29.0 0.06190283363685012 49.0 29.0 0.05252167722210288 50.0 29.0 0.04433626448735595 0.0 28.0 2.849114818032831 1.0 28.0 2.8445545858703554 2.0 28.0 2.830917281564325 3.0 28.0 2.808333558496088 4.0 28.0 2.777018470223993 5.0 28.0 2.737267894204706 6.0 28.0 2.6894549555145204 7.0 28.0 2.6340228742919862 8.0 28.0 2.5714794821105897 9.0 28.0 2.502387923654169 10.0 28.0 2.42735950415954 11.0 28.0 2.347044391091913 12.0 28.0 2.2621218389831483 13.0 28.0 2.173291129525751 14.0 28.0 2.081262273248285 15.0 28.0 1.9867457575164735 16.0 28.0 1.8904447979293764 17.0 28.0 1.7930461592040956 18.0 28.0 1.6952126449905336 19.0 28.0 1.59757594531402 20.0 28.0 1.500730914529413 21.0 28.0 1.4052296108566225 22.0 28.0 1.3115776008926332 23.0 28.0 1.2202303833328187 24.0 28.0 1.131591362413019 25.0 28.0 1.0460102981887758 26.0 28.0 0.9637825912795961 27.0 28.0 0.8851504749618471 28.0 28.0 0.8103035516105592 29.0 28.0 0.7393811768852174 30.0 28.0 0.672474545892328 31.0 28.0 0.6096303290687501 32.0 28.0 0.5508535332046449 33.0 28.0 0.4961117929778993 34.0 28.0 0.4453390366397798 35.0 28.0 0.39843971794471145 36.0 28.0 0.35529298847541213 37.0 28.0 0.3157568103633821 38.0 28.0 0.27967183059081435 39.0 28.0 0.2468653446994722 40.0 28.0 0.2171547836624086 41.0 28.0 0.1903511411510408 42.0 28.0 0.16626193886622787 43.0 28.0 0.144693938549608 44.0 28.0 0.12545561557635665 45.0 28.0 0.10835918551310897 46.0 28.0 0.09322234755381942 47.0 28.0 0.07986975973471999 48.0 28.0 0.06813414162024856 49.0 28.0 0.05785719817504287 50.0 28.0 0.048890174832195044 0.0 27.0 3.1115080541931093 1.0 27.0 3.106528443749994 2.0 27.0 3.0916365808807313 3.0 27.0 3.066975516732782 4.0 27.0 3.032779616769403 5.0 27.0 2.9893726534210145 6.0 27.0 2.9371613687835634 7.0 27.0 2.876630467828363 8.0 27.0 2.808333558496088 9.0 27.0 2.7328864759765565 10.0 27.0 2.6509563154540956 11.0 27.0 2.5632530874572694 12.0 27.0 2.470518750604242 13.0 27.0 2.3735167211852968 14.0 27.0 2.2730223364196718 15.0 27.0 2.1698114103637636 16.0 27.0 2.0646518892608583 17.0 27.0 1.95829371875152 18.0 27.0 1.8514606184326112 19.0 27.0 1.7448425716720521 20.0 27.0 1.6390889114700258 21.0 27.0 1.53480259841308 22.0 27.0 1.4325356907211244 23.0 27.0 1.3327856487594545 24.0 27.0 1.2359929508529603 25.0 27.0 1.1425393051467836 26.0 27.0 1.0527477688156068 27.0 27.0 0.966882390435785 28.0 27.0 0.8851504749618471 29.0 27.0 0.8077040142379701 30.0 27.0 0.734642846044153 31.0 27.0 0.6660176343284547 32.0 27.0 0.6018341011367738 33.0 27.0 0.5420567817054689 34.0 27.0 0.4866135246120393 35.0 27.0 0.4354000217281282 36.0 27.0 0.38828433817252517 37.0 27.0 0.34511126345023513 38.0 27.0 0.3057069010101259 39.0 27.0 0.2698826021514833 40.0 27.0 0.2374390340410173 41.0 27.0 0.2081697708927095 42.0 27.0 0.18186464672908187 43.0 27.0 0.15831264620646834 44.0 27.0 0.13730463152751327 45.0 27.0 0.1186355329118669 46.0 27.0 0.10210628574714065 47.0 27.0 0.08752541011199355 48.0 27.0 0.07471026247367263 49.0 27.0 0.06348795956000686 50.0 27.0 0.053696074988693 0.0 26.0 3.3871714300476015 1.0 26.0 3.3817509836517274 2.0 26.0 3.3655413812957704 3.0 26.0 3.3386978334747255 4.0 26.0 3.3014754480682313 5.0 26.0 3.2542270845733583 6.0 26.0 3.197395247872919 7.0 26.0 3.1315070814453065 8.0 26.0 3.0571662611328065 9.0 26.0 2.975042027886957 10.0 26.0 2.8858610815368593 11.0 26.0 2.7903961366973817 12.0 26.0 2.6894549555145204 13.0 26.0 2.5838684267364442 14.0 26.0 2.4744800752960145 15.0 26.0 2.3621350950561464 16.0 26.0 2.2476691431365907 17.0 26.0 2.131898326333612 18.0 26.0 2.0156106180511415 19.0 26.0 1.899556917604059 20.0 26.0 1.7844441360794008 21.0 26.0 1.670928520616144 22.0 26.0 1.559611005242914 23.0 26.0 1.4510332769714296 24.0 26.0 1.3456744379363954 25.0 26.0 1.243950170930475 26.0 26.0 1.1462120241485536 27.0 26.0 1.0527477688156068 28.0 26.0 0.9637825912795961 29.0 26.0 0.879482192452997 30.0 26.0 0.7999551123939455 31.0 26.0 0.7252566642127931 32.0 26.0 0.655392927583307 33.0 26.0 0.5903253383003175 34.0 26.0 0.5299753970466554 35.0 26.0 0.4742295271717012 36.0 26.0 0.42294411128386855 37.0 26.0 0.3759502894245088 38.0 26.0 0.3330586380325258 39.0 26.0 0.2940639085136354 40.0 26.0 0.25874911015853286 41.0 26.0 0.22688954835757613 42.0 26.0 0.19825643068179488 43.0 26.0 0.17262010043486953 44.0 26.0 0.14975288277491927 45.0 26.0 0.12943158810958266 46.0 26.0 0.11143950885161757 47.0 26.0 0.09556823736056685 48.0 26.0 0.08161895489320159 49.0 26.0 0.06940348213538527 50.0 26.0 0.058745024260133505 0.0 25.0 3.675439757760614 1.0 25.0 3.669558448251337 2.0 25.0 3.6519707865081728 3.0 25.0 3.6228448576293886 4.0 25.0 3.5824579424224794 5.0 25.0 3.531192225869745 6.0 25.0 3.469528359826654 7.0 25.0 3.3980385488830507 8.0 25.0 3.31737677520141 9.0 25.0 3.228270215447992 10.0 25.0 3.1315070814453065 11.0 25.0 3.0279256529174745 12.0 25.0 2.9184021181426942 13.0 25.0 2.803838414605707 14.0 25.0 2.6851498312316835 15.0 25.0 2.5632530874572694 16.0 25.0 2.439054889138788 17.0 25.0 2.3134411997161806 18.0 25.0 2.187266511376947 19.0 25.0 2.061345738824457 20.0 25.0 1.93644575541839 21.0 25.0 1.813278955873102 22.0 25.0 1.6924970573745668 23.0 25.0 1.57468776172027 24.0 25.0 1.4603711790405214 25.0 25.0 1.3499981588684022 26.0 25.0 1.243950170930475 27.0 25.0 1.1425393051467836 28.0 25.0 1.0460102981887758 29.0 25.0 0.9545425004325807 30.0 25.0 0.8682538694702089 31.0 25.0 0.7872044271789491 32.0 25.0 0.7114007896743715 33.0 25.0 0.6408009952865541 34.0 25.0 0.5753199881874025 35.0 25.0 0.5148345655761659 36.0 25.0 0.45918877189978957 37.0 25.0 0.4081994420848787 38.0 25.0 0.3616610891185701 39.0 25.0 0.31935094064101577 40.0 25.0 0.2810336179099977 41.0 25.0 0.24646530812606215 42.0 25.0 0.21539774304255843 43.0 25.0 0.1875817752443254 44.0 25.0 0.16277034347876906 45.0 25.0 0.1407212889753282 46.0 25.0 0.1211995012126863 47.0 25.0 0.10397882526740432 48.0 25.0 0.08884355193004012 49.0 25.0 0.07558950548991561 50.0 25.0 0.06402484094724059 0.0 24.0 3.975464505609125 1.0 24.0 3.969103497918695 2.0 24.0 3.950081510003656 3.0 24.0 3.918580216821283 4.0 24.0 3.874899548944086 5.0 24.0 3.8194529241882265 6.0 24.0 3.7527600950561464 7.0 24.0 3.675439757760614 8.0 24.0 3.5881997770629823 9.0 24.0 3.4918262190185487 10.0 24.0 3.3871714300476015 11.0 24.0 3.275142354425043 12.0 24.0 3.1566867060028017 13.0 24.0 3.032779616769403 14.0 24.0 2.9044114775024354 15.0 24.0 2.7725733942352235 16.0 24.0 2.6382462210021913 17.0 24.0 2.502387923654169 18.0 24.0 2.365922851022333 19.0 24.0 2.229732675012201 20.0 24.0 2.0946466154418886 21.0 24.0 1.961434883531183 22.0 24.0 1.8308026022277772 23.0 24.0 1.7033852762542665 24.0 24.0 1.5797455734573305 25.0 24.0 1.4603711790405214 26.0 24.0 1.3456744379363954 27.0 24.0 1.2359929508529603 28.0 24.0 1.131591362413019 29.0 24.0 1.032663983758539 30.0 24.0 0.9393380708061159 31.0 24.0 0.8516786522231996 32.0 24.0 0.7696927613578737 33.0 24.0 0.6933352774940431 34.0 24.0 0.6225139326415956 35.0 24.0 0.5570955700241029 36.0 24.0 0.4969115681014955 37.0 24.0 0.44176380103453994 38.0 24.0 0.3914300031028688 39.0 24.0 0.34566925233229995 40.0 24.0 0.3042269474826753 41.0 24.0 0.26683942740783095 42.0 24.0 0.23323814338073134 43.0 24.0 0.20315362280234694 44.0 24.0 0.17631870275363326 45.0 24.0 0.15247143572196364 46.0 24.0 0.13135753339156508 47.0 24.0 0.11273243045434356 48.0 24.0 0.0963627896271646 49.0 24.0 0.08202780550345778 50.0 24.0 0.06951998686417937 0.0 23.0 4.286209506448358 1.0 23.0 4.279351634439081 2.0 23.0 4.258843821939081 3.0 23.0 4.22488204902038 4.0 23.0 4.177790088113397 5.0 23.0 4.118013305123895 6.0 23.0 4.046111506875604 7.0 23.0 3.962752742227167 8.0 23.0 3.8686992353759706 9.0 23.0 3.7647988027893007 10.0 23.0 3.6519707865081728 11.0 23.0 3.531192225869745 12.0 23.0 3.4034849829040468 13.0 23.0 3.269900960382074 14.0 23.0 3.1315070814453065 15.0 23.0 2.9893726534210145 16.0 23.0 2.8445545858703554 17.0 23.0 2.698085708077997 18.0 23.0 2.550962848123163 19.0 23.0 2.4041363424621522 20.0 23.0 2.2585000223480165 21.0 23.0 2.1148842996917665 22.0 23.0 1.9740498489700258 23.0 23.0 1.8366812891326845 24.0 23.0 1.7033852762542665 25.0 23.0 1.57468776172027 26.0 23.0 1.4510332769714296 27.0 23.0 1.3327856487594545 28.0 23.0 1.2202303833328187 29.0 23.0 1.1135768122039735 30.0 23.0 1.0129621452651918 31.0 23.0 0.9184565371833742 32.0 23.0 0.8300675577484071 33.0 23.0 0.747746569570154 34.0 23.0 0.6713940924964845 35.0 23.0 0.6008665985427797 36.0 23.0 0.5359822339378297 37.0 23.0 0.47652743523940444 38.0 23.0 0.42226259177550673 39.0 23.0 0.37292794650420547 40.0 23.0 0.32824899023398757 41.0 23.0 0.2879414982162416 42.0 23.0 0.2517159706912935 43.0 23.0 0.21928186481818557 44.0 23.0 0.1903511411510408 45.0 23.0 0.16464140778407454 46.0 23.0 0.1418785280548036 47.0 23.0 0.12179879611358047 48.0 23.0 0.10415069526061416 49.0 23.0 0.08869614964351058 50.0 23.0 0.07521147793158889 0.0 22.0 4.606448096688837 1.0 22.0 4.5990785784088075 2.0 22.0 4.577039641793817 3.0 22.0 4.54054252570495 4.0 22.0 4.489934844430536 5.0 22.0 4.425695342477411 6.0 22.0 4.348425788339227 7.0 22.0 4.258843821939081 8.0 22.0 4.1577686495147645 9.0 22.0 4.046111506875604 10.0 22.0 3.9248601621948183 11.0 22.0 3.7950650877319276 12.0 22.0 3.657823962625116 13.0 22.0 3.514267129357904 14.0 22.0 3.3655413812957704 15.0 22.0 3.212795657571405 16.0 22.0 3.0571662611328065 17.0 22.0 2.899762792047113 18.0 22.0 2.7416564649902284 19.0 22.0 2.5838684267364442 20.0 22.0 2.42735950415954 21.0 22.0 2.2730223364196718 22.0 22.0 2.1216735071502626 23.0 22.0 1.9740498489700258 24.0 22.0 1.8308026022277772 25.0 22.0 1.6924970573745668 26.0 22.0 1.559611005242914 27.0 22.0 1.4325356907211244 28.0 22.0 1.3115776008926332 29.0 22.0 1.1969616836868227 30.0 22.0 1.0888356394134462 31.0 22.0 0.9872746295295656 32.0 22.0 0.8922869986854494 33.0 22.0 0.8038202947936952 34.0 22.0 0.7217677063308656 35.0 22.0 0.6459749168716371 36.0 22.0 0.5762466019950807 37.0 22.0 0.5123532242141664 38.0 22.0 0.45403717225417495 39.0 22.0 0.40101943677291274 40.0 22.0 0.3530049747787416 41.0 22.0 0.30968831246718764 42.0 22.0 0.2707583433948457 43.0 22.0 0.23590287333354354 44.0 22.0 0.2048123157583177 45.0 22.0 0.17718320852145553 46.0 22.0 0.15272095566615462 47.0 22.0 0.1311421669088304 48.0 22.0 0.11217654263600707 49.0 22.0 0.09556823736056685 50.0 22.0 0.08107685809955001 0.0 21.0 4.9347671694122255 1.0 21.0 4.9268726534210145 2.0 21.0 4.903264445718378 3.0 21.0 4.864168090280145 4.0 21.0 4.809955996926874 5.0 21.0 4.741140765603632 6.0 21.0 4.658368033822626 7.0 21.0 4.562405986245722 8.0 21.0 4.454132003244013 9.0 21.0 4.334522647317499 10.0 21.0 4.204635543283075 11.0 21.0 4.0655960268341005 12.0 21.0 3.918580216821283 13.0 21.0 3.7647988027893007 14.0 21.0 3.6054805940948427 15.0 21.0 3.4418560690246522 16.0 21.0 3.275142354425043 17.0 21.0 3.106528443749994 18.0 21.0 2.9371613687835634 19.0 21.0 2.768135470803827 20.0 21.0 2.6004797643981874 21.0 21.0 2.4351503080688417 22.0 21.0 2.2730223364196718 23.0 21.0 2.1148842996917665 24.0 21.0 1.961434883531183 25.0 21.0 1.813278955873102 26.0 21.0 1.670928520616144 27.0 21.0 1.53480259841308 28.0 21.0 1.4052296108566225 29.0 21.0 1.2824504799209535 30.0 21.0 1.1666235155425966 31.0 21.0 1.0578291839919984 32.0 21.0 0.9560763663612306 33.0 21.0 0.8613088554702699 34.0 21.0 0.7734123296104372 35.0 21.0 0.6922214454971254 36.0 21.0 0.6175269312225282 37.0 21.0 0.5490829176269472 38.0 21.0 0.4866135246120393 39.0 21.0 0.42981974547728896 40.0 21.0 0.3783856160007417 41.0 21.0 0.33198384707793593 42.0 21.0 0.2902812189422548 43.0 21.0 0.25294326012954116 44.0 21.0 0.21963837509974837 45.0 21.0 0.19004146521911025 46.0 21.0 0.16383695369586349 47.0 21.0 0.1407212889753282 48.0 21.0 0.12040489679202437 49.0 21.0 0.10261371498927474 50.0 21.0 0.08709022914990783 0.0 20.0 5.269569796975702 1.0 20.0 5.261139792855829 2.0 20.0 5.235930842813104 3.0 20.0 5.194183749612421 4.0 20.0 5.136295718606561 5.0 20.0 5.06281511252746 6.0 20.0 4.97443096106872 7.0 20.0 4.8719619936309755 8.0 20.0 4.756347579415888 9.0 20.0 4.628628653939813 10.0 20.0 4.489934844430536 11.0 20.0 4.341468734201044 12.0 20.0 4.184485358651727 13.0 20.0 4.020277900155634 14.0 20.0 3.8501578993164003 15.0 20.0 3.675439757760614 16.0 20.0 3.497422856744379 17.0 20.0 3.31737677520141 18.0 20.0 3.13652698462829 19.0 20.0 2.956041020806879 20.0 20.0 2.777018470223993 21.0 20.0 2.6004797643981874 22.0 20.0 2.42735950415954 23.0 20.0 2.2585000223480165 24.0 20.0 2.0946466154418886 25.0 20.0 1.93644575541839 26.0 20.0 1.7844441360794008 27.0 20.0 1.6390889114700258 28.0 20.0 1.500730914529413 29.0 20.0 1.3696275181137025 30.0 20.0 1.2459475225768983 31.0 20.0 1.1297768778167665 32.0 20.0 1.0211252397857606 33.0 20.0 0.9199325866065919 34.0 20.0 0.8260767287574708 35.0 20.0 0.7393811768852174 36.0 20.0 0.659622413571924 37.0 20.0 0.5865378803573549 38.0 20.0 0.5198331302963197 39.0 20.0 0.45918877189978957 40.0 20.0 0.4042674130760133 41.0 20.0 0.35471962159499526 42.0 20.0 0.3101895875297487 43.0 20.0 0.27032013004645705 44.0 20.0 0.23475718265399337 45.0 20.0 0.20315362280234694 46.0 20.0 0.17517246073111892 47.0 20.0 0.1504895663820207 48.0 20.0 0.12879574066028 49.0 20.0 0.10979831730946898 50.0 20.0 0.09322234755381942 0.0 19.0 5.609082621987909 1.0 19.0 5.600109977182001 2.0 19.0 5.573277873452753 3.0 19.0 5.528842849191278 4.0 19.0 5.467227858956903 5.0 19.0 5.38901607459411 6.0 19.0 5.2949403948150575 7.0 19.0 5.185874385293573 8.0 19.0 5.06281511252746 9.0 19.0 4.9268726534210145 10.0 19.0 4.779249114450067 11.0 19.0 4.621223372872919 12.0 19.0 4.454132003244013 13.0 19.0 4.279351634439081 14.0 19.0 4.0982779688201845 15.0 19.0 3.912310046609491 16.0 19.0 3.722830933984369 17.0 19.0 3.531192225869745 18.0 19.0 3.3386978334747255 19.0 19.0 3.146590632852167 20.0 19.0 2.956041020806879 21.0 19.0 2.768135470803827 22.0 19.0 2.5838684267364442 23.0 19.0 2.4041363424621522 24.0 19.0 2.229732675012201 25.0 19.0 2.061345738824457 26.0 19.0 1.899556917604059 27.0 19.0 1.7448425716720521 28.0 19.0 1.59757594531402 29.0 19.0 1.4580311006866395 30.0 19.0 1.3263875669799745 31.0 19.0 1.2027370161376894 32.0 19.0 1.087089580949396 33.0 19.0 0.9793812460266054 34.0 19.0 0.879482192452997 35.0 19.0 0.7872044271789491 36.0 19.0 0.7023101872764528 37.0 19.0 0.6245199269615114 38.0 19.0 0.5535201258026063 39.0 19.0 0.4889710075221956 40.0 19.0 0.43051339453086257 41.0 19.0 0.3777753240428865 42.0 19.0 0.3303780681453645 43.0 19.0 0.2879414982162416 44.0 19.0 0.2500887340866029 45.0 19.0 0.21645028656348586 46.0 19.0 0.1866674697957933 47.0 19.0 0.16039529209956527 48.0 19.0 0.13730463152751327 49.0 19.0 0.11708400910720229 50.0 19.0 0.09944075113162398 0.0 18.0 5.951370639260858 1.0 18.0 5.941851062234491 2.0 18.0 5.91338245337829 3.0 18.0 5.866237086709589 4.0 18.0 5.800864619668573 5.0 18.0 5.717882556375116 6.0 18.0 5.618070048745722 7.0 18.0 5.502351684030145 8.0 18.0 5.371787948068231 9.0 18.0 5.227554721292108 10.0 18.0 5.07092754309997 11.0 18.0 4.903264445718378 12.0 18.0 4.725982589181513 13.0 18.0 4.54054252570495 14.0 18.0 4.348425788339227 15.0 18.0 4.151116294320673 16.0 18.0 3.950081510003656 17.0 18.0 3.7467550463043153 18.0 18.0 3.542520923074335 19.0 18.0 3.3386978334747255 20.0 18.0 3.13652698462829 21.0 18.0 2.9371613687835634 22.0 18.0 2.7416564649902284 23.0 18.0 2.550962848123163 24.0 18.0 2.365922851022333 25.0 18.0 2.187266511376947 26.0 18.0 2.0156106180511415 27.0 18.0 1.8514606184326112 28.0 18.0 1.6952126449905336 29.0 18.0 1.5471572107635438 30.0 18.0 1.4074851698242128 31.0 18.0 1.2762934393249452 32.0 18.0 1.1535928673110902 33.0 18.0 1.039315742906183 34.0 18.0 0.9333241409622133 35.0 18.0 0.8354185647331178 36.0 18.0 0.7453468865714967 37.0 18.0 0.6628123349510133 38.0 18.0 0.5874824947677553 39.0 18.0 0.5189966983161867 40.0 18.0 0.45697386329993606 41.0 18.0 0.40101943677291274 42.0 18.0 0.35073156422004104 43.0 18.0 0.3057069010101259 44.0 18.0 0.26554558938369155 45.0 18.0 0.22985560959205031 46.0 18.0 0.19825643068179488 47.0 18.0 0.170381975825876 48.0 18.0 0.14588308101519942 49.0 18.0 0.12442925339564681 50.0 18.0 0.10570997511968017 0.0 17.0 6.294349116738886 1.0 17.0 6.284280700143427 2.0 17.0 6.254172725137323 3.0 17.0 6.204312247689813 4.0 17.0 6.135174197610468 5.0 17.0 6.047412795480341 6.0 17.0 5.941851062234491 7.0 17.0 5.81946794455871 8.0 17.0 5.681383532937616 9.0 17.0 5.528842849191278 10.0 17.0 5.363194388803095 11.0 17.0 5.185874385293573 12.0 17.0 4.998381537850946 13.0 17.0 4.802260798867792 14.0 17.0 4.5990785784088075 15.0 17.0 4.3904041475616395 16.0 17.0 4.177790088113397 17.0 17.0 3.962752742227167 18.0 17.0 3.7467550463043153 19.0 17.0 3.531192225869745 20.0 17.0 3.31737677520141 21.0 17.0 3.106528443749994 22.0 17.0 2.899762792047113 23.0 17.0 2.698085708077997 24.0 17.0 2.502387923654169 25.0 17.0 2.3134411997161806 26.0 17.0 2.131898326333612 27.0 17.0 1.95829371875152 28.0 17.0 1.7930461592040956 29.0 17.0 1.6364630884490907 30.0 17.0 1.4887462086044252 31.0 17.0 1.3499981588684022 32.0 17.0 1.2202303833328187 33.0 17.0 1.0993711180053651 34.0 17.0 0.9872746295295656 35.0 17.0 0.88372997706756 36.0 17.0 0.7884703702293336 37.0 17.0 0.701182050164789 38.0 17.0 0.6215133494697511 39.0 17.0 0.5490829176269472 40.0 17.0 0.4834877378307283 41.0 17.0 0.4243104583583772 42.0 17.0 0.3711261278949678 43.0 17.0 0.32350812619552016 44.0 17.0 0.2810336179099977 45.0 17.0 0.2432879782281816 46.0 17.0 0.20986875658854842 47.0 17.0 0.1803888059221208 48.0 17.0 0.15447883075103164 49.0 17.0 0.13178930943831801 50.0 17.0 0.11199184274300933 0.0 16.0 6.635803145822138 1.0 16.0 6.625188750680536 2.0 16.0 6.593448085244745 3.0 16.0 6.540884417947382 4.0 16.0 6.467997474130243 5.0 16.0 6.375477713998407 6.0 16.0 6.264192504342645 7.0 16.0 6.135174197610468 8.0 16.0 5.989603442605585 9.0 16.0 5.828791541513056 10.0 16.0 5.654162330087274 11.0 16.0 5.467227858956903 12.0 16.0 5.269569796975702 13.0 16.0 5.06281511252746 14.0 16.0 4.848616523202509 15.0 16.0 4.628628653939813 16.0 16.0 4.404486579354852 17.0 16.0 4.177790088113397 18.0 16.0 3.950081510003656 19.0 16.0 3.722830933984369 20.0 16.0 3.497422856744379 21.0 16.0 3.275142354425043 22.0 16.0 3.0571662611328065 23.0 16.0 2.8445545858703554 24.0 16.0 2.6382462210021913 25.0 16.0 2.439054889138788 26.0 16.0 2.2476691431365907 27.0 16.0 2.0646518892608583 28.0 16.0 1.8904447979293764 29.0 16.0 1.7253719992004335 30.0 16.0 1.5696461624465883 31.0 16.0 1.4233752912841737 32.0 16.0 1.2865716642700136 33.0 16.0 1.159159583505243 34.0 16.0 1.0409853882156312 35.0 16.0 0.9318266338668764 36.0 16.0 0.8314021057449281 37.0 16.0 0.7393811768852174 38.0 16.0 0.655392927583307 39.0 16.0 0.5790353841148317 40.0 16.0 0.5098837441764772 41.0 16.0 0.44749794667586684 42.0 16.0 0.3914300031028688 43.0 16.0 0.3412302262149751 44.0 16.0 0.2964528030715883 45.0 16.0 0.25666065281257033 46.0 16.0 0.22142946487292647 47.0 16.0 0.1903511411510408 48.0 16.0 0.16303635900840163 49.0 16.0 0.13911664253100753 50.0 16.0 0.11824578559026122 0.0 15.0 6.973408622201532 1.0 15.0 6.962254924234003 2.0 15.0 6.928900165017694 3.0 15.0 6.873663348611444 4.0 15.0 6.797070426400751 5.0 15.0 6.699845714028925 6.0 15.0 6.582901400979608 7.0 15.0 6.447322291787714 8.0 15.0 6.294349116738886 9.0 15.0 6.125360412057489 10.0 15.0 5.941851062234491 11.0 15.0 5.745410842355341 12.0 15.0 5.537701529916376 13.0 15.0 5.320433539804071 14.0 15.0 5.095342559274286 15.0 15.0 4.864168090280145 16.0 15.0 4.628628653939813 17.0 15.0 4.3904041475616395 18.0 15.0 4.151116294320673 19.0 15.0 3.912310046609491 20.0 15.0 3.675439757760614 21.0 15.0 3.4418560690246522 22.0 15.0 3.212795657571405 23.0 15.0 2.9893726534210145 24.0 15.0 2.7725733942352235 25.0 15.0 2.5632530874572694 26.0 15.0 2.3621350950561464 27.0 15.0 2.1698114103637636 28.0 15.0 1.9867457575164735 29.0 15.0 1.813278955873102 30.0 15.0 1.6496342844329774 31.0 15.0 1.4959254688583314 32.0 15.0 1.352165264543146 33.0 15.0 1.21827427810058 34.0 15.0 1.0940907425247133 35.0 15.0 0.9793812460266054 36.0 15.0 0.8738500899635255 37.0 15.0 0.7771497792564332 38.0 15.0 0.6888906783424318 39.0 15.0 0.6086503094993532 40.0 15.0 0.5359822339378297 41.0 15.0 0.47042409842833877 42.0 15.0 0.41150505607947707 43.0 15.0 0.35875259106978774 44.0 15.0 0.3116982108913362 45.0 15.0 0.2698826021514833 46.0 15.0 0.23285989230498672 47.0 15.0 0.20020121103152633 48.0 15.0 0.17149746185168624 49.0 15.0 0.14636140828952193 50.0 15.0 0.12442925339564681 0.0 14.0 7.30475847190246 1.0 14.0 7.293074531015009 2.0 14.0 7.258135718759149 3.0 14.0 7.200275344308466 4.0 14.0 7.120045108254999 5.0 14.0 7.018203181680292 6.0 14.0 6.8957046694122255 7.0 14.0 6.753686351235956 8.0 14.0 6.593448085244745 9.0 14.0 6.4164332575164735 10.0 14.0 6.224208278115839 11.0 14.0 6.018438739236444 12.0 14.0 5.800864619668573 13.0 14.0 5.573277873452753 14.0 14.0 5.337496680673212 15.0 14.0 5.095342559274286 16.0 14.0 4.848616523202509 17.0 14.0 4.5990785784088075 18.0 14.0 4.348425788339227 19.0 14.0 4.0982779688201845 20.0 14.0 3.8501578993164003 21.0 14.0 3.6054805940948427 22.0 14.0 3.3655413812957704 23.0 14.0 3.1315070814453065 24.0 14.0 2.9044114775024354 25.0 14.0 2.6851498312316835 26.0 14.0 2.4744800752960145 27.0 14.0 2.2730223364196718 28.0 14.0 2.081262273248285 29.0 14.0 1.899556917604059 30.0 14.0 1.7281401581130922 31.0 14.0 1.567131323274225 32.0 14.0 1.4165434069000185 33.0 14.0 1.2762934393249452 34.0 14.0 1.1462120241485536 35.0 14.0 1.026054663117975 36.0 14.0 0.9155114120803773 37.0 14.0 0.8142185038886964 38.0 14.0 0.7217677063308656 39.0 14.0 0.6377164549194276 40.0 14.0 0.5615971512161195 41.0 14.0 0.4929254180751741 42.0 14.0 0.4312081462703645 43.0 14.0 0.3759502894245088 44.0 14.0 0.32666112249717116 45.0 14.0 0.282859546598047 46.0 14.0 0.2440784997306764 47.0 14.0 0.20986875658854842 48.0 14.0 0.179801759775728 49.0 14.0 0.15347191458567977 50.0 14.0 0.1304981387220323 0.0 13.0 7.627387446817011 1.0 13.0 7.615188044961542 2.0 13.0 7.578706664498895 3.0 13.0 7.518291873391718 4.0 13.0 7.434519690927118 5.0 13.0 7.328181666787714 6.0 13.0 7.200275344308466 7.0 13.0 7.0519875711761415 8.0 13.0 6.884674949105829 9.0 13.0 6.699845714028925 10.0 13.0 6.499134940560907 11.0 13.0 6.284280700143427 12.0 13.0 6.05710164969787 13.0 13.0 5.81946794455871 14.0 13.0 5.573277873452753 15.0 13.0 5.320433539804071 16.0 13.0 5.06281511252746 17.0 13.0 4.802260798867792 18.0 13.0 4.54054252570495 19.0 13.0 4.279351634439081 20.0 13.0 4.020277900155634 21.0 13.0 3.7647988027893007 22.0 13.0 3.514267129357904 23.0 13.0 3.269900960382074 24.0 13.0 3.032779616769403 25.0 13.0 2.803838414605707 26.0 13.0 2.5838684267364442 27.0 13.0 2.3735167211852968 28.0 13.0 2.173291129525751 29.0 13.0 1.9835641807876527 30.0 13.0 1.8045800155960023 31.0 13.0 1.6364630884490907 32.0 13.0 1.4792272276245058 33.0 13.0 1.3327856487594545 34.0 13.0 1.1969616836868227 35.0 13.0 1.0714996284805238 36.0 13.0 0.9560763663612306 37.0 13.0 0.8503116792999208 38.0 13.0 0.7537794536910951 39.0 13.0 0.6660176343284547 40.0 13.0 0.5865378803573549 41.0 13.0 0.5148345655761659 42.0 13.0 0.4503926462493837 43.0 13.0 0.39269535010680556 44.0 13.0 0.3412302262149751 45.0 13.0 0.29549495643004775 46.0 13.0 0.2550018555484712 47.0 13.0 0.21928186481818557 48.0 13.0 0.18788751726970077 49.0 13.0 0.16039529209956527 50.0 13.0 0.13640728360041976 0.0 12.0 7.938804072793573 1.0 12.0 7.926106376107782 2.0 12.0 7.8881363100372255 3.0 12.0 7.825256270822138 4.0 12.0 7.738065165933222 5.0 12.0 7.627387446817011 6.0 12.0 7.494261187966913 7.0 12.0 7.339921397622675 8.0 12.0 7.165780944284052 9.0 12.0 6.973408622201532 10.0 12.0 6.764506263192743 11.0 12.0 6.540884417947382 12.0 12.0 6.3044337457977235 13.0 12.0 6.05710164969787 14.0 12.0 5.800864619668573 15.0 12.0 5.537701529916376 16.0 12.0 5.269569796975702 17.0 12.0 4.998381537850946 18.0 12.0 4.725982589181513 19.0 12.0 4.454132003244013 20.0 12.0 4.184485358651727 21.0 12.0 3.918580216821283 22.0 12.0 3.657823962625116 23.0 12.0 3.4034849829040468 24.0 12.0 3.1566867060028017 25.0 12.0 2.9184021181426942 26.0 12.0 2.6894549555145204 27.0 12.0 2.470518750604242 28.0 12.0 2.2621218389831483 29.0 12.0 2.0646518892608583 30.0 12.0 1.8783631748519838 31.0 12.0 1.7033852762542665 32.0 12.0 1.539732617791742 33.0 12.0 1.387314600404352 34.0 12.0 1.2459475225768983 35.0 12.0 1.115365309175104 36.0 12.0 0.9952314919792116 37.0 12.0 0.8851504749618471 38.0 12.0 0.7846786803565919 39.0 12.0 0.6933352774940431 40.0 12.0 0.6106118983589113 41.0 12.0 0.5359822339378297 42.0 12.0 0.46891040867194533 43.0 12.0 0.4088584310375154 44.0 12.0 0.35529298847541213 45.0 12.0 0.3076912290416658 46.0 12.0 0.26554558938369155 47.0 12.0 0.22836783295497298 48.0 12.0 0.19569225376471877 49.0 12.0 0.1670780456624925 50.0 12.0 0.1421110755763948 0.0 11.0 8.236519259866327 1.0 11.0 8.223346156533808 2.0 11.0 8.183952731546015 3.0 11.0 8.118715686257929 4.0 11.0 8.02825586264953 5.0 11.0 7.913429660256952 6.0 11.0 7.775313300546259 7.0 11.0 7.615188044961542 8.0 11.0 7.434519690927118 9.0 11.0 7.234936160501093 10.0 11.0 7.018203181680292 11.0 11.0 6.786198062356561 12.0 11.0 6.540884417947382 13.0 11.0 6.284280700143427 14.0 11.0 6.018438739236444 15.0 11.0 5.745410842355341 16.0 11.0 5.467227858956903 17.0 11.0 5.185874385293573 18.0 11.0 4.903264445718378 19.0 11.0 4.621223372872919 20.0 11.0 4.341468734201044 21.0 11.0 4.0655960268341005 22.0 11.0 3.7950650877319276 23.0 11.0 3.531192225869745 24.0 11.0 3.275142354425043 25.0 11.0 3.0279256529174745 26.0 11.0 2.7903961366973817 27.0 11.0 2.5632530874572694 28.0 11.0 2.347044391091913 29.0 11.0 2.1421720213256776 30.0 11.0 1.948900384362787 31.0 11.0 1.7673633522354066 32.0 11.0 1.59757594531402 33.0 11.0 1.4394445843063295 34.0 11.0 1.2927781767211854 35.0 11.0 1.1573011106811464 36.0 11.0 1.032663983758539 37.0 11.0 0.9184565371833742 38.0 11.0 0.8142185038886964 39.0 11.0 0.7194509929977357 40.0 11.0 0.633626741822809 41.0 11.0 0.5561995333991945 42.0 11.0 0.4866135246120393 43.0 11.0 0.4243104583583772 44.0 11.0 0.368737084325403 45.0 11.0 0.31935094064101577 46.0 11.0 0.2756254500709474 47.0 11.0 0.23705406254157424 48.0 11.0 0.20315362280234694 49.0 11.0 0.17346681421622634 50.0 11.0 0.14756393199786544 0.0 10.0 8.518083018716425 1.0 10.0 8.504459781106561 2.0 10.0 8.463719767984003 3.0 10.0 8.396253985818475 4.0 10.0 8.302703303750604 5.0 10.0 8.183952731546015 6.0 10.0 8.041117114480585 7.0 10.0 7.875520152505487 8.0 10.0 7.6886781877838075 9.0 10.0 7.482274932321161 10.0 10.0 7.258135718759149 11.0 10.0 7.018203181680292 12.0 10.0 6.764506263192743 13.0 10.0 6.499134940560907 14.0 10.0 6.224208278115839 15.0 10.0 5.941851062234491 16.0 10.0 5.654162330087274 17.0 10.0 5.363194388803095 18.0 10.0 5.07092754309997 19.0 10.0 4.779249114450067 20.0 10.0 4.489934844430536 21.0 10.0 4.204635543283075 22.0 10.0 3.9248601621948183 23.0 10.0 3.6519707865081728 24.0 10.0 3.3871714300476015 25.0 10.0 3.1315070814453065 26.0 10.0 2.8858610815368593 27.0 10.0 2.6509563154540956 28.0 10.0 2.42735950415954 29.0 10.0 2.2154866880737245 30.0 10.0 2.0156106180511415 31.0 10.0 1.8278702921234071 32.0 10.0 1.652281207498163 33.0 10.0 1.4887462086044252 34.0 10.0 1.3370681232772768 35.0 10.0 1.1969616836868227 36.0 10.0 1.0680655664764345 37.0 10.0 0.9499556249938905 38.0 10.0 0.8421556777320802 39.0 10.0 0.7441499060951173 40.0 10.0 0.655392927583307 41.0 10.0 0.5753199881874025 42.0 10.0 0.5033561415039003 43.0 10.0 0.43892414635047317 44.0 10.0 0.381451768334955 45.0 10.0 0.3303780681453645 46.0 10.0 0.28515843814238906 47.0 10.0 0.24526904290542006 48.0 10.0 0.21021018689498305 49.0 10.0 0.17950895195826888 50.0 10.0 0.15272095566615462 0.0 9.0 8.781113070901483 1.0 9.0 8.767069262918085 2.0 9.0 8.725071353372186 3.0 9.0 8.655522746499628 4.0 9.0 8.559084338601679 5.0 9.0 8.43666879599914 6.0 9.0 8.289424342568964 7.0 9.0 8.118715686257929 8.0 9.0 7.926106376107782 9.0 9.0 7.713332099374384 10.0 9.0 7.482274932321161 11.0 9.0 7.234936160501093 12.0 9.0 6.973408622201532 13.0 9.0 6.699845714028925 14.0 9.0 6.4164332575164735 15.0 9.0 6.125360412057489 16.0 9.0 5.828791541513056 17.0 9.0 5.528842849191278 18.0 9.0 5.227554721292108 19.0 9.0 4.9268726534210145 20.0 9.0 4.628628653939813 21.0 9.0 4.334522647317499 22.0 9.0 4.046111506875604 23.0 9.0 3.7647988027893007 24.0 9.0 3.4918262190185487 25.0 9.0 3.228270215447992 26.0 9.0 2.975042027886957 27.0 9.0 2.7328864759765565 28.0 9.0 2.502387923654169 29.0 9.0 2.2839750475250185 30.0 9.0 2.0779296583496034 31.0 9.0 1.8843943304382265 32.0 9.0 1.7033852762542665 33.0 9.0 1.53480259841308 34.0 9.0 1.3784426874481142 35.0 9.0 1.2340115732513368 36.0 9.0 1.1011369652114809 37.0 9.0 0.9793812460266054 38.0 9.0 0.8682538694702089 39.0 9.0 0.7672229832969606 40.0 9.0 0.6757263368926942 41.0 9.0 0.5931818312965333 42.0 9.0 0.5189966983161867 43.0 9.0 0.4525758749805391 44.0 9.0 0.39332951372489333 45.0 9.0 0.34067933028563857 46.0 9.0 0.2940639085136354 47.0 9.0 0.25294326012954116 48.0 9.0 0.21680225199088454 49.0 9.0 0.18515336280688643 50.0 9.0 0.15753850108012557 0.0 8.0 9.023329181130975 1.0 8.0 9.008898181375116 2.0 8.0 8.965743464883417 3.0 8.0 8.894277018960565 4.0 8.0 8.795178813394159 5.0 8.0 8.669388217385858 6.0 8.0 8.518083018716425 7.0 8.0 8.342667979653925 8.0 8.0 8.14474813407287 9.0 8.0 7.926106376107782 10.0 8.0 7.6886781877838075 11.0 8.0 7.434519690927118 12.0 8.0 7.165780944284052 13.0 8.0 6.884674949105829 14.0 8.0 6.593448085244745 15.0 8.0 6.294349116738886 16.0 8.0 5.989603442605585 17.0 8.0 5.681383532937616 18.0 8.0 5.371787948068231 19.0 8.0 5.06281511252746 20.0 8.0 4.756347579415888 21.0 8.0 4.454132003244013 22.0 8.0 4.1577686495147645 23.0 8.0 3.8686992353759706 24.0 8.0 3.5881997770629823 25.0 8.0 3.31737677520141 26.0 8.0 3.0571662611328065 27.0 8.0 2.808333558496088 28.0 8.0 2.5714794821105897 29.0 8.0 2.347044391091913 30.0 8.0 2.1353174871765077 31.0 8.0 1.93644575541839 32.0 8.0 1.7504457659088075 33.0 8.0 1.5772146410308778 34.0 8.0 1.4165434069000185 35.0 8.0 1.2681298679672182 36.0 8.0 1.131591362413019 37.0 8.0 1.0064784712158144 38.0 8.0 0.8922869986854494 39.0 8.0 0.7884703702293336 40.0 8.0 0.6944508380256593 41.0 8.0 0.6096303290687501 42.0 8.0 0.5333996242843568 43.0 8.0 0.4651473886333406 44.0 8.0 0.4042674130760133 45.0 8.0 0.35016546910628676 46.0 8.0 0.30226473277434707 47.0 8.0 0.2600102252326906 48.0 8.0 0.2228727019391954 49.0 8.0 0.1903511411510408 50.0 8.0 0.1619748598895967 0.0 7.0 9.24259035056457 1.0 7.0 9.227808398660272 2.0 7.0 9.183605594094843 3.0 7.0 9.110402507241815 4.0 7.0 9.008898181375116 5.0 7.0 8.88005201285705 6.0 7.0 8.725071353372186 7.0 7.0 8.545395297463983 8.0 7.0 8.342667979653925 9.0 7.0 8.118715686257929 10.0 7.0 7.875520152505487 11.0 7.0 7.615188044961542 12.0 7.0 7.339921397622675 13.0 7.0 7.0519875711761415 14.0 7.0 6.753686351235956 15.0 7.0 6.447322291787714 16.0 7.0 6.135174197610468 17.0 7.0 5.81946794455871 18.0 7.0 5.502351684030145 19.0 7.0 5.185874385293573 20.0 7.0 4.8719619936309755 21.0 7.0 4.562405986245722 22.0 7.0 4.258843821939081 23.0 7.0 3.962752742227167 24.0 7.0 3.675439757760614 25.0 7.0 3.3980385488830507 26.0 7.0 3.1315070814453065 27.0 7.0 2.876630467828363 28.0 7.0 2.6340228742919862 29.0 7.0 2.4041363424621522 30.0 7.0 2.187266511376947 31.0 7.0 1.9835641807876527 32.0 7.0 1.7930461592040956 33.0 7.0 1.6156071848236024 34.0 7.0 1.4510332769714296 35.0 7.0 1.2990146107040346 36.0 7.0 1.159159583505243 37.0 7.0 1.0310076898895204 38.0 7.0 0.9140424556098878 39.0 7.0 0.8077040142379701 40.0 7.0 0.7114007896743715 41.0 7.0 0.6245199269615114 42.0 7.0 0.5464375442825258 43.0 7.0 0.47652743523940444 44.0 7.0 0.41416866844519973 45.0 7.0 0.35875259106978774 46.0 7.0 0.30968831246718764 47.0 7.0 0.2664074427448213 48.0 7.0 0.22836783295497298 49.0 7.0 0.19505631690844893 50.0 7.0 0.16599076753482223 0.0 6.0 9.43692056601867 1.0 6.0 9.421827716287225 2.0 6.0 9.3766950792633 3.0 6.0 9.301954669412225 4.0 6.0 9.198316020425409 5.0 6.0 9.066761416848749 6.0 6.0 8.908523959573358 7.0 6.0 8.725071353372186 8.0 6.0 8.518083018716425 9.0 6.0 8.289424342568964 10.0 6.0 8.041117114480585 11.0 6.0 7.775313300546259 12.0 6.0 7.494261187966913 13.0 6.0 7.200275344308466 14.0 6.0 6.8957046694122255 15.0 6.0 6.582901400979608 16.0 6.0 6.264192504342645 17.0 6.0 5.941851062234491 18.0 6.0 5.618070048745722 19.0 6.0 5.2949403948150575 20.0 6.0 4.97443096106872 21.0 6.0 4.658368033822626 22.0 6.0 4.348425788339227 23.0 6.0 4.046111506875604 24.0 6.0 3.7527600950561464 25.0 6.0 3.469528359826654 26.0 6.0 3.197395247872919 27.0 6.0 2.9371613687835634 28.0 6.0 2.6894549555145204 29.0 6.0 2.454736632760614 30.0 6.0 2.2333084768615663 31.0 6.0 2.0253249830566347 32.0 6.0 1.8308026022277772 33.0 6.0 1.6496342844329774 34.0 6.0 1.4816012806259096 35.0 6.0 1.3263875669799745 36.0 6.0 1.1835930771194398 37.0 6.0 1.0527477688156068 38.0 6.0 0.9333241409622133 39.0 6.0 0.8247507042251527 40.0 6.0 0.7264233655296266 41.0 6.0 0.6377164549194276 42.0 6.0 0.5579929775558412 43.0 6.0 0.4866135246120393 44.0 6.0 0.42294411128386855 45.0 6.0 0.36636329954490066 46.0 6.0 0.3162678009830415 47.0 6.0 0.27207727497443557 48.0 6.0 0.23323814338073134 49.0 6.0 0.19922648137435317 50.0 6.0 0.16955004399642348 0.0 5.0 9.60453931754455 1.0 5.0 9.58917943900451 2.0 5.0 9.543245715554804 3.0 5.0 9.467177791055292 4.0 5.0 9.361699504312128 5.0 5.0 9.227808398660272 6.0 5.0 9.066761416848749 7.0 5.0 8.88005201285705 8.0 5.0 8.669388217385858 9.0 5.0 8.43666879599914 10.0 5.0 8.183952731546015 11.0 5.0 7.913429660256952 12.0 5.0 7.627387446817011 13.0 5.0 7.328181666787714 14.0 5.0 7.018203181680292 15.0 5.0 6.699845714028925 16.0 5.0 6.375477713998407 17.0 5.0 6.047412795480341 18.0 5.0 5.717882556375116 19.0 5.0 5.38901607459411 20.0 5.0 5.06281511252746 21.0 5.0 4.741140765603632 22.0 5.0 4.425695342477411 23.0 5.0 4.118013305123895 24.0 5.0 3.8194529241882265 25.0 5.0 3.531192225869745 26.0 5.0 3.2542270845733583 27.0 5.0 2.9893726534210145 28.0 5.0 2.737267894204706 29.0 5.0 2.4983817762695253 30.0 5.0 2.2730223364196718 31.0 5.0 2.061345738824457 32.0 5.0 1.8633695072494447 33.0 5.0 1.678984326776117 34.0 5.0 1.5079678720794618 35.0 5.0 1.3499981588684022 36.0 5.0 1.2046683258377016 37.0 5.0 1.0714996284805238 38.0 5.0 0.9499556249938905 39.0 5.0 0.8394543952308595 40.0 5.0 0.7393811768852174 41.0 5.0 0.6490992135368288 42.0 5.0 0.5679601854644716 43.0 5.0 0.4953132993541658 44.0 5.0 0.43051339453086257 45.0 5.0 0.37292794650420547 46.0 5.0 0.3219429380260408 47.0 5.0 0.2769677764736116 48.0 5.0 0.2374390340410173 49.0 5.0 0.20282347267493606 50.0 5.0 0.17262010043486953 0.0 4.0 9.743894023355097 1.0 4.0 9.728310985025018 2.0 4.0 9.68171159690246 3.0 4.0 9.60453931754455 4.0 4.0 9.49753133719787 5.0 4.0 9.361699504312128 6.0 4.0 9.198316020425409 7.0 4.0 9.008898181375116 8.0 4.0 8.795178813394159 9.0 4.0 8.559084338601679 10.0 4.0 8.302703303750604 11.0 4.0 8.02825586264953 12.0 4.0 7.738065165933222 13.0 4.0 7.434519690927118 14.0 4.0 7.120045108254999 15.0 4.0 6.797070426400751 16.0 4.0 6.467997474130243 17.0 4.0 6.135174197610468 18.0 4.0 5.800864619668573 19.0 4.0 5.467227858956903 20.0 4.0 5.136295718606561 21.0 4.0 4.809955996926874 22.0 4.0 4.489934844430536 23.0 4.0 4.177790088113397 24.0 4.0 3.874899548944086 25.0 4.0 3.5824579424224794 26.0 4.0 3.3014754480682313 27.0 4.0 3.032779616769403 28.0 4.0 2.777018470223993 29.0 4.0 2.5346674150787294 30.0 4.0 2.3060392565093935 31.0 4.0 2.091292542871088 32.0 4.0 1.8904447979293764 33.0 4.0 1.7033852762542665 34.0 4.0 1.5298883146606386 35.0 4.0 1.3696275181137025 36.0 4.0 1.2221897072158754 37.0 4.0 1.087089580949396 38.0 4.0 0.9637825912795961 39.0 4.0 0.8516786522231996 40.0 4.0 0.7501539415679872 41.0 4.0 0.658562523778528 42.0 4.0 0.5762466019950807 43.0 4.0 0.502546054776758 44.0 4.0 0.436806274112314 45.0 4.0 0.3783856160007417 46.0 4.0 0.32666112249717116 47.0 4.0 0.2810336179099977 48.0 4.0 0.24093153839930892 49.0 4.0 0.20581392711028457 50.0 4.0 0.17517246073111892 0.0 3.0 9.853677195962518 1.0 3.0 9.837918681558222 2.0 3.0 9.790793818887323 3.0 3.0 9.712752742227167 4.0 3.0 9.60453931754455 5.0 3.0 9.467177791055292 6.0 3.0 9.301954669412225 7.0 3.0 9.110402507241815 8.0 3.0 8.894277018960565 9.0 3.0 8.655522746499628 10.0 3.0 8.396253985818475 11.0 3.0 8.118715686257929 12.0 3.0 7.825256270822138 13.0 3.0 7.518291873391718 14.0 3.0 7.200275344308466 15.0 3.0 6.873663348611444 16.0 3.0 6.540884417947382 17.0 3.0 6.204312247689813 18.0 3.0 5.866237086709589 19.0 3.0 5.528842849191278 20.0 3.0 5.194183749612421 21.0 3.0 4.864168090280145 22.0 3.0 4.54054252570495 23.0 3.0 4.22488204902038 24.0 3.0 3.918580216821283 25.0 3.0 3.6228448576293886 26.0 3.0 3.3386978334747255 27.0 3.0 3.066975516732782 28.0 3.0 2.808333558496088 29.0 3.0 2.5632530874572694 30.0 3.0 2.3320497698150575 31.0 3.0 2.1148842996917665 32.0 3.0 1.911774558480829 33.0 3.0 1.7226082510314882 34.0 3.0 1.5471572107635438 35.0 3.0 1.3850913471542299 36.0 3.0 1.2359929508529603 37.0 3.0 1.0993711180053651 38.0 3.0 0.9746753997169435 39.0 3.0 0.8613088554702699 40.0 3.0 0.7586406893096864 41.0 3.0 0.6660176343284547 42.0 3.0 0.582774621900171 43.0 3.0 0.5082440203987062 44.0 3.0 0.44176380103453994 45.0 3.0 0.38268513744696975 46.0 3.0 0.3303780681453645 47.0 3.0 0.28423668211326003 48.0 3.0 0.24368293350562453 49.0 3.0 0.2081697708927095 50.0 3.0 0.17718320852145553 0.0 2.0 9.932849330361933 1.0 2.0 9.91696493094787 2.0 2.0 9.869461459573358 3.0 2.0 9.790793818887323 4.0 2.0 9.68171159690246 5.0 2.0 9.543245715554804 6.0 2.0 9.3766950792633 7.0 2.0 9.183605594094843 8.0 2.0 8.965743464883417 9.0 2.0 8.725071353372186 10.0 2.0 8.463719767984003 11.0 2.0 8.183952731546015 12.0 2.0 7.8881363100372255 13.0 2.0 7.578706664498895 14.0 2.0 7.258135718759149 15.0 2.0 6.928900165017694 16.0 2.0 6.593448085244745 17.0 2.0 6.254172725137323 18.0 2.0 5.91338245337829 19.0 2.0 5.573277873452753 20.0 2.0 5.235930842813104 21.0 2.0 4.903264445718378 22.0 2.0 4.577039641793817 23.0 2.0 4.258843821939081 24.0 2.0 3.950081510003656 25.0 2.0 3.6519707865081728 26.0 2.0 3.3655413812957704 27.0 2.0 3.0916365808807313 28.0 2.0 2.830917281564325 29.0 2.0 2.5838684267364442 30.0 2.0 2.3508080667816103 31.0 2.0 2.131898326333612 32.0 2.0 1.9271570867858827 33.0 2.0 1.7364713377319276 34.0 2.0 1.559611005242914 35.0 2.0 1.3962433761917055 36.0 2.0 1.2459475225768983 37.0 2.0 1.1082283682189882 38.0 2.0 0.9825309938751161 39.0 2.0 0.8682538694702089 40.0 2.0 0.7647610730491579 41.0 2.0 0.6713940924964845 42.0 2.0 0.5874824947677553 43.0 2.0 0.5123532242141664 44.0 2.0 0.4453390366397798 45.0 2.0 0.38578583067283034 46.0 2.0 0.3330586380325258 47.0 2.0 0.2865466303192079 48.0 2.0 0.2456671572290361 49.0 2.0 0.20986875658854842 50.0 2.0 0.17863330012187362 0.0 1.0 9.980657977517694 1.0 1.0 9.964696330484003 2.0 1.0 9.91696493094787 3.0 1.0 9.837918681558222 4.0 1.0 9.728310985025018 5.0 1.0 9.58917943900451 6.0 1.0 9.421827716287225 7.0 1.0 9.227808398660272 8.0 1.0 9.008898181375116 9.0 1.0 8.767069262918085 10.0 1.0 8.504459781106561 11.0 1.0 8.223346156533808 12.0 1.0 7.926106376107782 13.0 1.0 7.615188044961542 14.0 1.0 7.293074531015009 15.0 1.0 6.962254924234003 16.0 1.0 6.625188750680536 17.0 1.0 6.284280700143427 18.0 1.0 5.941851062234491 19.0 1.0 5.600109977182001 20.0 1.0 5.261139792855829 21.0 1.0 4.9268726534210145 22.0 1.0 4.5990785784088075 23.0 1.0 4.279351634439081 24.0 1.0 3.969103497918695 25.0 1.0 3.669558448251337 26.0 1.0 3.3817509836517274 27.0 1.0 3.106528443749994 28.0 1.0 2.8445545858703554 29.0 1.0 2.596316976007074 30.0 1.0 2.3621350950561464 31.0 1.0 2.1421720213256776 32.0 1.0 1.93644575541839 33.0 1.0 1.7448425716720521 34.0 1.0 1.567131323274225 35.0 1.0 1.4029776281677186 36.0 1.0 1.251958531793207 37.0 1.0 1.1135768122039735 38.0 1.0 0.9872746295295656 39.0 1.0 0.8724476522766054 40.0 1.0 0.7684569186531007 41.0 1.0 0.6746406978927553 42.0 1.0 0.5903253383003175 43.0 1.0 0.5148345655761659 44.0 1.0 0.44749794667586684 45.0 1.0 0.3876581913791597 46.0 1.0 0.33467732137069106 47.0 1.0 0.2879414982162416 48.0 1.0 0.2468653446994722 49.0 1.0 0.21089468663558364 50.0 1.0 0.17950895195826888 0.0 0.0 9.996645373757929 1.0 0.0 9.980657977517694 2.0 0.0 9.932849330361933 3.0 0.0 9.853677195962518 4.0 0.0 9.743894023355097 5.0 0.0 9.60453931754455 6.0 0.0 9.43692056601867 7.0 0.0 9.24259035056457 8.0 0.0 9.023329181130975 9.0 0.0 8.781113070901483 10.0 0.0 8.518083018716425 11.0 0.0 8.236519259866327 12.0 0.0 7.938804072793573 13.0 0.0 7.627387446817011 14.0 0.0 7.30475847190246 15.0 0.0 6.973408622201532 16.0 0.0 6.635803145822138 17.0 0.0 6.294349116738886 18.0 0.0 5.951370639260858 19.0 0.0 5.609082621987909 20.0 0.0 5.269569796975702 21.0 0.0 4.9347671694122255 22.0 0.0 4.606448096688837 23.0 0.0 4.286209506448358 24.0 0.0 3.975464505609125 25.0 0.0 3.675439757760614 26.0 0.0 3.3871714300476015 27.0 0.0 3.1115080541931093 28.0 0.0 2.849114818032831 29.0 0.0 2.6004797643981874 30.0 0.0 2.365922851022333 31.0 0.0 2.145607633050531 32.0 0.0 1.9395519918762147 33.0 0.0 1.7476419634185731 34.0 0.0 1.5696461624465883 35.0 0.0 1.4052296108566225 36.0 0.0 1.2539686388336122 37.0 0.0 1.115365309175104 38.0 0.0 0.9888609475456178 39.0 0.0 0.8738500899635255 40.0 0.0 0.7696927613578737 41.0 0.0 0.6757263368926942 42.0 0.0 0.5912759727798402 43.0 0.0 0.5156643218360841 44.0 0.0 0.4482198781333864 45.0 0.0 0.38828433817252517 46.0 0.0 0.3352185911498964 47.0 0.0 0.2884079343639314 48.0 0.0 0.24726600712165236 49.0 0.0 0.2112377709709108 50.0 0.0 0.179801759775728
          </float_array>
          <technique_common>
            <accessor source="#terrain_positions_array" count="2601" stride="3">
              <param name="X" type="float"/>
              <param name="Y" type="float"/>
              <param name="Z" type="float"/>
            </accessor>
          </technique_common>
        </source>

        <source id="terrain_normals">
          <float_array id="terrain_normals_array" count="7803">
            0.00031778930667074654 0.03139538713003913 0.9995069928104113 0.0007311043445059319 0.031320260151766935 0.9995091329199864 0.0013409247899254643 0.031137357948565952 0.9995142154370246 0.001937967470682587 0.030856771053343467 0.999521937709345 0.0025166760072297483 0.030481167115879206 0.9995321729654971 0.0030717364128178774 0.030014055505817133 0.9995447568305802 0.00359824571206137 0.02945982245609295 0.9995594887192313 0.004091716806543158 0.028823567872755758 0.9995761400657079 0.0045481678010426095 0.0281110661663826 0.9995944588325022 0.004964186578219385 0.02732868740121978 0.9996141754179675 0.005336950760680629 0.026483283692843366 0.999635009711756 0.005664267579642067 0.025582120191968347 0.9996566766641785 0.0059445542197185544 0.024632731578248385 0.9996788938504818 0.00617692244604537 0.02364286278628479 0.9997013857489467 0.006361084516907225 0.022620315378784287 0.9997238908498352 0.00649738568619038 0.021572905441845276 0.9997461646488283 0.006586715062599249 0.020508294847646106 0.9997679855982218 0.00663055296991579 0.019433966326079657 0.9997891561325067 0.006630844494499515 0.018357101701386973 0.9998095062152663 0.006589974775305133 0.017284532020031346 0.9998288939540151 0.00651070949752494 0.016222657854361413 0.9998472063440389 0.006396117961964922 0.015177386952623035 0.9998643591009267 0.006249528390908955 0.01415411159371115 0.9998802950953098 0.006074431060061923 0.013157668577654715 0.9998949830081643 0.0058744385133607906 0.012192314121865423 0.99990841503035 0.005653210996083494 0.011261698787303763 0.9999206045211079 0.005414390562932057 0.010368888371424963 0.9999315829239384 0.005161566223105792 0.009516371183214956 0.9999413967396428 0.004898198113533018 0.008706050460564602 0.99995010492555 0.004627596305681924 0.007939291449480723 0.9999577756104063 0.004352867340279713 0.007216941206812082 0.9999644835220576 0.004076898021810617 0.0065393645718536215 0.9999703073659317 0.0038023181164236106 0.005906478922801175 0.9999753276374752 0.0035314996910715706 0.005317808198143373 0.9999796245053696 0.0032665303887059673 0.0047725183091364256 0.999983276284263 0.003009218376626709 0.0042694655994031045 0.9999863580410772 0.002761094199284184 0.003807241586067437 0.9999889405740084 0.0025234120169664778 0.003384218324691605 0.999991089689365 0.002297166992267512 0.0029985919117289485 0.9999928657097292 0.002083101815031142 0.002648422570643587 0.9999943232562449 0.0018817281305250893 0.0023316765974748547 0.999995511181669 0.0016933470376635632 0.0020462589895313696 0.9999964726937579 0.0015180646205867024 0.001790045138556332 0.9999972456053114 0.0013558205184210337 0.0015609122091689498 0.9999978626496144 0.0012064036112080184 0.0013567625971474461 0.9999983518914327 0.0010694788807168905 0.0011755486257373935 0.9999987371493788 0.0009446058883884461 0.001015286373349712 0.9999990384561855 0.0008312602013916362 0.0008740727580731435 0.9999992725013811 0.0007288529550515926 0.0007500976528305982 0.999999453063291 0.0006367474651919531 0.0006416514972554275 0.9999995914179273 0.000575770433107285 0.000575770433107285 0.9999996684883534 0.0003620608691084836 0.03445766908268606 0.9994060926136659 0.000704426961946331 0.033638638264628526 0.9994338126151009 0.001384160092597957 0.03347546671238755 0.9994385810189769 0.002050706114257761 0.03320686992518384 0.999446395958385 0.0026978253520802374 0.03283539777438151 0.9994571318427659 0.0033195799000321734 0.032364552758620685 0.9994706179343251 0.00391041778260429 0.031798721084734104 0.9994866432174774 0.004465282002525534 0.03114314595345015 0.9995049603262407 0.00497965763603673 0.03040380668718701 0.9995252931010581 0.005449643837203697 0.02958734001917338 0.9995473428970924 0.0058719911725994695 0.028700943990325262 0.9995707956586832 0.006244151446181085 0.027752284278028654 0.9995953287656303 0.0065642605630525635 0.02674935578784018 0.9996206192592246 0.006831198388668407 0.025700393737773657 0.9996463497108856 0.0070445394019867345 0.024613759819722955 0.9996722149245475 0.007204560453105223 0.02349783815889092 0.9996979273313195 0.00731215789369863 0.02236090633222792 0.9997232228046615 0.007368871422669022 0.0212110595993866 0.9997478635559205 0.007376787488791865 0.02005610651243224 0.9997716417252028 0.0073384761503674555 0.018903497932714165 0.9997943811272887 0.007256958920739153 0.017760247293403742 0.9998159381422661 0.0071355933840738335 0.0166328595142569 0.9998362022308634 0.006978038447239288 0.015527302081820382 0.999855094435933 0.006788152514915376 0.01444894635240993 0.9998725663477018 0.006569931349572824 0.013402551064735667 0.9998885976082632 0.006327447147576407 0.012392244642712588 0.9999031931568725 0.0060647553166019545 0.011421510023304682 0.9999163804297524 0.005785854007790335 0.010493204285134939 0.9999282057014048 0.0054946225406622765 0.009609569637298431 0.9999387307703015 0.005194769145507779 0.00877225004255902 0.9999480296508992 0.004889788026288801 0.007982322781767052 0.9999561852881683 0.004582928853461906 0.007240338128760322 0.9999632864595106 0.004277165650896858 0.006546357817611022 0.9999694250592458 0.003975180598377301 0.005899999124463975 0.9999746936545653 0.003679346296450811 0.0053004842474204715 0.9999791834221218 0.0033917254286703973 0.004746688149119483 0.9999829824303169 0.0031140673313239135 0.004237182994434652 0.9999861743368893 0.0028478163686213045 0.003770294078782596 0.9999888373499426 0.0025941231095008574 0.00334414272012006 0.9999910435772714 0.0023538595452447775 0.0029566916328822492 0.9999928586344151 0.00212763291369679 0.002605785642231956 0.9999943415136764 0.0019158133398546598 0.0022891958085192138 0.9999955446109733 0.0017185548029934345 0.0020046520605905855 0.9999965139636763 0.0015358161036680812 0.001749873495483283 0.9999972896021496 0.0013673892804805078 0.001522600535556286 0.9999979059648899 0.0012129209633206365 0.0013206169140625318 0.9999983923955594 0.0010719396236163606 0.001141772277307249 0.9999987736500031 0.0009438757607374851 0.0009839971773867927 0.9999990704236196 0.0008280844153632719 0.0008453175961584588 0.9999992998569363 0.000723865198117829 0.000723865198117829 0.9999994760190376 0.0006416514972554275 0.0006367474651919531 0.9999995914179275 0.00042225762578575264 0.03938463316972317 0.9992240351235472 0.0008219826956667854 0.03847146464905995 0.9992593611031144 0.0016155760478131452 0.03828498762651505 0.99926555511359 0.002393789950433553 0.037977969254977914 0.9992757095121151 0.003149316497055878 0.037553311928031366 0.9992896629950884 0.003875243266954637 0.03701503530178714 0.9993071948361171 0.004565105083233475 0.03636815805799011 0.9993280326774828 0.005212965672256249 0.03561863927644395 0.9993518587189371 0.005813568928701841 0.0347733322552539 0.9993783156443694 0.006362363773174642 0.03383981939341346 0.9994070176612924 0.006855551460229286 0.0328263213891744 0.9994375588490912 0.007290137958596752 0.031741593954768464 0.9994695218473425 0.007663978989621272 0.030594794658405446 0.9995024872234469 0.007975743228166665 0.029395327293369095 0.9995360434988195 0.008224937576384064 0.028152750524984366 0.999569793981262 0.008411865435898763 0.026876641724846835 0.9996033646649468 0.00853759736672787 0.02557647796352616 0.9996364105044317 0.008603911918386881 0.024261509396214916 0.9996686210247464 0.008613248800662622 0.02294067216932316 0.9996997236698216 0.008568604885669177 0.021622483851059356 0.9997294870125737 0.008473503361434312 0.020314966038745316 0.9997577215984023 0.008331874669259241 0.019025569397020815 0.9997842805193604 0.008147973363003325 0.017761111069553925 0.9998090585024977 0.007926317238662451 0.016527745584488076 0.9998319894466903 0.007671569309970745 0.015330910974767577 0.999853044298514 0.007388474357152647 0.014175328300482183 0.9998722270941658 0.007081783034442074 0.013064998751555826 0.9998895709810534 0.006756153617853154 0.01200318592312778 0.9999051344582578 0.006416119545440679 0.010992455257086576 0.9999189963879072 0.006066009169031675 0.010034686871156946 0.9999312519329311 0.005709906489508385 0.00913112010728211 0.9999420081252051 0.005351605084738301 0.008282386347026927 0.9999513800177564 0.004994579442024764 0.0074885561541157475 0.9999594870308116 0.004641960038559196 0.0067491939080898174 0.9999664497314854 0.004296519619679936 0.006063410607337407 0.9999723871042463 0.003960665395903134 0.005429919178474635 0.9999774142986116 0.0036364446056247174 0.004847091351878065 0.9999816408194986 0.003325540780024617 0.004313009889582006 0.9999851692521309 0.003029298267969119 0.0038255260919904245 0.9999880942801885 0.0027487362149752653 0.0033823101636063046 0.9999905021684845 0.00248456565178839 0.002980899400839719 0.9999924705577957 0.00223721683053293 0.0026187417166754915 0.9999940685087461 0.00200686966659548 0.002293240244334154 0.9999953567508817 0.001793477816497624 0.002001787999124609 0.9999963881345413 0.0015967975665157556 0.0017418000491128084 0.9999972081811631 0.001416417340485449 0.001510741798141557 0.9999978557082695 0.0012517855758587735 0.0013061521402730615 0.9999983634983901 0.0011022378215673635 0.0011256645908420918 0.9999987589747368 0.0009670211175245867 0.0009670211175245868 0.999999064869721 0.0008453175961584588 0.0008280844153632715 0.9999992998569363 0.0007500976528305982 0.0007288529550515926 0.999999453063291 0.0004908840612289692 0.04485064255289322 0.9989935830101369 0.0009560474757416088 0.043837106753609065 0.9990382345259349 0.0018795747569758812 0.043624776930667256 0.9990462181683499 0.002785209897315972 0.04327515248919662 0.9990593094420694 0.0036644770983793092 0.04279153580970071 0.9990773023498444 0.004509285257436878 0.04217846586019663 0.9990999166070165 0.005312155685774956 0.04144168454516474 0.9991268026552131 0.006066172133319088 0.04058797945677581 0.9991575538819016 0.006765201442461827 0.03962512078655229 0.9991917142631309 0.007403953139329921 0.03856175122797599 0.9992287890268886 0.007978019354351084 0.03740725105495044 0.9992682566636917 0.008483900049885137 0.036171565924929754 0.9993095822909345 0.008919090390629885 0.03486511374564882 0.9993522270301431 0.009282051603773064 0.03349862196422012 0.9993956603090306 0.009572201741419916 0.03208298193428703 0.9994393704592719 0.009789889084363094 0.03062909059482355 0.9994828747312531 0.009936353098540972 0.02914774147016637 0.9995257265594966 0.010013665472977619 0.027649483171393235 0.9995675227737996 0.010024661143541847 0.0261444950333412 0.9996079089064914 0.009972826994809747 0.024642482406328922 0.9996465829394834 0.009862252495277965 0.023152584184620892 0.9996832967601756 0.009697515672991052 0.021683300114219674 0.9997178565404985 0.0094835726947058 0.020242403146746163 0.9997501222624525 0.00922567340588873 0.018836896450552015 0.9997800049422468 0.008929246988435183 0.017472992796435046 0.9998074630002295 0.008599817350578683 0.01615607910859354 0.999832498096243 0.008242904817900258 0.014890705923542259 0.9998551502078997 0.007863943931334242 0.013680605486337434 0.9998754919585598 0.007468203728990852 0.012528703751976802 0.9998936230996562 0.007060730380664658 0.011437151103292303 0.9999096647503374 0.00664627060178041 0.010407355654434975 0.9999237541109671 0.00622924165220299 0.009440040845435671 0.9999360390431354 0.005813694542674173 0.008535293182847811 0.9999466734411627 0.005403268584079003 0.007692615008216854 0.9999558132052354 0.005001195014255129 0.006910999039544264 0.9999636124083241 0.004610275203818357 0.006188976254252596 0.9999702205243262 0.004232891171377953 0.005524691109371752 0.9999757799169324 0.0038710049462507713 0.0049159628061003395 0.9999804241235901 0.003526183403738962 0.004360342522433303 0.9999842765982324 0.0031996106957992627 0.0038551737480169625 0.9999874499846325 0.00289211528041133 0.0033976510600952675 0.9999900457686959 0.0026042003709139364 0.0029848689562184537 0.9999921543180939 0.0023360740770124386 0.002613865864054037 0.9999938552126965 0.0020876826501314756 0.002281670157474418 0.9999952177697876 0.0018587426407464143 0.001985336072137231 0.9999963017513996 0.0016487755367841834 0.0017219747987312947 0.999997158166973 0.0014571397603072378 0.0014887826175855455 0.9999978301326641 0.0012830614193204176 0.0012830614193204176 0.9999983537520392 0.0011256645908420914 0.001102237821567363 0.9999987589747367 0.0009839971773867929 0.000943875760737485 0.9999990704236196 0.0008740727580731433 0.0008312602013916362 0.9999992725013811 0.0005688211617683631 0.050885979280932976 0.9987043073678546 0.0011083727365480826 0.04976629717365196 0.9987602751288722 0.0021796195353514613 0.04952546639249989 0.9987704828624474 0.003230113443726033 0.04912882220022422 0.9987872271892345 0.004250049969908293 0.048580130934724144 0.9988102462197804 0.005230052730271424 0.04788453372292107 0.9988391852438394 0.006161400853139698 0.04704851333995671 0.9988736028807783 0.007036127645393241 0.04607979696655412 0.9989129818053617 0.007847099737834835 0.044987189829218316 0.9989567436966299 0.008588175880413617 0.04378047811881119 0.9990042607370279 0.009254222162718349 0.04247028242253383 0.9990548706067716 0.009841211809309322 0.041067915841775465 0.9991078904895793 0.010346213584568003 0.03958518248977225 0.9991626340049522 0.01076744233090069 0.038034247428413305 0.9992184236733253 0.011104210370735714 0.036427456727348345 0.9992746053555147 0.011356931016311947 0.034777194252843646 0.9993305593635126 0.011527032728545904 0.03309570092137091 0.9993857123738553 0.011616900461298698 0.03139494064793976 0.9994395456081296 0.011629829267739063 0.029686490745819746 0.9994916004341415 0.011569868579249963 0.027981362662070144 0.9995414856246001 0.011441745681252044 0.026289929082235115 0.9995888785318775 0.01125076915612748 0.024621840987624773 0.9996335254180783 0.011002694939739894 0.022985929771020236 0.9996752411341518 0.010703612057105408 0.021390163896590115 0.9997139058637765 0.010359812104487113 0.019841588242247587 0.9997494614498099 0.009977699582205348 0.018346326797390726 0.9997819051193569 0.009563693477910725 0.016909560664256133 0.9998112834556342 0.009124090335251894 0.015535522344423564 0.999837686087617 0.008665003019332563 0.01422754103840015 0.9998612377718598 0.008192285855369852 0.01298806452881313 0.9998820913649066 0.007711457308179992 0.011818702301802065 0.9999004208930434 0.007227636361857206 0.010720270037956354 0.9999164150482448 0.006745523641829846 0.009692871453942667 0.9999302706457961 0.006269346587764953 0.008735949203637475 0.9999421875712986 0.00580284937237996 0.007848356330194251 0.9999523639864429 0.005349291558934379 0.007028432115343065 0.9999609923501104 0.004911432521003433 0.006274069893453661 0.9999682564349549 0.004491551903514933 0.005582791711686124 0.9999743288695975 0.0040914660753703 0.004951818651815693 0.9999793694858878 0.003712552982802576 0.004378138355435275 0.9999835242917208 0.0033557711178670998 0.003858562606503051 0.9999869250619311 0.0030217058121059285 0.0033897920393824743 0.9999896892488015 0.002710600633469856 0.0029684659308364383 0.9999919203944717 0.0024223917322521403 0.0025912104227417123 0.9999937088036306 0.0021567522741008155 0.002254680364295534 0.9999951324061948 0.0019131260041697113 0.001955594309228638 0.9999962577928929 0.0016907684125444843 0.001690768412544484 0.9999971412980891 0.0014887826175855455 0.0014571397603072378 0.9999978301326641 0.0013061521402730606 0.0012517855758587733 0.9999983634983901 0.001141772277307249 0.0010719396236163606 0.9999987736500031 0.0010152863733497123 0.0009446058883884464 0.9999990384561855 0.0006569812470333435 0.057517706645398195 0.9983442701783264 0.0012807805911225934 0.05628663942949498 0.9984138289420933 0.0025193085221822944 0.056014515691089804 0.9984267760414194 0.003733882488410774 0.055566268933819024 0.9984480196176149 0.004913132865814781 0.054946128053417205 0.9984772326585021 0.0060462701113992235 0.05415992519025017 0.9985139684156283 0.007123172875488298 0.05321494952365591 0.9985576746264488 0.008134635142654958 0.05211992501329463 0.9986077013160395 0.009072430345324763 0.05088480048617626 0.9986633206877638 0.00992944534014969 0.04952063374306627 0.9987237420572929 0.010699745330510426 0.04803942606851098 0.9987881301822076 0.01137866401429796 0.046453931810855935 0.9988556243144262 0.011962804705542436 0.04477749726388076 0.9989253560914149 0.012450106176980873 0.04302387926654278 0.9989964667950733 0.012839769758363661 0.04120702371462622 0.9990681265605136 0.013132245949089242 0.03934091773307978 0.9991395479652738 0.013329198669132666 0.03743941901729476 0.9992099991325577 0.013433375120708128 0.035516052453853426 0.9992788171731459 0.013448557290592415 0.03358388797982409 0.9993454151468151 0.013379451194632387 0.03165540568000942 0.9994092883183369 0.013231511351570092 0.029742343241436237 0.9994700196233312 0.013010869185477726 0.027855610080699988 0.9995272794026535 0.012724174324189442 0.02600519890925005 0.999580824654744 0.01237846047728681 0.024200131995149334 0.999630495396989 0.011981023540159641 0.022448402511574848 0.9996762097297346 0.01153925238520359 0.02075692592871873 0.9997179580663639 0.011060571239272114 0.01913157343532188 0.9997557935124707 0.01055227279457017 0.017577150994463907 0.9997898245640364 0.010021418321441338 0.016097423270153875 0.999820205906486 0.009474779997982291 0.014695166303547443 0.9998471286308227 0.008918747295546337 0.013372204276599783 0.9998708117049238 0.0083592421061268 0.012129471278387064 0.9998914936121409 0.007801696017306117 0.01096708564191367 0.999909424183899 0.007251001595328925 0.0098844206944553 0.999924857778523 0.006711496021405664 0.008880186160039667 0.9999380471383804 0.006186946041241162 0.007952500948574012 0.999949238425304 0.005680546009412658 0.007098986479403609 0.9999586670397934 0.00519493461062222 0.006316843272582906 0.9999665545134302 0.0047322128620049435 0.005602926308783858 0.9999731063274687 0.004293972078062674 0.004953828146966712 0.9999785104643415 0.003881327753552109 0.0043659468183791 0.9999829367560471 0.0034949540795054736 0.00383554656177576 0.9999865368486491 0.0031351333647883666 0.003358825985486444 0.9999894445576833 0.0028017924205475967 0.002931967579984348 0.9999917767288599 0.002494553221398386 0.002551187361404865 0.9999936343033754 0.0022127747140887446 0.0022127747140887446 0.9999951036160774 0.0019555943092286385 0.0019131260041697115 0.9999962577928929 0.0017219747987312942 0.0016487755367841832 0.9999971581669729 0.0015107417981415573 0.0014164173404854494 0.9999978557082695 0.0013206169140625318 0.0012129209633206365 0.9999983923955594 0.0011755486257373938 0.0010694788807168905 0.9999987371493788 0.0007562757665095308 0.06476845299791419 0.9979000328405757 0.0014751466789246254 0.06342154800286638 0.9979857369678165 0.0029024149286437603 0.06311528484764997 0.9980020224459377 0.004302104728346744 0.06261068389080085 0.9980287541737625 0.005661103598227274 0.06191251060299889 0.9980655253723995 0.006967000554105321 0.061027330682746725 0.9981117802195392 0.008208168709781525 0.0599633550118509 0.9981668307563393 0.00937394255425105 0.05873035424531714 0.9982298706666762 0.010454890042743081 0.057339539072525224 0.9982999912517001 0.011442782952465874 0.055803327062383855 0.9983762073522543 0.012330785908055662 0.054135217995279546 0.9984574752544514 0.013113517086959514 0.052349574997642596 0.9985427169967123 0.013787054816054337 0.050461415068586486 0.9986308440603939 0.014349008943810245 0.04848620881435679 0.9987207785448048 0.014798463494491768 0.046439659692563445 0.9988114754476147 0.015135909402994323 0.04433752204705711 0.9989019413262101 0.015363256563805522 0.04219539850048401 0.9989912505588525 0.01548367955036879 0.04002853172218822 0.999078561633542 0.015501520042206377 0.03785164247904564 0.999163127841505 0.015422176527844719 0.03567877953169956 0.9992443050437028 0.015251951438705431 0.033523188918778646 0.9993215567483908 0.014997897912747915 0.03139716804962754 0.9993944571072336 0.014667683516946767 0.029311991477331514 0.9994626887562535 0.014269399062870895 0.027277824277548258 0.9995260399574728 0.013811453976073028 0.025303682557982456 0.9995843973312467 0.013302389565503414 0.023397386731767545 0.999637738746378 0.012750731836136871 0.0215655422824735 0.999686123852735 0.012164903772197349 0.01981358778778723 0.9997296818916546 0.01155305073696552 0.018145781244197412 0.9997686020483474 0.010922978826109195 0.01656524869972728 0.9998031211539002 0.010282048597042221 0.015074055535673555 0.9998335123041013 0.009637098681158984 0.013673270567406285 0.9998600742108867 0.00899438812454026 0.01236303037366321 0.999883121400819 0.008359562421721223 0.011142632360555947 0.9999029750231744 0.007737620906559153 0.010010623017960211 0.9999199551211579 0.007132910935053353 0.008964891247007136 0.9999343739998751 0.00654911595156673 0.008002758661125514 0.9999465310375674 0.005989279014136846 0.007121069926577374 0.9999567085129195 0.005455827000549154 0.006316286225574321 0.9999651686334162 0.004950591133061215 0.005584565679559992 0.9999721517490394 0.004474860747799315 0.004921848721027157 0.9999778752684757 0.004029415973895202 0.004323927297328611 0.9999825335772804 0.003614579977711146 0.0037865159043244632 0.9999862984605794 0.0032302715187911223 0.0033053138936852355 0.9999893200659591 0.0028760537767658807 0.0028760537767658807 0.9999917282804625 0.002551187361404865 0.002494553221398386 0.9999936343033754 0.002254680364295534 0.0021567522741008155 0.9999951324061948 0.0019853360721372305 0.0018587426407464134 0.9999963017513994 0.0017418000491128082 0.0015967975665157554 0.9999972081811631 0.0015226005355562856 0.0013673892804805078 0.9999979059648898 0.0013567625971474461 0.0012064036112080186 0.9999983518914327 0.0008677413142251453 0.07265535979810389 0.997356729419128 0.001693419276798235 0.0711890965406094 0.9974614001879395 0.00333278170357093 0.07084574295317157 0.997481715758003 0.004940492909655707 0.07027995895943481 0.9975150720156913 0.006501521972525391 0.06949707447801501 0.9975609689893835 0.008001600411005493 0.06850438488495438 0.9976187265896709 0.009427388190731257 0.06731110573212702 0.997687495860813 0.010766660282369812 0.06592820495841471 0.9977662806576124 0.012008543758607272 0.06436820098307695 0.9978539620500586 0.013143631780933656 0.06264502501882845 0.9979493202482767 0.014164024190922343 0.06077377974181083 0.9980510648832617 0.01506355710702632 0.058770561434426764 0.9981578584352104 0.015837696269236236 0.0566521879748388 0.9982683491799922 0.016483693388437165 0.0544360194446516 0.9983811935524914 0.01700050006730581 0.05213966431846169 0.9984950868192691 0.017388637052372046 0.04978077349549075 0.9986087872093112 0.017650291439672033 0.04737685775723234 0.9987211325295693 0.017789116256828164 0.04494501537584137 0.9988310632612836 0.017810069191556005 0.04250176754010719 0.9989376362873504 0.01771934505215292 0.04006290280068537 0.9990400335472577 0.01752417633520466 0.03764328139114415 0.9991375714134064 0.017232662910392865 0.035256713293932235 0.9992297030696827 0.016853593731997046 0.03291587326757198 0.9993160169162456 0.016396280479186547 0.030632195946368602 0.9993962330116875 0.015870368470227676 0.0284157933355136 0.9994701967010985 0.01528567201042267 0.026275466718156865 0.9995378672566302 0.014652004590397349 0.02421866434568679 0.9995993072520578 0.013979018870186308 0.022251481666283414 0.9996546696710229 0.013276093747345723 0.02037871901238532 0.9997041828192107 0.012552206587123905 0.018603906244498456 0.9997481366735524 0.011815801796109058 0.01692936874567887 0.9997868689384692 0.011074752609503101 0.015356319837533093 0.9998207505826661 0.010336249806999133 0.013884915070113453 0.9998501743128432 0.00960679112192299 0.012514381236561163 0.9998755421684269 0.00889211992647554 0.01124308852063927 0.9998972563037315 0.008197234819097827 0.010068671204181966 0.9999157100483533 0.007526370793030971 0.008988126766152548 0.9999312812988307 0.006883030795694308 0.007997916901923776 0.9999443270564095 0.006270001235195806 0.00709406795113968 0.9999551796377752 0.005689393004149953 0.006272270080882011 0.9999641440748147 0.005142685032342992 0.005527962788499894 0.9999714968028175 0.004630778420478156 0.004856424713041885 0.9999774852616568 0.0041540446895898565 0.004252844156110399 0.9999823284585085 0.003712389243326161 0.003712389243326161 0.9999862180711352 0.0033053138936852363 0.003230271518791123 0.9999893200659591 0.002931967579984347 0.0028017924205475967 0.9999917767288599 0.0025912104227417123 0.0024223917322521403 0.9999937088036306 0.0022816701574744176 0.002087682650131476 0.9999952177697876 0.0020017879991246087 0.001793477816497624 0.9999963881345414 0.0017498734954832825 0.001535816103668081 0.9999972896021496 0.0015609122091689498 0.0013558205184210337 0.9999978626496144 0.0009923379577699285 0.08118881181980146 0.9966982452581455 0.0019375780619818321 0.07960088634944 0.9968249318128221 0.0038143260678720125 0.07921751555090172 0.9968500570028527 0.005654868432264118 0.07858566919539717 0.9968913256018057 0.007442043359003151 0.07771127761476763 0.9969481297049126 0.009159530908875814 0.07660248269485814 0.9970196400465307 0.010792032722387986 0.07526954992218014 0.9971048224154927 0.012325581568426195 0.0737246977397373 0.9972024613799269 0.013747728407370914 0.07198187315519419 0.9973111901010169 0.015047690930954068 0.07005662619854615 0.997429514363458 0.016216439036594477 0.06796581177680705 0.9975558508346748 0.017246870524043074 0.06572737957812844 0.9976885571313923 0.018133824188325647 0.06336011867405 0.9978259666805215 0.0188740986643521 0.06088335170241665 0.9979664252293703 0.019466476444742614 0.058316770636216556 0.998108316044601 0.019911574750471554 0.05568011826996195 0.9982500957277186 0.02021183506794725 0.052992907465730474 0.9983903212078504 0.02037144772825673 0.050274277284458255 0.9985276666978138 0.020396062975132134 0.047542704750428155 0.9986609493917984 0.02029275901493789 0.044815828875080996 0.998789139615465 0.02006980110440731 0.04211027396815885 0.9989113713988623 0.019736474181714345 0.03944151680329328 0.9990269457522806 0.019302808162213102 0.036823718824504297 0.9991353338407098 0.01877946858335159 0.03426968932095272 0.9992361682573205 0.018177525229211032 0.03179077698160084 0.9993292370762737 0.01750818303003567 0.029396813760302037 0.999414474013524 0.016782688709644764 0.02709615822392843 0.9994919407224747 0.016012113259694767 0.02489566266334469 0.9995618131008766 0.015207191371033229 0.022800702734021232 0.999624364091552 0.014378215483607501 0.020815242400776653 0.9996799450840773 0.013534854260427161 0.018941897016005346 0.999728969399999 0.012686132561280103 0.01718203658098705 0.9997718938135675 0.011840299949337808 0.015535852282373135 0.9998092040939461 0.011004794979442152 0.014002484199504367 0.9998413998848532 0.010186207242413408 0.012580118295274206 0.9998689823200295 0.009390260722124337 0.011266118391526345 0.9998924430057259 0.00862181348444223 0.010057130991649012 0.9999122553746685 0.007884882974641147 0.00894920012487055 0.9999288676888978 0.0071826596463020085 0.007937884717715211 0.9999426980515502 0.006517568486393899 0.007018369135095558 0.9999541308458647 0.005891305155314253 0.006185550724455645 0.9999635150773263 0.005304898860522389 0.005434147174004333 0.9999711636305173 0.0047587802187914665 0.004758780218791467 0.999977353754403 0.0042528441561104 0.0041540446895898565 0.9999823284585088 0.0037865159043244632 0.0036145799777111457 0.9999862984605794 0.003358825985486444 0.003135133364788367 0.9999894445576833 0.0029684659308364374 0.0027106006334698556 0.9999919203944717 0.002613865864054036 0.002336074077012439 0.9999938552126965 0.0022932402443341542 0.00200686966659548 0.9999953567508816 0.0020046520605905855 0.0017185548029934345 0.9999965139636763 0.0017900451385563323 0.0015180646205867026 0.9999972456053114 0.0011310447914955589 0.0903712200736877 0.995907507412246 0.002209567491680075 0.08866074251913629 0.9960594312326223 0.004350931275633286 0.08823443847564526 0.9960902334948988 0.006451056286955696 0.08753169242816046 0.9961408468150699 0.008490371667706203 0.08655906387733182 0.9962105410251512 0.010450275563720645 0.08532560563442164 0.9962983151465035 0.012313298552034248 0.08384270448063041 0.9964029223081103 0.01406354552953502 0.08212391274825531 0.9965228946903606 0.015686812898760425 0.08018472211955953 0.9966565778841217 0.01717074678546877 0.07804238686952572 0.9968021625711577 0.01850508235579479 0.07571563862378129 0.9969577242766104 0.019681671750531628 0.07322439049384079 0.9971212666641454 0.02069463203992783 0.07058951383092452 0.9972907563704005 0.021540276348386782 0.06783253480668432 0.9974641666328344 0.022217189163774145 0.06497533383498631 0.9976395153053497 0.02272603456666275 0.06203984340203631 0.9978149052722783 0.023069626505488244 0.05904782205323197 0.9979885505574035 0.023252657230287774 0.056020523542513086 0.9981588124510817 0.023281578113257057 0.052978551352999406 0.9983242164833496 0.023164464990795247 0.04994156357058058 0.998483473969307 0.022910718807391033 0.04692806553582097 0.9986354968800149 0.022530908735139236 0.043955310263619124 0.9987793994927997 0.02203650530353441 0.041039114323350355 0.998914502612492 0.021439647181741496 0.03819374272956317 0.999040329288578 0.020752966598959352 0.03543186818078176 0.9991565928794957 0.019989282689473153 0.03276449856578656 0.9992631866586964 0.019161400976343487 0.030200939618023722 0.9993601672864555 0.01828197700892052 0.027748849943013448 0.9994477328222249 0.017363268308933238 0.025414244883749604 0.999526204294125 0.016417027720130643 0.02320157549584963 0.9995960024406594 0.015454320010139154 0.02111378107602169 0.9996576275113885 0.014485423073218012 0.019152384559548975 0.9997116377656474 0.013519792712952576 0.017317629490420636 0.9997586283267733 0.01256590367272922 0.015608559273871283 0.9997992153138958 0.01163130691136516 0.014023182412412747 0.9998340177522277 0.010722529584369757 0.012558557454089585 0.9998636457007449 0.009845127947567254 0.011210956317688104 0.9998886877618622 0.00900369706157737 0.009975981848996186 0.99990970253587 0.008201881914017564 0.008848686055517026 0.9999272122950548 0.007442450754656712 0.007823700756890085 0.9999416981170608 0.0067273474236857825 0.006895350199797732 0.9999535973945307 0.006057749948524634 0.006057749948524634 0.999963302992226 0.005434147174004333 0.005304898860522389 0.9999711636305173 0.004856424713041884 0.004630778420478154 0.9999774852616568 0.004323927297328611 0.004029415973895202 0.9999825335772804 0.00383554656177576 0.003494954079505474 0.999986536848649 0.0033897920393824747 0.0030217058121059293 0.9999896892488015 0.0029848689562184554 0.0026042003709139372 0.9999921543180939 0.002618741716675492 0.00223721683053293 0.9999940685087458 0.0022891958085192138 0.0019158133398546598 0.9999955446109733 0.0020462589895313696 0.0016933470376635632 0.9999964726937579 0.0012848560284431593 0.10019575674429611 0.9949669137591581 0.002511304205268044 0.09836343808156373 0.9951473897870421 0.00494645649262043 0.09789136110651508 0.9951848139862668 0.007334793691291429 0.09711298805063433 0.9952463355136675 0.009654086879749786 0.09603555358157921 0.9953310861491256 0.01188317635118798 0.09466907279175635 0.9954378718817943 0.014002251673196582 0.09302612552762173 0.9955652047542639 0.015993222744218615 0.09112167180294856 0.9957113325427653 0.01783996456808848 0.08897284872914808 0.9958742731154518 0.019528376556793303 0.086598689837367 0.9960518608122307 0.0210468097948065 0.0840199216884151 0.9962417801703229 0.022385982506710755 0.08125859377453065 0.9964416233402712 0.023539193704807292 0.07833779441940392 0.9966489333387314 0.024502152659928934 0.07528127686055061 0.9968612610936763 0.02527324888766987 0.07211333782807951 0.9970761903675943 0.025853244481085474 0.06885826630547179 0.9972914062154581 0.02624525764779684 0.06554014840108233 0.9975047244993706 0.026454636744021497 0.06218260062987647 0.9977141255758822 0.0264886603747715 0.05880840748397015 0.9979177932478954 0.02635646848013883 0.0554393832392362 0.9981141274199602 0.026068789201849386 0.05209612391580943 0.9983017640485757 0.025637570119570886 0.048797748110546886 0.9984795915679517 0.025075875183844756 0.04556184413405092 0.9986467437702227 0.024397513018066024 0.04240426898106811 0.9988026027853124 0.023616812482149998 0.03933909548643408 0.9989467862376316 0.02274838244963345 0.03637858977644214 0.9990791306507221 0.021806804016634634 0.033533122610179586 0.9991996762342304 0.020806468458030223 0.030811217744718983 0.9993086408769777 0.019761340644360997 0.028219579153801924 0.999406396201425 0.018684774553939718 0.02576315649833438 0.9994934411826377 0.017589390994256514 0.023445261254126 0.9995703742354397 0.01648690358358759 0.021267609450048002 0.9996378698301228 0.01538806421317744 0.019230484324482326 0.9996966519661937 0.014302543195761876 0.017332853853033032 0.9997474728327362 0.013238924061883242 0.015572504999787372 0.9997910921676165 0.012204659047417533 0.01394619951497341 0.9998282601610262 0.011206077113173446 0.012449803993620988 0.9998597032665404 0.010248403454455365 0.011078438743829426 0.9998861127256613 0.009335806583307538 0.009826629233351411 0.9999081358171605 0.008471432580459425 0.00868841658811801 0.999926370412955 0.007657500314952598 0.007657500314952598 0.9999413609696586 0.006895350199797733 0.0067273474236857825 0.9999535973945307 0.0061855507244556445 0.005891305155314252 0.9999635150773263 0.005527962788499894 0.005142685032342993 0.9999714968028175 0.004921848721027156 0.0044748607477993144 0.9999778752684757 0.0043659468183791005 0.003881327753552109 0.9999829367560471 0.003858562606503051 0.0033557711178670998 0.9999869250619311 0.0033976510600952675 0.00289211528041133 0.9999900457686959 0.002980899400839719 0.0024845656517883895 0.9999924705577958 0.0026057856422319566 0.00212763291369679 0.9999943415136764 0.0023316765974748547 0.0018817281305250893 0.999995511181669 0.0014547179073441652 0.11064525188729964 0.9938588994573657 0.002844689289677861 0.10869366833846475 0.9940712218980957 0.005604618101664807 0.10817306622503221 0.9941162789127885 0.008311604359968453 0.10731453099175006 0.9941903784844148 0.010940497631808587 0.10612603532871372 0.9942924972748094 0.013467294480281833 0.10461854547777966 0.9944212346493286 0.015869603439835924 0.10280588711169854 0.9945748364310445 0.018126905246936956 0.10070449641975912 0.9947512350869495 0.020220934629076155 0.09833326055815671 0.9949480808920275 0.022135749207097228 0.09571314381001182 0.9951628021128224 0.023858068366250755 0.09286690128208037 0.9953926517812434 0.02537735775152631 0.08981881100883352 0.995634757781442 0.026685985615991236 0.08659433572360463 0.995886177829721 0.027779143837641466 0.08321972321670025 0.9961439639105301 0.028654819644947933 0.07972161337270182 0.9964052216203853 0.029313935442703814 0.07612685717812295 0.9966671434360835 0.029759935387707773 0.07246202883653445 0.9969270788892298 0.029998840528409378 0.06875318890544807 0.9971825653220593 0.030038916950388697 0.06502555628897151 0.9974313713222366 0.02989042633694327 0.061303196816850654 0.9976715293489287 0.02956551287282088 0.057608881825119765 0.9979013464182852 0.02907772702916487 0.05396377286552796 0.9981194302331435 0.0284418192484212 0.05038732204413714 0.9983246870107242 0.027673482336341378 0.04689711758060548 0.9985163187139261 0.026788933721813405 0.04350873952339575 0.9986938182521876 0.025804719083051323 0.040235764046407815 0.9988569465967819 0.024737396222309964 0.03708970953430436 0.9990057130341153 0.023603290094518146 0.034080053094190786 0.9991403478379857 0.022418255020968964 0.031214248462592076 0.9992612734088769 0.021197444272327223 0.028497812251124067 0.9993690724918504 0.019955166740347464 0.025934414092788443 0.9994644553389723 0.018704749019959374 0.02352600039792353 0.9995482277856217 0.017458378190288934 0.021272901950752134 0.9996212626157761 0.01622704693545236 0.01917400452718739 0.9996844704696307 0.015020505508428166 0.01722688808297169 0.9997387752514394 0.013847214301891404 0.01542797775708995 0.9997850929866899 0.012714366440648559 0.013772726325576173 0.9998243130148284 0.011627897196219601 0.01225574730270948 0.999857284148516 0.010592538451267926 0.010870989138812012 0.9998848032270028 0.00961187096859892 0.009611870968598921 0.9999076076683115 0.00868841658811801 0.008471432580459425 0.999926370412955 0.007823700756890085 0.007442450754656712 0.9999416981170608 0.007018369135095558 0.0065175684863939 0.9999541308458647 0.006272270080882011 0.005689393004149953 0.9999641440748147 0.005584565679559992 0.004950591133061215 0.9999721517490394 0.004953828146966712 0.004293972078062674 0.9999785104643415 0.004378138355435276 0.003712552982802576 0.9999835242917208 0.003855173748016962 0.0031996106957992627 0.9999874499846325 0.003382310163606304 0.002748736214975266 0.9999905021684844 0.0029566916328822497 0.0023538595452447775 0.9999928586344151 0.0026484225706435876 0.0020831018150311424 0.9999943232562449 0.0016413873430822941 0.12169102381425873 0.9925666731109943 0.0032114534984688226 0.11962482605213322 0.9928139742965065 0.00632895186829834 0.11905317047471008 0.9928677086944506 0.009386744325593038 0.11811023360067469 0.9929561227716761 0.01235654119929758 0.11680477610522956 0.9930780232029089 0.015211185816151787 0.11514875975281648 0.9932317871239598 0.017925499865994576 0.1131573623184745 0.9934153651960895 0.020476285210394504 0.11084852042044353 0.9936263519374781 0.02284284136863729 0.10824290100402889 0.9938620019803752 0.02500724144506377 0.10536350477948761 0.9941192935135558 0.02695444445979433 0.10223525905759444 0.994394996834402 0.028672539282483648 0.09888477486316381 0.9946857226236616 0.030152794833568083 0.09533991656228058 0.9949879945374326 0.03138978172980943 0.09162950491638086 0.9952983047467397 0.03238119964762332 0.08778284038404345 0.9956131933856093 0.03312798188332236 0.08382935832470038 0.995929302460374 0.03363400466463634 0.07979826099354412 0.9962434397639092 0.03390597322230387 0.0757181736946122 0.9965526293940531 0.03395316785047035 0.07161684630767523 0.9968541566938769 0.03378721246935412 0.06752081136241973 0.9971456083774883 0.03342168242770603 0.06345507863472413 0.9974249065163564 0.032871956152865194 0.05944303850479837 0.9976903125078449 0.03215462951746306 0.05550607394416547 0.9979404569190987 0.031287391790220775 0.05166357999052189 0.9981743202554995 0.030288617649669718 0.0479328211371395 0.9983912280758015 0.029176977165109134 0.044328769385691164 0.9985908392371006 0.027971197523775696 0.04086414578131953 0.9987731142249721 0.026689710098177256 0.037549429300408256 0.9989382862489998 0.025350480371465155 0.034392906856578156 0.999086823605882 0.023970642117979227 0.031400690814089666 0.9992193977965248 0.02256639945884714 0.028576871875760305 0.999336840114113 0.02115281308234044 0.025923619455658024 0.9994401054855773 0.019743706202725274 0.023441357971283317 0.9995302340609025 0.018351509386662808 0.02112887264569294 0.9996083197152539 0.01698726249709917 0.01898352054650964 0.9996754767725949 0.01566055298608304 0.01700139914106189 0.9997328140595447 0.014379515733419898 0.015177506761726193 0.9997814125176413 0.013150890604278966 0.013505935718868146 0.9998223061007752 0.011980024691454344 0.011980024691454344 0.9998564687077761 0.010870989138812012 0.010592538451267923 0.9998848032270028 0.009826629233351411 0.009335806583307538 0.9999081358171605 0.008848686055517026 0.008201881914017566 0.9999272122950548 0.007937884717715211 0.0071826596463020085 0.9999426980515502 0.007094067951139678 0.006270001235195806 0.9999551796377752 0.006316286225574321 0.005455827000549154 0.9999651686334162 0.005602926308783859 0.004732212862004944 0.9999731063274687 0.004951818651815693 0.0040914660753703 0.9999793694858878 0.004360342522433303 0.0035261834037389615 0.9999842765982324 0.0038255260919904245 0.0030292982679691193 0.9999880942801885 0.00334414272012006 0.002594123109500857 0.9999910435772714 0.0029985919117289485 0.002297166992267512 0.9999928657097292 0.0018457063192166823 0.13329197788030633 0.9910750940271574 0.0036131529016092804 0.1311179715590457 0.991360188155824 0.007122675058480628 0.13049304102553674 0.9914236398956396 0.010565078540224995 0.1294618952609669 0.9915281119518887 0.013908605815312306 0.12803413035840927 0.99167223019889 0.017122831136124922 0.1262227921337547 0.9918541301017215 0.020179304076860954 0.12404435754967634 0.9920714656954214 0.023052099011109693 0.12151849538981135 0.9923214479236949 0.02571777974506692 0.11866762868654061 0.9926009216734073 0.028156225216963454 0.11551681492109692 0.9929063865501201 0.030350457186701277 0.11209325056001017 0.9932340876789565 0.03228705291976349 0.10842601500856387 0.9935800649585916 0.03395612044072575 0.10454549196726447 0.993940250716278 0.03535146281635962 0.10048312616705092 0.9943105226399045 0.03647043043010094 0.09627093311100074 0.9946867924840362 0.03731403031622759 0.09194112876089826 0.9950650692209689 0.0378865230654087 0.08752564743469124 0.9954415464562207 0.03819543205048095 0.08305585767505771 0.9958126497872668 0.03825107777564409 0.07856206839335549 0.9961751133504386 0.0380665128462924 0.0740733915964269 0.9965260022985479 0.037657010111085853 0.06961727805934938 0.9968627709896186 0.03703974901378291 0.06521933444179932 0.9971832807503165 0.036233512754820424 0.06090315255036826 0.9974858087024963 0.035258130407242766 0.05668999043819528 0.9977690660790718 0.03413426123032191 0.05259880248769541 0.9980321729218554 0.03288298390972209 0.048646107891984196 0.9982746443520212 0.03152538378963016 0.04484593467461047 0.9984963657019875 0.030082242503896493 0.04120982458448182 0.9986975563420853 0.028573771671473677 0.03774689985299477 0.9988787269353344 0.027019351324029415 0.03446397199278048 0.9990406344531285 0.025437234214593315 0.031365569040641195 0.9991842413660599 0.023844438993463783 0.028454125887205518 0.9993106651332618 0.022256518089290824 0.025730125000456818 0.9994211364935215 0.02068755477287375 0.023192315656397757 0.9995169541193453 0.0191499829385538 0.020837815841986265 0.9995994515726729 0.017654638591641358 0.01866237143281373 0.9996699603512663 0.01621070203616083 0.016660514616584684 0.999729783687675 0.014825786093789624 0.014825786093789624 0.9997801719045054 0.013505935718868147 0.013150890604278969 0.9998223061007752 0.012255747302709482 0.011627897196219603 0.999857284148516 0.011078438743829425 0.010248403454455364 0.9998861127256613 0.009975981848996188 0.00900369706157737 0.99990970253587 0.00894920012487055 0.007884882974641145 0.9999288676888978 0.007997916901923776 0.006883030795694308 0.9999443270564095 0.007121069926577374 0.005989279014136846 0.9999567085129195 0.006316843272582906 0.00519493461062222 0.9999665545134302 0.005582791711686123 0.004491551903514933 0.9999743288695975 0.0049159628061003395 0.003871004946250771 0.9999804241235901 0.004313009889582007 0.003325540780024617 0.9999851692521309 0.003770294078782596 0.0028478163686213045 0.9999888373499427 0.0033842183246916035 0.002523412016966477 0.9999910896893648 0.002068462423550216 0.145394269239293 0.9893716328739036 0.004051275333602568 0.14312144158617196 0.9896968425363736 0.007988564491940537 0.14244115805871102 0.9897710337892554 0.0118508772754163 0.1413185751254559 0.989893235168477 0.015602412624844004 0.13976384163016548 0.9900619340693096 0.019209248922012215 0.13779126005693332 0.9902749988805002 0.02263946064128215 0.13541865562062586 0.9905297787203443 0.025863968496585323 0.13266730836085644 0.9908231125816015 0.028856608775416695 0.1295616186296261 0.9911513926278134 0.03159468280772738 0.1261287161286143 0.9915106267640434 0.03405917797664375 0.12239816540470612 0.9918964973731471 0.03623490792988392 0.11840146776714945 0.9923044512033077 0.038110824703883155 0.11417171208549241 0.9927297644373605 0.0396798149229372 0.10974306918208288 0.9931676449895949 0.04093889225802466 0.10515035485907043 0.9936133100827995 0.0418890083337792 0.10042855887213754 0.9940620783148697 0.042534921596130974 0.09561251169244986 0.994509440906758 0.042884918574862214 0.09073636980594905 0.9949511520437903 0.04295061010413946 0.08583327775707236 0.9953832897538313 0.04274643873110543 0.08093489809283058 0.9958023319145778 0.042289565278383345 0.07607125759146713 0.9962051778810518 0.04159916909108187 0.07127031625961333 0.9965892088273816 0.0406962559744448 0.06655784612420387 0.9969522896653427 0.039603145646598024 0.06195721092457049 0.997292782922519 0.03834295494526219 0.05748913021379453 0.9976095517352102 0.036939353744293184 0.05317171469422779 0.997901925492395 0.03541600206638155 0.049020361041473504 0.9981696804657 0.03379628192134683 0.045047796653128545 0.9984129943790752 0.03210289463639277 0.041264053327803744 0.9986324058726137 0.030357606381270406 0.037676607267281045 0.9988287585966009 0.02858095941460238 0.03429049758517809 0.9990031484106052 0.026792113243243112 0.031108475183449242 0.9991568672834722 0.02500856554629458 0.028131112329090185 0.9992913549953512 0.02324612492559093 0.02535706575326021 0.9994081432989871 0.021518835712001767 0.02278326501247489 0.9995088106389913 0.019838867127589258 0.0204050801820911 0.9995949439917432 0.01821657739088559 0.01821657739088559 0.9996681012297651 0.016660514616584684 0.01621070203616083 0.999729783687675 0.015177506761726193 0.014379515733419898 0.9997814125176413 0.013772726325576173 0.012714366440648559 0.9998243130148284 0.012449803993620988 0.011206077113173446 0.9998597032665404 0.011210956317688103 0.00984512794756725 0.9998886877618622 0.010057130991649012 0.00862181348444223 0.9999122553746685 0.00898812676615255 0.007526370793030971 0.9999312812988307 0.008002758661125514 0.00654911595156673 0.9999465310375674 0.007098986479403609 0.005680546009412658 0.9999586670397934 0.00627406989345366 0.004911432521003433 0.9999682564349549 0.005524691109371752 0.004232891171377954 0.9999757799169324 0.004847091351878065 0.003636444605624718 0.9999816408194986 0.004237182994434652 0.0031140673313239135 0.9999861743368893 0.003807241586067437 0.002761094199284184 0.9999889405740084 0.002310174109020968 0.15793032043225905 0.9874475565738923 0.004527075215649406 0.15557027816774324 0.9878144532961657 0.008929176980557289 0.15483297189739534 0.9879003090453359 0.013247723730134026 0.15361605242933882 0.9880418038990035 0.017442815075750212 0.15193059312877674 0.9882372402787558 0.021476441927463168 0.1497918515153325 0.988484275879867 0.02531306749844881 0.1472191064496731 0.988779946858743 0.02892021531459478 0.14423532660506103 0.9891207164473348 0.03226863470612975 0.14086680811315766 0.9895025404647595 0.03533290529465614 0.13714290693392772 0.989920910417166 0.03809177751576974 0.13309558171164373 0.9903709318303563 0.04052822604481391 0.1287588755870979 0.990847422588971 0.04262981557655659 0.1241685292658087 0.9913449829216239 0.04438846337997933 0.11936146472502353 0.9918581073205286 0.04580075610991982 0.11437544329171628 0.9923812516929081 0.04686769042054704 0.10924841686938891 0.9929089600795111 0.04759443364923119 0.10401805499043805 0.9934359637750263 0.04799009106646586 0.09872139714590694 0.9939572611058246 0.048067589499835035 0.09339443860843523 0.9944681923906318 0.0478430051779765 0.08807161203905088 0.9949645410809288 0.04733538682313599 0.08278555241068342 0.9954425716566285 0.04656619890516927 0.07756673102847601 0.995899086934555 0.045558797349701204 0.07244316307150937 0.9963314629721595 0.04433811550962918 0.06744030838571607 0.9967376466843691 0.04293006875678225 0.06258083489044332 0.997116165900921 0.0413610377758549 0.05788450515567 0.9974661140194124 0.039657584921363495 0.05336819721607321 0.9977871072949936 0.037845812669116574 0.04904578144399786 0.9980792582685816 0.035951219251933564 0.044928330580936406 0.9983431048219391 0.033998168708420255 0.04102406800566627 0.9985795663685194 0.032009707362740385 0.0373385517334789 0.9987898733912945 0.030007272715638234 0.033874823195244305 0.9989755051740058 0.028010555034380047 0.030633631358082 0.9991381233025208 0.026037259408846304 0.027613553667832778 0.9992795168401633 0.024103137460778825 0.0248112904573037 0.9994015402381518 0.022221872423091437 0.022221872423091437 0.9995060664008116 0.0204050801820911 0.019838867127589255 0.9995949439917432 0.01866237143281373 0.017654638591641358 0.9996699603512663 0.01700139914106189 0.015660552986083036 0.9997328140595447 0.01542797775708995 0.013847214301891404 0.9997850929866899 0.013946199514973409 0.012204659047417528 0.9998282601610262 0.012558557454089585 0.010722529584369757 0.9998636457007449 0.011266118391526346 0.009390260722124337 0.9998924430057258 0.010068671204181966 0.008197234819097827 0.9999157100483534 0.008964891247007136 0.0071329109350533534 0.9999343739998751 0.007952500948574012 0.006186946041241161 0.999949238425304 0.007028432115343065 0.005349291558934379 0.9999609923501104 0.006188976254252596 0.004610275203818357 0.9999702205243262 0.005429919178474635 0.003960665395903134 0.9999774142986116 0.004746688149119483 0.0033917254286703977 0.9999829824303169 0.0042694655994031045 0.003009218376626709 0.9999863580410772 0.0025712531216917685 0.1708191828093202 0.9852990385876463 0.005041385847047495 0.1683857835238318 0.98570827953092 0.009946461375796092 0.16759033003346896 0.9858065475464102 0.014758633100730648 0.1662770187479495 0.985968628195285 0.01943362891387331 0.16445780460818218 0.98619266097994 0.0239292112949448 0.16214917555299674 0.9864760705228918 0.02820588727167196 0.159371746271514 0.9868156233124737 0.03222743063265448 0.1561501660459936 0.9872074343108574 0.03596131569862457 0.15251278212400937 0.9876470194669846 0.039379203496528195 0.14849109760177154 0.9881293803267871 0.04245733921469622 0.14411943773264457 0.988649059077302 0.04517678514317387 0.13943444444361594 0.9892002293705899 0.047523506167775904 0.13447460529858893 0.9897767914491177 0.04948852159757416 0.12927977500950644 0.9903724683186512 0.05106775099577755 0.12389047830411486 0.9909809454241847 0.05226223380591603 0.11834764454975572 0.991595932800826 0.053077605824662935 0.1126919970585938 0.9922113089251037 0.05352388818101724 0.10696352602382815 0.9928212313878746 0.05361528203227697 0.10120108595680019 0.9934202241417092 0.05336968245355699 0.09544193469129462 0.9940032767034469 0.0528080966013112 0.0897213519854936 0.9945659273930723 0.05195441702116066 0.08407241440992946 0.9951042999039228 0.050834656479639355 0.07852553235322512 0.9956151758933969 0.0494764782276393 0.07310829496644197 0.9960960070742626 0.04790878814894597 0.06784536309254051 0.996544908533951 0.04616096563013444 0.06275824568715686 0.9969606651470078 0.04426264640742983 0.05786534724893021 0.9973426791834247 0.04224300850146253 0.05318183279076781 0.99769094457841 0.040130440693272935 0.04871976253851345 0.9980059781724528 0.03795221550627405 0.044488182409842994 0.9982887512959534 0.03573406382208861 0.040493229941638696 0.9985406226146497 0.0334999782973817 0.036738313962618306 0.9987632591066108 0.03127193489713136 0.033224294391309285 0.998958563880399 0.029069792629532614 0.029949750139987373 0.9991286001426585 0.026911141689627424 0.026911141689627417 0.9992755280231381 0.02481129045730371 0.02410313746077883 0.9994015402381518 0.02278326501247489 0.021518835712001767 0.9995088106389913 0.020837815841986265 0.0191499829385538 0.9995994515726729 0.018983520546509643 0.016987262497099174 0.9996754767725949 0.01722688808297169 0.015020505508428166 0.9997387752514394 0.015572504999787372 0.013238924061883242 0.9997910921676164 0.014023182412412747 0.011631306911365161 0.9998340177522277 0.012580118295274206 0.010186207242413406 0.9998689823200295 0.011243088520639268 0.008892119926475543 0.9998972563037315 0.010010623017960213 0.007737620906559154 0.999919955121158 0.008880186160039666 0.006711496021405662 0.9999380471383802 0.007848356330194251 0.00580284937237996 0.9999523639864429 0.006910999039544263 0.005001195014255129 0.9999636124083241 0.006063410607337405 0.004296519619679935 0.9999723871042463 0.0053004842474204715 0.003679346296450811 0.9999791834221218 0.004772518309136426 0.0032665303887059673 0.999983276284263 0.0028520514129972683 0.18396696366374315 0.9829282893899638 0.005594880243423883 0.18147632925223472 0.9833793974027503 0.011041699945125296 0.18062191172957248 0.9834906231710989 0.016385633094339595 0.17921090542898088 0.9836742155833011 0.021577693584884 0.17725612523561501 0.9839281829513843 0.02657102944424266 0.17477506946766633 0.9842497932368824 0.03132201156421065 0.1717899369808087 0.9846355412759084 0.03579035751273668 0.1683270685077343 0.9850812394501801 0.03994000926844778 0.16441675243923934 0.9855820245808922 0.04373949681374144 0.16009274977816507 0.9861324291832951 0.04716249255407519 0.15539176281183517 0.9867264561905276 0.05018775272129406 0.15035300159101386 0.987357667914398 0.05279971483542684 0.1450177400185409 0.9880192534526908 0.054988131834268476 0.13942856792909106 0.9887041922651184 0.0567485299734047 0.13362914223009173 0.9894053045606273 0.0580817975311731 0.12766330046592853 0.99011544100155 0.058994025050640254 0.12157471630334339 0.9908275800380639 0.05949617925652838 0.11540638937381927 0.9915349564919905 0.05960384158698756 0.10920010989397266 0.9922311817652263 0.05933683226779546 0.10299601836419883 0.9929103486909304 0.058718246164081854 0.09683211744625825 0.9935671636071154 0.057774547278962085 0.09074407890500977 0.9941969693327336 0.056534545307777635 0.08476471855584244 0.9947958522606494 0.0550289182782477 0.07892393105811162 0.9953606538634427 0.053289698283336955 0.07324838838122219 0.9958889906291888 0.051349599836500746 0.06776141481677307 0.9963792497130098 0.0492414398778131 0.06248291306283524 0.9968305604133242 0.04699777430267344 0.05742947072994047 0.9972427312857557 0.04465015729929171 0.05261422721048202 0.9976162120516047 0.04222896632598342 0.048047065056110214 0.9979519998188955 0.03976285726802894 0.043734720317368636 0.9982515661999453 0.03727856229597727 0.039681002392060995 0.9985167634257855 0.03480061625971648 0.03588696066742559 0.9987497400059729 0.03235111593800223 0.03235111593800223 0.9989528570433802 0.02994975013998737 0.029069792629532607 0.9991286001426585 0.027613553667832774 0.026037259408846304 0.9992795168401633 0.02535706575326021 0.023246124925590934 0.9994081432989871 0.02319231565639776 0.02068755477287375 0.9995169541193453 0.021128872645692937 0.018351509386662804 0.9996083197152539 0.019174004527187385 0.01622704693545236 0.9996844704696307 0.01733285385303304 0.014302543195761878 0.9997474728327364 0.015608559273871283 0.01256590367272922 0.9997992153138958 0.014002484199504367 0.011004794979442152 0.9998413998848532 0.012514381236561161 0.009606791121922989 0.9998755421684269 0.011142632360555944 0.00835956242172122 0.9999029750231743 0.009884420694455302 0.007251001595328925 0.999924857778523 0.008735949203637475 0.006269346587764953 0.9999421875712986 0.007692615008216852 0.005403268584079003 0.9999558132052354 0.006749193908089816 0.004641960038559196 0.9999664497314854 0.005899999124463975 0.003975180598377301 0.9999746936545651 0.0053178081981433735 0.0035314996910715706 0.9999796245053696 0.003152716576401221 0.19726723721715647 0.9803446830063898 0.006187956625965299 0.1947377605259375 0.9808358240899125 0.012215680514359945 0.19382402305681765 0.9809602567054596 0.01812985834977197 0.1923147277908747 0.9811658135661571 0.023876494937774297 0.19022355080482786 0.9814504132704258 0.02940390185595573 0.18756909147076128 0.9818112071475241 0.03466379133356203 0.1843749299148625 0.9822445249474657 0.03961174220593349 0.18066919114325952 0.9827459250747627 0.04420785408495016 0.17648416964067193 0.9833102274986497 0.048417342006280194 0.1718557524609713 0.9839315836678485 0.05221102796055198 0.1668231278575387 0.9846035001822458 0.05556536370303366 0.161428059721698 0.9853189696189948 0.05846289620186173 0.15571453712150293 0.9860705211579577 0.06089235648104823 0.14972811079680237 0.9868503502352346 0.06284845025017582 0.14351512950132927 0.9876504846884692 0.06433201941009929 0.13712251136441928 0.9884628511763774 0.06534964610790495 0.13059702960694422 0.9892794547605922 0.06591327490377484 0.12398461696700944 0.9900925486776493 0.06603994569494105 0.11732994129457848 0.9908947524578078 0.06575134304290019 0.11067602616248341 0.9916791709625327 0.0650729730954905 0.10406369352313065 0.9924395477120194 0.06403387696622381 0.0975311750591203 0.9931703441465928 0.06266592739550494 0.09111382184178136 0.9938668185491684 0.06100295564250625 0.08484376063921673 0.9945251005799068 0.05908036550736265 0.07874971796536634 0.9951421970411524 0.0569344022803066 0.07285694453127324 0.9957159933789108 0.054601432480576334 0.06718697392027656 0.9962452479718561 0.052117432550518455 0.06175769924109059 0.9967295319236754 0.0495175126897451 0.05658344601731738 0.9971691579535672 0.04683531609894719 0.05167496937275581 0.9975651110109237 0.0441027333282418 0.04703970444618607 0.9979189421584267 0.041349396977773754 0.042681818224567625 0.9982326831769331 0.03860260892055384 0.03860260892055384 0.9985087266364043 0.03588696066742559 0.03480061625971648 0.9987497400059729 0.033224294391309285 0.03127193489713136 0.998958563880399 0.030633631358082003 0.028010555034380047 0.9991381233025206 0.028131112329090185 0.02500856554629458 0.9992913549953512 0.025730125000456818 0.022256518089290824 0.9994211364935215 0.023441357971283317 0.019743706202725274 0.9995302340609025 0.021272901950752134 0.017458378190288934 0.9996212626157761 0.019230484324482322 0.015388064213177436 0.9996966519661937 0.017317629490420636 0.013519792712952576 0.9997586283267733 0.015535852282373135 0.011840299949337808 0.9998092040939461 0.013884915070113453 0.010336249806999135 0.9998501743128432 0.012363030373663207 0.00899438812454026 0.999883121400819 0.010967085641913671 0.007801696017306119 0.999909424183899 0.009692871453942667 0.006745523641829848 0.9999302706457961 0.008535293182847811 0.005813694542674172 0.9999466734411627 0.0074885561541157475 0.004994579442024765 0.9999594870308116 0.006546357817611023 0.004277165650896858 0.9999694250592458 0.005906478922801175 0.0038023181164236106 0.9999753276374752 0.0034731697382864193 0.21060248316934957 0.9775656147670462 0.006820633557023707 0.2080544328996775 0.9780934678795654 0.013468523328807307 0.20708154227015874 0.97823097156569 0.019991580579575202 0.20547417947400562 0.9784583273064901 0.02633033797623462 0.20324683522109832 0.9787734351087922 0.0324281709573107 0.20041930535557953 0.9791733839158162 0.03823167834538165 0.19701658875488948 0.9796544301570232 0.04369214521152589 0.19306859990135844 0.9802119730848753 0.048765492466883074 0.18860941628644395 0.9808406674035031 0.05341351939361598 0.18367724835950677 0.9815343419264899 0.05760385227474908 0.17831356352432487 0.9822861442911457 0.06131064508859605 0.17256284247620832 0.9830885362953591 0.06451433277878028 0.1664716420460506 0.9839334800994426 0.06720248455375144 0.16008834019669857 0.9848124437693042 0.0693690803545816 0.1534622786682544 0.9857166224208185 0.07101480579079948 0.14664326101526962 0.9866370413466659 0.07214663384949087 0.13968088888629812 0.9875647383863606 0.07277755968393543 0.1326241257203842 0.9884909044009231 0.0729262365607488 0.1255206513220127 0.9894070598660509 0.07261617352117172 0.11841621817503878 0.990305251231288 0.07187548257887301 0.11135446741498534 0.9911781361545355 0.07073588340599926 0.10437618389063594 0.9920191767477083 0.06923248821531773 0.09751924890910113 0.9928226723175295 0.0674024869693715 0.09081806789352329 0.993583908532355 0.06528491006821768 0.08430349901403517 0.9942991504428511 0.06291962345428144 0.07800260115151049 0.9949656854374275 0.06034684033853615 0.07193864405485582 0.9955817848638573 0.057606310165658134 0.06613093832609777 0.9961466819827328 0.054736785959069424 0.06059494620104391 0.9966604922227849 0.05177555759238497 0.05534239071570991 0.9971241203711138 0.04875782278701002 0.05038134605920562 0.9975391694997912 0.04571653769016089 0.045716537690160895 0.997907809551187 0.04268181822456764 0.041349396977773754 0.9982326831769331 0.039681002392061 0.03727856229597728 0.9985167634257855 0.03673831396261831 0.03349997829738172 0.9987632591066109 0.0338748231952443 0.03000727271563824 0.9989755051740058 0.031108475183449242 0.02679211324324311 0.9991568672834722 0.028454125887205507 0.023844438993463776 0.9993106651332617 0.025923619455658024 0.02115281308234044 0.9994401054855773 0.023526000397923536 0.018704749019959378 0.9995482277856218 0.021267609450048002 0.016486903583587592 0.9996378698301229 0.01915238455954897 0.01448542307321801 0.9997116377656474 0.01718203658098705 0.012686132561280103 0.9997718938135675 0.015356319837533093 0.011074752609503101 0.9998207505826661 0.013673270567406285 0.009637098681158984 0.9998600742108867 0.012129471278387066 0.008359242106126801 0.9998914936121409 0.010720270037956354 0.0072276363618572065 0.9999164150482448 0.009440040845435671 0.006229241652202992 0.9999360390431354 0.008282386347026926 0.005351605084738301 0.9999513800177564 0.0072403381287603225 0.004582928853461906 0.9999632864595106 0.006539364571853623 0.004076898021810617 0.9999703073659317 0.003813321213646819 0.22384537406632227 0.9746172105449553 0.00749266855993058 0.22130075061778848 0.975176823808818 0.014799721190478642 0.22026927650537018 0.9753268242391804 0.02197007007676357 0.2185648921677435 0.9755750631973557 0.02893831749152625 0.21620275537900713 0.9759195368201646 0.035642573495935664 0.21320402231597793 0.9763573381825297 0.042024263606893174 0.2095950093498173 0.9768847901999235 0.04802978987132629 0.20540720662173237 0.977497324166554 0.05361108414723656 0.20067687710967702 0.9781894717538445 0.05872588039584839 0.19544424680948372 0.9789549618653588 0.06333885304778383 0.18975326117677332 0.9797866551282328 0.06742117950866112 0.18365073061711343 0.9806767019244729 0.07095166447213919 0.1771860879761649 0.9816164992176607 0.07391617506862265 0.17041024426794518 0.9825969406179546 0.07630806612522134 0.1633754325853953 0.9836084317815518 0.07812779589515705 0.15613433600055993 0.9846411105728974 0.07938285484062647 0.14873950952257114 0.9856850007301201 0.08008719357021445 0.14124271329480467 0.9867302252222584 0.0802609943960546 0.1336944472903736 0.9877671626159062 0.07992996785633481 0.12614335270935761 0.9887866578821379 0.07912467443299051 0.118635668766318 0.9897802099417029 0.0778798450761313 0.11121482063625536 0.990740124049573 0.07623380991011465 0.10392112872634313 0.9916596216599883 0.07422743776466234 0.09679127389740241 0.9925329902729737 0.07190345321617962 0.08985819910311683 0.9933556248743615 0.06930572614324237 0.083150929915195 0.9941240562314123 0.0664784094238687 0.07669432843974328 0.9948359669139678 0.0634653172225353 0.07050921220834182 0.9954901328007234 0.060309109528420383 0.064612226725056 0.9960863775122712 0.05705089436471137 0.05901607026916253 0.9966254556763898 0.053729543569794425 0.053729543569794425 0.9971089570832082 0.05038134605920562 0.04875782278701002 0.9975391694997912 0.04703970444618608 0.04410273332824181 0.9979189421584267 0.043734720317368636 0.039762857268028945 0.9982515661999453 0.0404932299416387 0.0357340638220886 0.9985406226146497 0.0373385517334789 0.032009707362740385 0.9987898733912945 0.034290497585178104 0.028580959414602387 0.9990031484106053 0.031365569040641195 0.025437234214593308 0.9991842413660599 0.02857687187576031 0.022566399458847145 0.999336840114113 0.025934414092788436 0.01995516674034746 0.9994644553389723 0.023445261254126003 0.017589390994256517 0.9995703742354397 0.021113781076021694 0.015454320010139154 0.9996576275113885 0.018941897016005346 0.013534854260427161 0.999728969399999 0.016929368745678873 0.011815801796109061 0.9997868689384692 0.015074055535673555 0.010282048597042221 0.9998335123041013 0.013372204276599782 0.008918747295546339 0.9998708117049238 0.011818702301802063 0.007711457308179992 0.9999004208930434 0.010407355654434979 0.006646270601780411 0.9999237541109671 0.00913112010728211 0.005709906489508385 0.9999420081252051 0.007982322781767054 0.0048897880262888 0.9999561852881683 0.007216941206812082 0.004352867340279713 0.9999644835220576 0.0041728617444234395 0.23686025175186567 0.9715347695089994 0.008203470659460168 0.23434258439527744 0.9721194660164365 0.016208156057069153 0.23325370306681326 0.9722808265531357 0.024063520451302754 0.23145417583737635 0.9725481538057283 0.03169822154567184 0.22895993389024125 0.9729196120049272 0.03904425897191859 0.22579306813222078 0.9733925396389538 0.046038114861609476 0.2219816832326116 0.9739633588021707 0.05262091684601679 0.2175588537680971 0.9746277157240074 0.05874015377873532 0.21256275399553412 0.9753802694066989 0.06434957062015839 0.20703570742379618 0.9762148065935742 0.06941043099906037 0.20102404341598187 0.9771241098433782 0.0738913096193787 0.19457708402852408 0.9781001138603809 0.07776866175694719 0.1877466278478281 0.9791339229034518 0.08102702627432899 0.180586463523062 0.9802158691866669 0.08365889287547906 0.1731515135085349 0.9813356933346269 0.08566446649921179 0.16549712536536273 0.9824827228380186 0.08705169078211134 0.15767866361902227 0.9836459943350021 0.08783560478089504 0.14975072985734164 0.9848145132155436 0.08803796597737296 0.141766481889031 0.9859774749756578 0.0876866284930774 0.1337772752583404 0.9871244581145638 0.08681483003397467 0.1258320097300019 0.9882456630886274 0.08546038105126107 0.11797658666085566 0.9893321223282032 0.08366494209608104 0.1102536319600885 0.9903758448708595 0.08147325877071358 0.10270216614360916 0.9913699476858732 0.07893195125198754 0.09535721773704683 0.9923087967447447 0.07608907027801916 0.0882496268116948 0.993188026887066 0.07299296756938148 0.08140593198220487 0.994004577918796 0.06969165827624217 0.07484839487104332 0.9947566489106447 0.06623204622342499 0.06859495608699281 0.9954436438354919 0.06265925911246693 0.06265925911246693 0.9960660793817615 0.05901607026916252 0.05705089436471137 0.9966254556763898 0.05534239071570991 0.05177555759238497 0.9971241203711138 0.05167496937275581 0.0468353160989472 0.9975651110109237 0.0480470650561102 0.042228966325983414 0.9979519998188955 0.044488182409842994 0.03795221550627405 0.9982887512959534 0.04102406800566627 0.03399816870842026 0.9985795663685194 0.03767660726728104 0.0303576063812704 0.9988287585966009 0.03446397199278048 0.027019351324029415 0.9990406344531285 0.031400690814089666 0.02397064211797923 0.9992193977965248 0.028497812251124056 0.021197444272327216 0.9993690724918504 0.025763156498334376 0.018684774553939718 0.9994934411826377 0.023201575495849638 0.016417027720130643 0.9995960024406594 0.020815242400776653 0.014378215483607501 0.9996799450840773 0.018603906244498463 0.012552206587123907 0.9997481366735524 0.01656524869972728 0.010922978826109197 0.9998031211539002 0.014695166303547443 0.009474779997982293 0.9998471286308227 0.01298806452881313 0.008192285855369852 0.9998820913649066 0.0114371511032923 0.0070607303806646555 0.9999096647503373 0.010034686871156944 0.006066009169031674 0.9999312519329311 0.008772250042559018 0.0051947691455077796 0.9999480296508992 0.007939291449480723 0.0046275963056819245 0.9999577756104063 0.004551174420590882 0.24950596254825042 0.9683625671535763 0.008952038652221873 0.24703963608917714 0.9689640236896806 0.0176919736223676 0.2458949373953188 0.9691350132116255 0.0262692651728669 0.24400275561403362 0.9694186819739116 0.03460631485238249 0.24137997083859183 0.969813442188908 0.042629087438640294 0.23804986263023162 0.9703169707914402 0.050267970477909395 0.23404167306187273 0.9709261693941674 0.057459335660001734 0.22939049540111153 0.9716369822959312 0.06414555346470065 0.22413628557768395 0.9724444834838368 0.0702767508267279 0.21832373305497782 0.9733426559430018 0.07581011278358535 0.21200104566937658 0.9743245780718205 0.0807116522441731 0.20522021040099947 0.9753821273916111 0.08495553625012038 0.19803548899207596 0.97650627338493 0.08852464008551425 0.1905031136877066 0.9776870418354837 0.09141066627179621 0.18268070403983533 0.9789136072520682 0.09361366324587712 0.17462623270391817 0.9801745563445955 0.09514189232099142 0.1663976954939313 0.9814580109509982 0.09601152043744074 0.15805227100156002 0.9827518850526518 0.09624598028930381 0.14964577776417612 0.9840441313658173 0.09587524400082505 0.14123206225237317 0.9853230141327888 0.09493529332813272 0.13286248748054652 0.9865773408614162 0.09346721660690352 0.12458545264733896 0.9877967120862551 0.09151618206584299 0.11644581097759027 0.988971769832619 0.08913074429412682 0.1084847041574393 0.990094328529079 0.08636175316160138 0.10073917451375154 0.9911575385927016 0.08326155350154346 0.09324193852523413 0.9921559628448372 0.07988303111209116 0.08602122638521525 0.9930856206549001 0.07627851109158693 0.07910063621049541 0.9939440014893925 0.07249934198854596 0.07249934198854596 0.9947299587438068 0.06859495608699281 0.066232046223425 0.9954436438354919 0.064612226725056 0.060309109528420383 0.9960863775122712 0.06059494620104391 0.05473678595906941 0.9966604922227849 0.05658344601731737 0.04951751268974509 0.9971691579535672 0.05261422721048202 0.044650157299291705 0.9976162120516047 0.048719762538513456 0.04013044069327294 0.9980059781724528 0.04492833058093643 0.03595121925193357 0.9983431048219393 0.041264053327803744 0.032102894636392765 0.9986324058726137 0.03774689985299477 0.028573771671473677 0.9988787269353344 0.034392906856578156 0.025350480371465155 0.999086823605882 0.031214248462592076 0.022418255020968964 0.9992612734088769 0.028219579153801924 0.019761340644360997 0.999406396201425 0.025414244883749604 0.01736326830893323 0.999526204294125 0.022800702734021232 0.015207191371033229 0.999624364091552 0.02037871901238532 0.013276093747345726 0.9997041828192107 0.018145781244197412 0.01155305073696552 0.9997686020483475 0.016097423270153875 0.010021418321441336 0.999820205906486 0.01422754103840015 0.008665003019332564 0.99986123777186 0.012528703751976799 0.007468203728990851 0.9998936230996562 0.010992455257086574 0.00641611954544068 0.9999189963879072 0.009609569637298431 0.005494622540662278 0.9999387307703015 0.008706050460564602 0.004898198113533018 0.99995010492555 0.004947750745703009 0.2616372574985795 0.9651535967146267 0.009737136207128115 0.25924743041758125 0.9657618536680589 0.019248890408056194 0.25804892302311666 0.9659400776159297 0.028583978535968158 0.25606731987441633 0.9662362464032224 0.03765803149495777 0.25332038970311 0.966649188084586 0.04639085303530481 0.24983284236389533 0.9671770466833018 0.054706810488909456 0.24563523639321577 0.9678173874901089 0.06253664037063207 0.2407643589907243 0.9685668237405924 0.06981809681120023 0.2352621484043374 0.9694210410785591 0.07649666254998602 0.22917514278220322 0.9703746774053157 0.08252623729712832 0.22255418818176437 0.9714211514478847 0.0878694192660477 0.21545330197262383 0.9725527439820119 0.09249845756926293 0.20792932904907827 0.9737604579507773 0.09639453076783148 0.20004086344930638 0.9750342288291758 0.0995482730124852 0.19184784340860458 0.9763629173210642 0.1019597198098387 0.1834109636643434 0.9777344393770816 0.10363746344134141 0.17479054522650617 0.9791361199909159 0.10459878519789054 0.16604619576841456 0.9805548199901742 0.10486877884672262 0.15723616280887937 0.9819772544862416 0.10447971839382252 0.14841668459129345 0.983390296972304 0.10347036775639415 0.13964139695663105 0.9847812768591598 0.10188505272641712 0.130960862509992 0.9861382704882588 0.09977261959063946 0.1224222017013247 0.9874503678214017 0.09718568966173047 0.1140685966121194 0.9887078926517758 0.09417940941981934 0.10593889461508532 0.9899026161441679 0.0908105278127188 0.0980675220148137 0.9910278548881708 0.0871365809061526 0.09048443458794143 0.9920785167340769 0.08321467987697605 0.08321467987697605 0.9930511739613144 0.07910063621049543 0.07627851109158694 0.9939440014893925 0.07484839487104333 0.06969165827624217 0.9947566489106447 0.0705092122083418 0.0634653172225353 0.9954901328007234 0.06613093832609777 0.05760631016565814 0.9961466819827328 0.061757699241090605 0.05211743255051846 0.9967295319236754 0.05742947072994047 0.046997774302673434 0.9972427312857557 0.05318183279076781 0.04224300850146253 0.99769094457841 0.04904578144399785 0.037845812669116574 0.9980792582685813 0.04504779665312855 0.03379628192134683 0.9984129943790752 0.041209824584481816 0.030082242503896493 0.9986975563420853 0.037549429300408256 0.026689710098177256 0.9989382862489998 0.03408005309419079 0.023603290094518146 0.9991403478379857 0.030811217744718976 0.02080646845803022 0.9993086408769777 0.027748849943013448 0.01828197700892052 0.9994477328222249 0.02489566266334469 0.016012113259694767 0.9995618131008766 0.022251481666283407 0.013979018870186306 0.9996546696710229 0.01981358778778723 0.012164903772197349 0.9997296818916546 0.017577150994463903 0.010552272794570168 0.9997898245640364 0.015535522344423562 0.009124090335251892 0.999837686087617 0.01368060548633744 0.007863943931334242 0.9998754919585598 0.01200318592312778 0.006756153617853154 0.9999051344582578 0.01049320428513494 0.0057858540077903335 0.9999282057014048 0.009516371183214956 0.005161566223105792 0.9999413967396428 0.00536191011062136 0.27310692140902265 0.9619687413832383 0.010557368184627328 0.2708190310692461 0.9625723839731373 0.02087598273780177 0.2695689925621455 0.9627547723038099 0.031003232525223613 0.2675019196152789 0.9630584211641201 0.040847749222469476 0.2646364691565508 0.9634827453441043 0.05032239023240526 0.2609983738836458 0.9640267142934318 0.059345829980151595 0.2566201081065198 0.9646886505911455 0.06784267929760705 0.2515398346312614 0.9654662513311377 0.0757457439495459 0.24580155012128138 0.9663561352997687 0.08299613726761568 0.23945408943907973 0.9673538030366946 0.08954388774386571 0.23255025952151442 0.9684535450728601 0.09534860548592924 0.22514637624708342 0.9696482623584161 0.10038008302856509 0.21730149866250395 0.9709293988803759 0.10461817212484273 0.20907675929170222 0.9722869673020083 0.10805236970182386 0.20053426302693358 0.9737097589908734 0.11068241583315121 0.1917368774774824 0.9751853016942587 0.1125175601622641 0.18274737347171016 0.9767001567238137 0.1135762149602794 0.1736275668506366 0.9782402115149551 0.11388509364353583 0.16443777281159502 0.9797910003253578 0.1134788201391649 0.15523636134207466 0.9813379792391079 0.11239897469256835 0.14607909889159304 0.982866912331003 0.11069329849789385 0.13701864834434618 0.984364202759093 0.10841428754090925 0.12810392562803588 0.9858172885964639 0.10561875538527414 0.11938005609968935 0.9872148098142068 0.1023663578375531 0.11088770664648678 0.9885469363149919 0.09871839268487334 0.10266293178305178 0.9898055371553666 0.09473704302528146 0.09473704302528148 0.9909842508121165 0.09048443458794142 0.0871365809061526 0.9920785167340769 0.08602122638521528 0.07988303111209116 0.9930856206549001 0.08140593198220486 0.07299296756938145 0.994004577918796 0.07669432843974328 0.0664784094238687 0.9948359669139678 0.07193864405485585 0.060346840338536156 0.9955817848638574 0.06718697392027657 0.054601432480576334 0.9962452479718561 0.06248291306283523 0.0492414398778131 0.9968305604133242 0.0578653472489302 0.04426264640742983 0.9973426791834247 0.05336819721607321 0.039657584921363495 0.9977871072949936 0.04902036104147351 0.035416002066381555 0.9981696804657 0.04484593467461046 0.03152538378963015 0.9984963657019875 0.040864145781319534 0.027971197523775707 0.9987731142249721 0.03708970953430438 0.02473739622230997 0.9990057130341155 0.03353312261017957 0.02180680401663463 0.9991996762342303 0.030200939618023722 0.019161400976343487 0.9993601672864555 0.02709615822392843 0.016782688709644764 0.9994919407224747 0.02421866434568679 0.014652004590397345 0.9995993072520578 0.0215655422824735 0.012750731836136871 0.999686123852735 0.01913157343532188 0.011060571239272112 0.9997557935124707 0.016909560664256133 0.009563693477910726 0.9998112834556342 0.014890705923542255 0.008242904817900258 0.9998551502078997 0.01306499875155582 0.0070817830344420745 0.9998895709810534 0.011421510023304682 0.0060647553166019545 0.9999163804297524 0.010368888371424963 0.005414390562932057 0.9999315829239384 0.005792597722522699 0.2837677558005207 0.9588755427997739 0.01141107965814009 0.2816073227504392 0.9594618820121857 0.022569944791694226 0.2803084056473964 0.9596446192812809 0.03352199987582611 0.2781602344835602 0.9599495609022257 0.04416854236591812 0.2751825561351406 0.960376853461286 0.054415398531191074 0.27140224918885214 0.9609265234854971 0.06417461594810822 0.26685317614572185 0.9615981494620573 0.07336527933863017 0.2615756982239476 0.9623906119067346 0.08191461709644975 0.25561552365510554 0.9633019773531394 0.08975926044115153 0.24902349799911852 0.9643290790022566 0.0968454336996338 0.24185475880188176 0.9654673674528899 0.1031297926033393 0.23416787045979282 0.966710739736514 0.1085796614040153 0.22602395552274135 0.9680514597164983 0.11317311950647745 0.21748624996782367 0.96948005451175 0.11689918235499755 0.20861930417428826 0.9709853588445959 0.11975717137766134 0.1994878364483948 0.9725547917792395 0.12175682009868576 0.19015650763574465 0.9741744091091867 0.12291778089536086 0.18068921785914369 0.9758291990349597 0.12326853875297325 0.17114830223562527 0.9775035171269564 0.12284610300252607 0.16159402286290067 0.9791813962448823 0.12169486923434614 0.15208382216375713 0.9808470165311705 0.11986597793195927 0.1426721235367023 0.9824850189697262 0.1174159126249897 0.13340968212574586 0.9840809723684064 0.11440544898730508 0.12434311381137443 0.985621724237907 0.11089891072229123 0.11551482521229164 0.9870956168258387 0.10696237702558564 0.10696237702558566 0.9884928425649185 0.10266293178305172 0.09871839268487331 0.9898055371553665 0.0980675220148137 0.0908105278127188 0.9910278548881708 0.09324193852523416 0.08326155350154346 0.9921559628448372 0.08824962681169478 0.07608907027801914 0.993188026887066 0.08315092991519499 0.06930572614324239 0.9941240562314123 0.07800260115151049 0.06291962345428145 0.9949656854374275 0.07285694453127324 0.0569344022803066 0.9957159933789108 0.06776141481677307 0.05134959983650075 0.9963792497130098 0.06275824568715686 0.04616096563013443 0.9969606651470078 0.057884505155669994 0.0413610377758549 0.9974661140194124 0.05317171469422778 0.036939353744293184 0.9979019254923952 0.0486461078919842 0.03288298390972209 0.9982746443520212 0.04432876938569117 0.029176977165109134 0.9985908392371006 0.040235764046407795 0.02580471908305132 0.9988569465967819 0.03637858977644215 0.02274838244963345 0.9990791306507221 0.03276449856578656 0.01998928268947315 0.9992631866586964 0.02939681376030203 0.017508183030035665 0.999414474013524 0.02627546671815687 0.01528567201042267 0.9995378672566302 0.02339738673176755 0.01330238956550342 0.999637738746378 0.02075692592871873 0.011539252385203588 0.9997179580663639 0.018346326797390726 0.009977699582205346 0.9997819051193567 0.01615607910859354 0.008599817350578683 0.999832498096243 0.014175328300482183 0.0073884743571526485 0.9998722270941658 0.012392244642712586 0.006327447147576406 0.9999031931568725 0.011261698787303763 0.005653210996083494 0.9999206045211079 0.006238942236708563 0.2934747425410399 0.955946468736737 0.012296400121129833 0.29146684396924366 0.9565018961877021 0.024327063388991935 0.2901218801689901 0.9566804527291639 0.036134668890741836 0.2878975592361216 0.9569792479934139 0.04761273315899292 0.28481459212874716 0.957399433753575 0.05866005066043703 0.2809011605821495 0.9579423450501166 0.06918157918953843 0.2761927384859902 0.9586091384440537 0.07909045348455908 0.27073147813442117 0.9594004205308428 0.08830857267860083 0.26456517670619556 0.9603160226018765 0.09676781900735432 0.2577469157532551 0.9613545218202515 0.10441071761549492 0.2503338293637899 0.9625130523390727 0.11119062478094799 0.24238648383905814 0.963787029074868 0.11707271112136554 0.23396841738366336 0.9651698088821868 0.12203351538758783 0.2251448154766525 0.9666527986749593 0.12606107009281428 0.2159819844835444 0.9682253812959071 0.12915493212839904 0.2065467607705894 0.9698749605604249 0.1313252302133273 0.1969054389852434 0.9715873259812755 0.1325927482745928 0.18712352365294804 0.9733467778755396 0.13298784258214472 0.177265010181754 0.9751365801212717 0.1325499340925499 0.16739171332849664 0.976939368272674 0.13132655462012865 0.15756264444946513 0.9787376303819619 0.12937199541698935 0.14783364350684888 0.9805142021660453 0.12674683005425125 0.13825699476559777 0.982252637802304 0.12351599496578 0.12888063844542688 0.9839377927600468 0.11974828241107481 0.11974828241107481 0.9855560347941638 0.11551482521229164 0.11089891072229122 0.9870956168258387 0.11088770664648678 0.1023663578375531 0.9885469363149919 0.10593889461508536 0.09417940941981935 0.9899026161441679 0.10073917451375154 0.08636175316160138 0.9911575385927016 0.09535721773704682 0.07893195125198754 0.9923087967447447 0.08985819910311683 0.07190345321617962 0.9933556248743615 0.0843034990140352 0.06528491006821768 0.9942991504428511 0.07874971796536634 0.059080365507362655 0.9951421970411525 0.0732483883812222 0.05328969828333696 0.9958889906291888 0.06784536309254051 0.04790878814894597 0.996544908533951 0.0625808348904433 0.04293006875678224 0.997116165900921 0.05748913021379454 0.0383429549452622 0.9976095517352102 0.05259880248769542 0.03413426123032191 0.9980321729218554 0.047932821137139495 0.030288617649669718 0.9983912280758015 0.04350873952339576 0.026788933721813405 0.9986938182521876 0.03933909548643408 0.023616812482149998 0.9989467862376316 0.03543186818078176 0.02075296659895936 0.9991565928794957 0.031790776981600835 0.01817752522921103 0.9993292370762737 0.028415793335513594 0.015870368470227672 0.9994701967010985 0.025303682557982456 0.01381145397607303 0.9995843973312467 0.022448402511574855 0.011981023540159641 0.9996762097297346 0.019841588242247583 0.010359812104487111 0.9997494614498099 0.017472992796435043 0.008929246988435184 0.9998074630002295 0.015330910974767577 0.007671569309970746 0.999853044298514 0.013402551064735667 0.006569931349572824 0.9998885976082632 0.012192314121865423 0.0058744385133607906 0.99990841503035 0.006699737516901249 0.3020853913978366 0.953257326130369 0.013211276109693708 0.3002549702672893 0.9537674847746398 0.026143278736275477 0.2988673201980175 0.9539365041209886 0.03883502189457208 0.29657224620077505 0.9542204901687424 0.051171976206831074 0.293391536091348 0.9546218284750494 0.0630456333064279 0.2893549662336393 0.9551434194072222 0.07435360727161812 0.28449956714246144 0.9557884375642184 0.0850028318389769 0.27886949446101056 0.956559628898489 0.09490978413282761 0.2725146291794257 0.957459090384054 0.10400143939898551 0.2654900720746899 0.9584877266990512 0.11221665984789302 0.25785538357051024 0.9596447376067286 0.11950593416925513 0.24967327389841815 0.9609274624024329 0.12583179593200597 0.24100889202630693 0.962331062107411 0.1311696614514549 0.23192954025755708 0.9638481251061439 0.13550675018443423 0.22250319206829783 0.9654689276066172 0.13884258454793497 0.21279831780029226 0.967181271870695 0.14118822777013004 0.20288287912458594 0.9689708053895372 0.14256554138799324 0.1928235651699047 0.9708213734379336 0.14300679957025267 0.18268564581171365 0.9727152769906673 0.14255393562598753 0.1725320959541063 0.9746338036940976 0.1412574708226345 0.16242318686762403 0.9765577480643719 0.13917513554989994 0.15241585174915365 0.9784680320686245 0.13637119752570415 0.1425634603955104 0.9803461410366561 0.13291535259799983 0.1329153525979998 0.98217463726544 0.12888063844542688 0.12351599496577999 0.9839377927600468 0.12434311381137443 0.11440544898730509 0.985621724237907 0.11938005609968935 0.10561875538527417 0.9872148098142068 0.11406859661211942 0.09718568966173047 0.9887078926517758 0.10848470415743929 0.0891307442941268 0.990094328529079 0.10270216614360916 0.08147325877071358 0.9913699476858732 0.09679127389740243 0.07422743776466234 0.9925329902729737 0.0908180678935233 0.0674024869693715 0.993583908532355 0.08484376063921674 0.06100295564250625 0.9945251005799068 0.07892393105811163 0.0550289182782477 0.9953606538634427 0.07310829496644197 0.049476478227639294 0.9960960070742626 0.06744030838571607 0.04433811550962918 0.9967376466843691 0.06195721092457049 0.03960314564659803 0.997292782922519 0.056689990438195295 0.03525813040724277 0.9977690660790718 0.05166357999052189 0.03128739179022078 0.9981743202554995 0.046897117580605496 0.02767348233634138 0.9985163187139261 0.04240426898106811 0.024397513018066024 0.9988026027853124 0.03819374272956317 0.021439647181741493 0.999040329288578 0.03426968932095272 0.01877946858335159 0.9992361682573205 0.030632195946368606 0.016396280479186554 0.9993962330116875 0.027277824277548258 0.014269399062870895 0.9995260399574728 0.02420013199514934 0.012378460477286813 0.999630495396989 0.02139016389659012 0.010703612057105408 0.9997139058637765 0.018836896450552018 0.009225673405888733 0.9997800049422468 0.016527745584488072 0.007926317238662451 0.9998319894466903 0.014448946352409932 0.006788152514915375 0.9998725663477018 0.013157668577654715 0.006074431060061923 0.9998949830081643 0.007173825663810442 0.309462168826052 0.9508846945296897 0.014153142612745593 0.3078330600161131 0.9513351122056305 0.028013874518565556 0.30640646610626265 0.9514884657013608 0.04161620503736021 0.30404668291140113 0.9517477113651822 0.054837274649969125 0.30077657073675107 0.9521167616447072 0.06756043619945798 0.2966274878216609 0.9526005043716643 0.07967641483910008 0.291638757060649 0.9532043350187343 0.09108542311241219 0.2858562028117248 0.9539337906849168 0.10169842501337518 0.27933194459900185 0.9547937447827877 0.11143770515222576 0.2721234167201178 0.9557878864805593 0.12023814170254905 0.2642919942822387 0.956918246789262 0.12804752504612052 0.25590268492058144 0.958184557994962 0.13482640336500212 0.24702274376916653 0.9595840791803554 0.14054858028080044 0.23772092655119959 0.9611112618530128 0.1452010898646465 0.22806695432017735 0.9627575540338477 0.14878327589094895 0.21813040181795237 0.9645116197422903 0.15130720332604394 0.20798049365098592 0.9663592729840922 0.1527963402493029 0.19768511929516855 0.9682839831452725 0.15328469877109818 0.18731027633873942 0.9702673144554332 0.15281682236230287 0.17691984594339047 0.9722892506422435 0.15144611626244092 0.1665748105560631 0.9743289518213214 0.14923399762519804 0.15633307820634093 0.9763652915847287 0.14624851135713088 0.14624851135713088 0.9783776090301977 0.1425634603955104 0.13637119752570415 0.9803461410366561 0.13825699476559777 0.12674683005425125 0.982252637802304 0.13340968212574586 0.1174159126249897 0.9840809723684064 0.1281039256280359 0.10841428754090925 0.9858172885964639 0.12242220170132469 0.09977261959063946 0.9874503678214017 0.11644581097759028 0.09151618206584299 0.988971769832619 0.11025363196008849 0.08366494209608104 0.9903758448708595 0.10392112872634314 0.07623380991011465 0.9916596216599883 0.09751924890910113 0.06923248821531773 0.9928226723175295 0.09111382184178136 0.06266592739550494 0.9938668185491684 0.08476471855584243 0.05653454530777764 0.9947958522606494 0.07852553235322512 0.050834656479639355 0.9956151758933969 0.07244316307150937 0.045558797349701204 0.9963314629721595 0.06655784612420387 0.0406962559744448 0.9969522896653427 0.060903152550368246 0.03623351275482042 0.9974858087024963 0.05550607394416547 0.03215462951746306 0.9979404569190987 0.05038732204413714 0.0284418192484212 0.9983246870107242 0.04556184413405092 0.025075875183844756 0.9986467437702226 0.041039114323350355 0.02203650530353441 0.9989145026124919 0.03682371882450429 0.019302808162213095 0.9991353338407097 0.032915873267571984 0.016853593731997043 0.9993160169162455 0.02931199147733151 0.014667683516946767 0.9994626887562535 0.02600519890925006 0.012724174324189444 0.999580824654744 0.02298592977102024 0.011002694939739896 0.9996752411341518 0.02024240314674616 0.009483572694705799 0.9997501222624525 0.01776111106955392 0.008147973363003326 0.9998090585024977 0.015527302081820389 0.0069780384472392905 0.9998550944359332 0.01415411159371115 0.006249528390908955 0.9998802950953098 0.0076603919127814476 0.31547286287888254 0.9489036785589696 0.015119781915555552 0.3140680253654648 0.9492800786058158 0.0299339164843085 0.31260596205187424 0.9494111191330826 0.04447082736529505 0.31018769104694915 0.9496346359713342 0.05859851661370785 0.3068372745095158 0.9499563678518319 0.07219190732446688 0.3025878355133449 0.9503835701000962 0.08513448871469752 0.2974803207982128 0.9509245908951349 0.09731965356691497 0.29156285788992753 0.9515881382870813 0.10865300899894775 0.2848901597179607 0.9523823394684245 0.11905192091202224 0.2775214578681014 0.9533144709642885 0.12844762919245648 0.2695206224827622 0.9543897739452899 0.1367851063299726 0.26095463409295133 0.955611068181879 0.14402304318835624 0.251892478250318 0.9569783395833356 0.15013425295831184 0.24240459567383346 0.9584882461902468 0.15510530886038382 0.23256191062879106 0.9601340015268761 0.15893623463165546 0.22243525991968596 0.9619053115902694 0.1616397730777857 0.21209444191272356 0.9637886342290474 0.1632410916301404 0.2016081927916991 0.9657673025127042 0.1637764527906593 0.1910431241529057 0.9678221934969286 0.1632926624318474 0.1804633919749478 0.9699321989463052 0.16184649121546912 0.1699305595083143 0.972074749299884 0.15950254691446053 0.15950254691446053 0.9742268088364231 0.1563330782063409 0.149233997625198 0.9763652915847287 0.15241585174915365 0.13917513554989996 0.9784680320686245 0.14783364350684888 0.12937199541698935 0.9805142021660453 0.14267212353670228 0.11986597793195927 0.9824850189697262 0.1370186483443462 0.11069329849789385 0.984364202759093 0.13096086250999203 0.10188505272641714 0.9861382704882588 0.12458545264733893 0.09346721660690355 0.9877967120862551 0.11797658666085567 0.08546038105126108 0.9893321223282032 0.11121482063625536 0.0778798450761313 0.990740124049573 0.10437618389063595 0.07073588340599925 0.9920191767477083 0.09753117505912032 0.06403387696622381 0.9931703441465928 0.09074407890500977 0.05777454727896208 0.9941969693327336 0.08407241440992949 0.05195441702116068 0.9951042999039229 0.07756673102847601 0.04656619890516927 0.995899086934555 0.07127031625961332 0.04159916909108186 0.9965892088273816 0.06521933444179932 0.03703974901378291 0.9971832807503165 0.05944303850479835 0.03287195615286519 0.9976903125078449 0.05396377286552796 0.02907772702916487 0.9981194302331435 0.048797748110546886 0.025637570119570886 0.9984795915679517 0.04395531026361914 0.022530908735139233 0.9987793994927997 0.03944151680329327 0.019736474181714342 0.9990269457522805 0.03525671329393223 0.017232662910392865 0.9992297030696827 0.03139716804962754 0.014997897912747919 0.9993944571072336 0.027855610080699995 0.013010869185477726 0.9995272794026537 0.024621840987624773 0.01125076915612748 0.9996335254180783 0.021683300114219674 0.009697515672991054 0.9997178565404985 0.019025569397020815 0.008331874669259241 0.9997842805193604 0.016632859514256904 0.007135593384073834 0.9998362022308634 0.015177386952623034 0.006396117961964922 0.9998643591009267 0.008157739385926597 0.31998958285821333 0.9473859393881344 0.01610879543408823 0.31883180311616155 0.947674410349546 0.03189840197894495 0.3173383682399039 0.9477757392938609 0.047390954910604584 0.31486853875056203 0.9479514231740711 0.062444743743895276 0.3114476534822489 0.9482093719844581 0.0769260738484037 0.3071104629625107 0.9485597201553639 0.09071085625684791 0.3019002702139172 0.949014102846693 0.10368581366784355 0.2958672961565699 0.9495850647040726 0.11575015556587716 0.2890683462935463 0.9502849007837542 0.1268175446976239 0.2815657312520287 0.9511246234544537 0.1368151099575564 0.2734249895451804 0.9521136490879225 0.14568526346905888 0.2647150910410224 0.9532584773203405 0.1533852857367627 0.25550695563650666 0.9545622817505498 0.15988728092254584 0.24587241687955427 0.9560244829589887 0.16517765773261686 0.23588332036374246 0.9576405382815322 0.16925708261752634 0.2256112934519204 0.959401680346014 0.17213960811834728 0.2151268463229949 0.9612951655490547 0.1738519178878739 0.2044988057814223 0.9633045982868971 0.17443282226422385 0.19379401800153384 0.9654103112686123 0.17393161902017337 0.1830766058803983 0.9675901757894892 0.17240806646586043 0.17240806646586043 0.9698200437375002 0.16993055950831434 0.16184649121546915 0.972074749299884 0.16657481055606313 0.15144611626244092 0.9743289518213214 0.16242318686762405 0.14125747082263454 0.9765577480643719 0.15756264444946516 0.13132655462012865 0.9787376303819619 0.15208382216375713 0.12169486923434612 0.9808470165311705 0.146079098891593 0.11239897469256833 0.982866912331003 0.13964139695663105 0.10347036775639415 0.9847812768591598 0.13286248748054652 0.09493529332813272 0.9865773408614162 0.1258320097300019 0.08681483003397467 0.9882456630886274 0.118635668766318 0.07912467443299051 0.9897802099417029 0.11135446741498536 0.07187548257887304 0.9911781361545355 0.10406369352313063 0.0650729730954905 0.9924395477120194 0.09683211744625826 0.058718246164081875 0.9935671636071154 0.0897213519854936 0.0528080966013112 0.9945659273930723 0.08278555241068342 0.04733538682313598 0.9954425716566285 0.07607125759146714 0.042289565278383345 0.9962051778810518 0.06961727805934936 0.037657010111085853 0.9968627709896186 0.06345507863472413 0.03342168242770603 0.9974249065163566 0.057608881825119765 0.029565512872820884 0.9979013464182852 0.05209612391580942 0.026068789201849383 0.9983017640485757 0.04692806553582097 0.022910718807391033 0.9986354968800149 0.04211027396815885 0.02006980110440731 0.9989113713988623 0.03764328139114415 0.01752417633520467 0.9991375714134064 0.03352318891877865 0.015251951438705436 0.9993215567483908 0.029742343241436233 0.013231511351570094 0.9994700196233312 0.026289929082235115 0.011441745681252044 0.9995888785318775 0.02315258418462089 0.009862252495277963 0.9996832967601756 0.020314966038745316 0.008473503361434312 0.9997577215984023 0.017760247293403742 0.007256958920739153 0.9998159381422661 0.016222657854361413 0.00651070949752494 0.9998472063440389 0.00866415689532013 0.32289166985254353 0.9463962710858118 0.01711693483268607 0.3220022563334607 0.94658415233834 0.033901535682171836 0.32048207686216185 0.9466477297751819 0.05036761134798777 0.3179681690723481 0.9467625611439632 0.06636420648402265 0.3144876270359362 0.9469389233414434 0.0817481506119405 0.31007685178134103 0.9471903641089787 0.09638734701915988 0.3047810916528174 0.9475325669894017 0.11016173121327448 0.29865351461379375 0.9479823158608618 0.12296485908268234 0.2917533684049022 0.9485565958102709 0.1347055211409346 0.28414466826833656 0.9492714206531376 0.14530796517456113 0.2758959685693536 0.9501405210725448 0.1547122667412705 0.26707791583817153 0.9511748006498683 0.16287416912059752 0.25776267221066085 0.9523814413606001 0.1697653511434293 0.24802353624845908 0.9537631000505091 0.1753729039156848 0.23793345698080912 0.955317755839041 0.17969812325318726 0.22756433913528654 0.9570386909907053 0.18275667132853307 0.21698678083829295 0.9589143528106925 0.18457714976952516 0.20626960348689008 0.9609287832406308 0.18520077047712857 0.19547935928846855 0.9630620409438052 0.18467977745882136 0.18467977745882133 0.9652910232647564 0.1830766058803983 0.17393161902017337 0.9675901757894892 0.1804633919749478 0.1632926624318474 0.9699321989463052 0.17691984594339047 0.15281682236230287 0.9722892506422435 0.1725320959541063 0.14255393562598753 0.9746338036940976 0.16739171332849664 0.1325499340925499 0.976939368272674 0.16159402286290067 0.12284610300252607 0.9791813962448823 0.15523636134207466 0.1134788201391649 0.9813379792391079 0.14841668459129342 0.10447971839382252 0.983390296972304 0.14123206225237317 0.09587524400082502 0.985323014132789 0.13377727525834038 0.0876866284930774 0.9871244581145638 0.1261433527093576 0.0799299678563348 0.9887866578821377 0.11841621817503879 0.07261617352117174 0.9903052512312882 0.11067602616248343 0.0657513430429002 0.9916791709625328 0.10299601836419882 0.05933683226779546 0.9929103486909304 0.09544193469129461 0.053369682453556985 0.9940032767034469 0.08807161203905088 0.0478430051779765 0.9949645410809288 0.08093489809283058 0.04274643873110544 0.9958023319145778 0.0740733915964269 0.0380665128462924 0.9965260022985479 0.06752081136241973 0.03378721246935412 0.9971456083774883 0.06130319681685064 0.02989042633694327 0.9976715293489287 0.055439383239236216 0.02635646848013884 0.9981141274199602 0.04994156357058057 0.023164464990795244 0.998483473969307 0.044815828875080996 0.02029275901493789 0.998789139615465 0.04006290280068537 0.01771934505215292 0.9990400335472577 0.03567877953169957 0.015422176527844722 0.9992443050437028 0.031655405680009414 0.013379451194632384 0.9994092883183369 0.02798136266207014 0.011569868579249963 0.9995414856246001 0.024642482406328922 0.009972826994809747 0.9996465829394834 0.02162248385105935 0.008568604885669177 0.9997294870125737 0.018903497932714165 0.0073384761503674555 0.9997943811272887 0.017284532020031346 0.006589974775305133 0.9998288939540151 0.009178475080120672 0.3240636530470763 0.9459907527925353 0.01814099124720018 0.323463291372988 0.9460668071392856 0.03593692473196855 0.32192160995790503 0.9460840419766731 0.05339162601719963 0.31937209705037345 0.9461240922293895 0.07034394168254068 0.31584349388228683 0.9462000936592604 0.08664149875704055 0.3113743995390157 0.946329347534383 0.1021439097131238 0.30601262383993433 0.9465320363089228 0.1167237809111556 0.2998132914345859 0.9468302642231947 0.13026917674063782 0.29283840757251944 0.9472463294421929 0.14268483757637512 0.285154857966615 0.9478015320223128 0.153891312637808 0.27683260211621785 0.9485152472681587 0.1638272060514121 0.2679446021699376 0.9494031476276987 0.17244736937728086 0.2585645932683057 0.950476857110604 0.17972317369169233 0.24876652593793872 0.9517430306605636 0.18564258708258913 0.23862388811136345 0.9532027433258357 0.19020824831064256 0.2282089331919929 0.9548515618073679 0.193437682217313 0.2175922531499489 0.956679400043464 0.19536165391572435 0.20684194223581828 0.9586710776441663 0.1960237223060392 0.1960237223060392 0.9608066405820527 0.1954793592884686 0.18520077047712863 0.9630620409438054 0.19379401800153384 0.1744328222642239 0.9654103112686122 0.1910431241529057 0.1637764527906593 0.9678221934969288 0.18731027633873945 0.15328469877109813 0.9702673144554332 0.18268564581171365 0.1430067995702526 0.9727152769906674 0.17726501018175403 0.13298784258214474 0.9751365801212717 0.17114830223562527 0.12326853875297325 0.9775035171269564 0.16443777281159505 0.11388509364353587 0.9797910003253578 0.15723616280887937 0.10486877884672259 0.9819772544862416 0.1496457777641761 0.0962459802893038 0.9840441313658173 0.14176648188903102 0.08803796597737298 0.9859774749756578 0.13369444729037358 0.0802609943960546 0.9877671626159062 0.1255206513220127 0.0729262365607488 0.9894070598660509 0.11732994129457848 0.06603994569494104 0.9908947524578078 0.10920010989397268 0.05960384158698756 0.9922311817652263 0.10120108595680019 0.053615282032276966 0.9934202241417092 0.09339443860843523 0.048067589499835035 0.9944681923906318 0.08583327775707239 0.04295061010413946 0.9953832897538313 0.07856206839335549 0.038251077775644085 0.9961751133504386 0.07161684630767523 0.03395316785047035 0.9968541566938769 0.0650255562889715 0.030038916950388694 0.9974313713222366 0.058808407483970156 0.026488660374771503 0.9979177932478954 0.052978551352999406 0.02328157811325706 0.9983242164833496 0.04754270475042816 0.02039606297513214 0.9986609493917984 0.04250176754010719 0.017810069191556005 0.9989376362873504 0.037851642479045634 0.015501520042206377 0.999163127841505 0.03358388797982408 0.013448557290592413 0.9993454151468151 0.029686490745819746 0.011629829267739063 0.9994916004341415 0.026144495033341198 0.010024661143541847 0.9996079089064914 0.02294067216932316 0.008613248800662623 0.9996997236698215 0.020056106512432233 0.007376787488791863 0.9997716417252027 0.018357101701386973 0.006630844494499515 0.9998095062152663 0.009699094606905354 0.3233968762179019 0.9462137115981301 0.019177738631774275 0.323105114322061 0.9461687478668375 0.03799711916652316 0.32154718586300673 0.9461308716021404 0.05645210126925992 0.3189717228281147 0.9460814977042673 0.074369627615753 0.31540839697055834 0.9460373679769509 0.09158810603708739 0.31089834688045115 0.9460199980653379 0.10795812321746794 0.3054915328010055 0.9460549492594256 0.12334596480708797 0.29924617677454063 0.9461699100328804 0.1376334220079995 0.292226192474659 0.9463936250726395 0.15072099165639583 0.28450088423821773 0.9467536266324966 0.16252718788166406 0.2761430587399845 0.947274999305378 0.17298828310581824 0.26722668511300296 0.947979405193814 0.1820594184683467 0.2578270128529445 0.9488833435097778 0.18971190211305516 0.2480186633166611 0.9499979667574364 0.19593504567116896 0.23787569618037877 0.9513278147119095 0.20073337227264587 0.22746988328670623 0.9528712218624213 0.2041259894148713 0.2168709607907094 0.9546201164919554 0.20614678562925878 0.20614678562925884 0.9565599853377982 0.20684194223581825 0.19536165391572433 0.9586710776441663 0.20626960348689008 0.18457714976952516 0.9609287832406308 0.20449880578142232 0.17385191788787396 0.9633045982868971 0.2016081927916991 0.1632410916301404 0.9657673025127042 0.19768511929516855 0.1527963402493029 0.9682839831452725 0.1928235651699047 0.14256554138799327 0.9708213734379336 0.18712352365294804 0.13259274827459283 0.9733467778755396 0.18068921785914366 0.12291778089536086 0.9758291990349597 0.1736275668506366 0.1135762149602794 0.9782402115149551 0.1660461957684145 0.1045987851978905 0.9805548199901742 0.15805227100156 0.09601152043744071 0.9827518850526518 0.14975072985734164 0.08783560478089504 0.9848145132155436 0.14124271329480467 0.08008719357021446 0.9867302252222584 0.1326241257203842 0.07277755968393543 0.9884909044009231 0.12398461696700944 0.06591327490377483 0.9900925486776493 0.11540638937381931 0.05949617925652838 0.9915349564919905 0.10696352602382818 0.05352388818101725 0.9928212313878746 0.09872139714590694 0.04799009106646586 0.9939572611058246 0.09073636980594907 0.04288491857486222 0.9949511520437903 0.08305585767505771 0.03819543205048094 0.9958126497872668 0.07571817369461219 0.033905973222303876 0.9965526293940531 0.06875318890544806 0.029998840528409378 0.9971825653220593 0.06218260062987647 0.026454636744021497 0.9977141255758822 0.056020523542513086 0.02325265723028777 0.9981588124510817 0.050274277284458255 0.02037144772825673 0.9985276666978138 0.04494501537584138 0.017789116256828164 0.9988310632612836 0.04002853172218822 0.015483679550368792 0.999078561633542 0.03551605245385342 0.013433375120708125 0.9992788171731459 0.03139494064793976 0.011616900461298698 0.9994395456081296 0.027649483171393235 0.010013665472977619 0.9995675227737996 0.024261509396214912 0.00860391191838688 0.9996686210247464 0.021211059599386597 0.007368871422669021 0.9997478635559205 0.019433966326079657 0.006630552969915791 0.9997891561325067 0.01022316210370833 0.3207883342970512 0.9470957351479968 0.020223108721269003 0.3208246334812855 0.94692268978267 0.04007464482701968 0.319256956981349 0.9468204783701065 0.05953678760704326 0.31666589610905965 0.9466668269052635 0.0784252439648814 0.3130831022153277 0.9464821457461707 0.09656743497495894 0.30855131347278164 0.9462931984626003 0.11380575532426629 0.3031233111713741 0.9461313377536841 0.1299989887823318 0.29685973792117415 0.9460309502954664 0.14502417176775437 0.28982757453114927 0.9460274661152646 0.1587770693046627 0.2820979171432699 0.9461556993468101 0.17117405132060307 0.273745352840806 0.9464475294238737 0.1821505584098474 0.26484568369091077 0.9469307988978259 0.19166157622472046 0.2554751853836388 0.9476277063553235 0.19967965348594707 0.24570895077464422 0.9485542406699553 0.20619503498258826 0.23562061953161775 0.9497191854438162 0.21121531626578324 0.22528217583512314 0.9511235626487958 0.21476197999690283 0.21476197999690283 0.9527615566843678 0.21687096079070936 0.2041259894148713 0.9546201164919554 0.217592253149949 0.193437682217313 0.956679400043464 0.21698678083829293 0.18275667132853304 0.9589143528106925 0.21512684632299484 0.17213960811834716 0.9612951655490546 0.21209444191272359 0.1616397730777857 0.9637886342290474 0.20798049365098592 0.15130720332604392 0.9663592729840922 0.20288287912458594 0.14118822777013004 0.9689708053895372 0.19690543898524338 0.13132523021332726 0.9715873259812755 0.1901565076357447 0.12175682009868581 0.9741744091091868 0.18274737347171016 0.11251756016226411 0.9767001567238139 0.17479054522650617 0.10363746344134141 0.9791361199909159 0.16639769549393132 0.0951418923209914 0.9814580109509982 0.15767866361902227 0.08705169078211136 0.9836459943350021 0.14873950952257114 0.0793828548406265 0.9856850007301201 0.13968088888629815 0.07214663384949085 0.9875647383863606 0.13059702960694425 0.06534964610790496 0.9892794547605922 0.12157471630334339 0.05899402505064024 0.9908275800380639 0.11269199705859378 0.05307760582466293 0.9922113089251037 0.10401805499043805 0.04759443364923119 0.9934359637750263 0.09561251169244983 0.04253492159613096 0.9945094409067579 0.08752564743469124 0.0378865230654087 0.9954415464562207 0.0797982609935441 0.03363400466463633 0.996243439763909 0.07246202883653444 0.029759935387707773 0.9969270788892299 0.06554014840108233 0.02624525764779684 0.9975047244993706 0.05904782205323198 0.023069626505488244 0.9979885505574035 0.05299290746573045 0.020211835067947246 0.9983903212078503 0.04737685775723234 0.01765029143967203 0.9987211325295694 0.04219539850048401 0.015363256563805522 0.9989912505588525 0.037439419017294764 0.013329198669132661 0.9992099991325577 0.033095700921370895 0.011527032728545904 0.9993857123738553 0.02914774147016637 0.00993635309854097 0.9995257265594966 0.025576477963526155 0.00853759736672787 0.9996364105044317 0.022360906332227922 0.007312157893698632 0.9997232228046615 0.020508294847646106 0.006586715062599249 0.9997679855982218 0.01074873029628003 0.31614301001750594 0.9486506533039911 0.021272022765168305 0.3165249447543457 0.948345643948311 0.042160265399517165 0.3149551957396526 0.9481696771665077 0.06263205070855746 0.3123608778894697 0.9478965704063712 0.08249201861338132 0.3087758431601156 0.9475508142288989 0.10155670268496005 0.3042446818387629 0.9471649326873269 0.11965920071157782 0.29882236890526315 0.9467770949526152 0.1366512783756022 0.29257226663692576 0.9464290237060807 0.1524046661350734 0.2855636669570452 0.9461639444907539 0.16681193267199373 0.27787026317657565 0.946024257596186 0.1797869478335957 0.26956812244684125 0.9460495128423061 0.19126509331725342 0.2607343816429087 0.9462744032824898 0.20120131000433697 0.2514456983671102 0.9467275709649607 0.20957041154469427 0.24177770343813856 0.9474300949015537 0.21636445089383263 0.23180338205875445 0.9483952849184424 0.2215932670225955 0.22159326702259544 0.9496277418128145 0.22528217583512314 0.21121531626578324 0.9511235626487958 0.22746988328670623 0.2007333722726459 0.9528712218624212 0.22820893319199292 0.1902082483106426 0.9548515618073677 0.2275643391352865 0.17969812325318724 0.9570386909907053 0.22561129345192044 0.16925708261752637 0.959401680346014 0.22243525991968593 0.1589362346316554 0.9619053115902694 0.21813040181795235 0.14878327589094892 0.9645116197422904 0.21279831780029226 0.13884258454793494 0.967181271870695 0.2065467607705894 0.12915493212839904 0.9698749605604247 0.19948783644839482 0.11975717137766136 0.9725547917792395 0.1917368774774824 0.11068241583315121 0.9751853016942587 0.1834109636643434 0.10195971980983871 0.9777344393770816 0.1746262327039181 0.09361366324587711 0.9801745563445955 0.1654971253653627 0.0856644664992118 0.9824827228380186 0.15613433600055998 0.07812779589515707 0.9846411105728976 0.14664326101526964 0.07101480579079948 0.9866370413466659 0.13712251136441928 0.06433201941009929 0.9884628511763774 0.12766330046592855 0.0580817975311731 0.99011544100155 0.11834764454975572 0.05226223380591603 0.991595932800826 0.10924841686938894 0.046867690420547024 0.9929089600795111 0.10042855887213753 0.04188900833377919 0.9940620783148697 0.09194112876089826 0.03731403031622759 0.9950650692209689 0.08382935832470038 0.03312798188332237 0.995929302460374 0.07612685717812295 0.029313935442703814 0.9966671434360835 0.06885826630547179 0.025853244481085474 0.9972914062154581 0.06203984340203632 0.02272603456666275 0.9978149052722783 0.055680118269961956 0.01991157475047155 0.9982500957277186 0.04978077349549075 0.017388637052372043 0.9986087872093112 0.04433752204705711 0.015135909402994325 0.9989019413262101 0.039340917733079774 0.013132245949089244 0.9991395479652738 0.03477719425284363 0.01135693101631194 0.9993305593635123 0.03062909059482355 0.009789889084363094 0.9994828747312531 0.02687664172484683 0.008411865435898764 0.9996033646649468 0.023497838158890918 0.007204560453105223 0.9996979273313195 0.021572905441845272 0.00649738568619038 0.9997461646488283 0.011273458062158806 0.3093750093271854 0.9508732895329034 0.022319681839809154 0.3101192786594673 0.9504356184436173 0.04424317533215276 0.3085556562983356 0.9501767984974332 0.06572230342170644 0.30597226212934187 0.9497692107245836 0.08654905023794444 0.3024042515303008 0.9492422928627381 0.10652956856151008 0.2978986554612169 0.9486347253271397 0.1254872511829372 0.2925126570058752 0.9479922443152758 0.1432667507118512 0.2863116739513424 0.9473649051446061 0.15973472001616415 0.2793673214272148 0.9468044776721014 0.1747805905337929 0.27175521691015947 0.9463619007836118 0.18831685897150188 0.26355272491749915 0.9460849442918264 0.20027853724229616 0.25483798709032246 0.9460159131092029 0.21062232981933618 0.2456883035686006 0.9461899870908896 0.21932469003162736 0.23617846346574428 0.9466342555271758 0.2263808556002977 0.2263808556002977 0.9473665691987208 0.23180338205875445 0.21636445089383266 0.9483952849184424 0.23562061953161775 0.20619503498258826 0.9497191854438162 0.2378756961803787 0.1959350456711689 0.9513278147119094 0.23862388811136348 0.18564258708258916 0.9532027433258357 0.23793345698080912 0.17537290391568477 0.955317755839041 0.2358833203637425 0.16517765773261686 0.9576405382815322 0.232561910628791 0.15510530886038382 0.9601340015268759 0.22806695432017735 0.14520108986464647 0.9627575540338477 0.22250319206829783 0.13550675018443423 0.9654689276066172 0.2159819844835444 0.12606107009281428 0.9682253812959071 0.20861930417428826 0.11689918235499755 0.9709853588445959 0.20053426302693358 0.10805236970182386 0.9737097589908734 0.19184784340860458 0.0995482730124852 0.9763629173210643 0.18268070403983533 0.09141066627179621 0.9789136072520682 0.1731515135085349 0.08365889287547906 0.9813356933346269 0.16337543258539533 0.07630806612522135 0.9836084317815518 0.15346227866825438 0.06936908035458159 0.9857166224208186 0.14351512950132927 0.06284845025017582 0.9876504846884692 0.1336291422300917 0.05674852997340468 0.9894053045606273 0.12389047830411486 0.05106775099577755 0.9909809454241847 0.1143754432917163 0.04580075610991983 0.9923812516929081 0.1051503548590704 0.040938892258024655 0.9936133100827994 0.09627093311100074 0.036470430430100946 0.9946867924840362 0.08778284038404344 0.032381199647623315 0.9956131933856093 0.07972161337270182 0.028654819644947937 0.9964052216203853 0.07211333782807951 0.02527324888766987 0.9970761903675943 0.06497533383498631 0.022217189163774145 0.9976395153053497 0.05831677063621656 0.019466476444742614 0.998108316044601 0.052139664318461676 0.017000500067305805 0.9984950868192691 0.04643965969256344 0.014798463494491767 0.9988114754476147 0.04120702371462623 0.012839769758363661 0.9990681265605136 0.036427456727348345 0.011104210370735714 0.9992746053555147 0.03208298193428704 0.009572201741419916 0.9994393704592719 0.028152750524984373 0.008224937576384065 0.999569793981262 0.024613759819722955 0.0070445394019867345 0.9996722149245475 0.022620315378784287 0.006361084516907225 0.9997238908498352 0.011793608426034486 0.30040795354274236 0.9537378949420826 0.023359655428452746 0.3015299358410905 0.9531705116556701 0.04631129515214701 0.2999825955749174 0.9528198708535974 0.06878944748357037 0.2974264189407429 0.952263375979036 0.09057285967152068 0.2938979620773487 0.9515358873829742 0.11145662148745344 0.28944626797277206 0.9506830594279235 0.13125483487793496 0.2841306771901807 0.9497588781372962 0.14980505925034535 0.2780187611925467 0.9488224347305255 0.16696904759599568 0.27118379303805656 0.9479349595506955 0.18263337470091046 0.26370270996275597 0.947156761683965 0.19670982803406795 0.25565432193218995 0.9465442996670571 0.20913392780211848 0.24711679757074811 0.9461481324826659 0.21986386261998384 0.23816688467978714 0.9460107911412775 0.22887921933016828 0.22887921933016828 0.9461652106887177 0.23617846346574434 0.2193246900316274 0.9466342555271758 0.2417777034381386 0.2095704115446943 0.9474300949015537 0.24570895077464425 0.19967965348594713 0.9485542406699553 0.2480186633166611 0.18971190211305516 0.9499979667574364 0.2487665259379388 0.17972317369169233 0.9517430306605638 0.24802353624845905 0.16976535114342928 0.9537631000505092 0.24587241687955427 0.15988728092254584 0.9560244829589887 0.2424045956738335 0.15013425295831181 0.9584882461902468 0.23772092655119959 0.14054858028080044 0.9611112618530129 0.23192954025755708 0.1311696614514549 0.9638481251061439 0.2251448154766525 0.12203351538758782 0.9666527986749593 0.21748624996782367 0.11317311950647745 0.9694800545117501 0.20907675929170227 0.10461817212484273 0.9722869673020083 0.20004086344930638 0.09639453076783148 0.9750342288291758 0.19050311368770662 0.08852464008551426 0.9776870418354837 0.180586463523062 0.081027026274329 0.9802158691866669 0.17041024426794518 0.07391617506862265 0.9825969406179546 0.1600883401966986 0.06720248455375145 0.9848124437693041 0.14972811079680237 0.06089235648104826 0.9868503502352348 0.13942856792909106 0.05498813183426847 0.9887041922651184 0.12927977500950646 0.049488521597574164 0.9903724683186512 0.11936146472502353 0.04438846337997933 0.9918581073205286 0.10974306918208286 0.0396798149229372 0.9931676449895949 0.10048312616705092 0.035351462816359626 0.9943105226399045 0.0916295049163809 0.031389781729809434 0.9952983047467397 0.08321972321670026 0.027779143837641466 0.9961439639105301 0.07528127686055062 0.024502152659928934 0.9968612610936762 0.06783253480668433 0.021540276348386782 0.9974641666328344 0.06088335170241664 0.018874098664352097 0.9979664252293703 0.05443601944465162 0.016483693388437172 0.9983811935524916 0.04848620881435679 0.014349008943810247 0.9987207785448048 0.04302387926654279 0.012450106176980875 0.9989964667950733 0.0380342474284133 0.010767442330900693 0.9992184236733253 0.03349862196422012 0.009282051603773066 0.9993956603090306 0.029395327293369102 0.007975743228166665 0.9995360434988195 0.025700393737773653 0.006831198388668406 0.9996463497108856 0.02364286278628479 0.00617692244604537 0.9997013857489467 0.012306050877295659 0.2891801260363339 0.9571955995602024 0.024385024396536635 0.2906929436935603 0.9565056105804883 0.0483505832743907 0.2891728402142944 0.9560550661857424 0.07181262010148769 0.286662385315125 0.955336393339855 0.09453598305178655 0.2831991998803532 0.9543904657400764 0.11630438137580668 0.27883405347705426 0.9532706129396553 0.13692268597126395 0.27362778205453947 0.9520399229834473 0.1562212781698942 0.2676493698365846 0.9507674411090463 0.17405760776639254 0.26097374055307027 0.9495244367157589 0.19031594400539179 0.2536787324394027 0.9483812219594369 0.20490737733724618 0.24584302961430046 0.9474039114880377 0.21776887402841136 0.23754526618610355 0.9466514480087015 0.2288613861835709 0.2288613861835709 0.9461738380595126 0.23816688467978714 0.21986386261998386 0.9460107911412775 0.2456883035686007 0.21062232981933626 0.9461899870908896 0.2514456983671102 0.20120131000433694 0.9467275709649609 0.25547518538363884 0.1916615762247205 0.9476277063553233 0.25782701285294446 0.1820594184683467 0.9488833435097778 0.2585645932683057 0.17244736937728083 0.950476857110604 0.25776267221066085 0.16287416912059752 0.9523814413606001 0.25550695563650666 0.1533852857367627 0.9545622817505498 0.25189247825031796 0.14402304318835624 0.9569783395833356 0.24702274376916655 0.13482640336500215 0.9595840791803554 0.24100889202630693 0.12583179593200594 0.962331062107411 0.23396841738366336 0.11707271112136554 0.965169808882187 0.2260239555227413 0.10857966140401529 0.9680514597164983 0.21730149866250392 0.10038008302856506 0.9709293988803759 0.20792932904907827 0.09249845756926296 0.9737604579507773 0.19803548899207596 0.08495553625012038 0.97650627338493 0.18774662784782806 0.07776866175694719 0.9791339229034518 0.1771860879761649 0.07095166447213919 0.9816164992176607 0.16647164204605067 0.06451433277878031 0.9839334800994427 0.1557145371215029 0.05846289620186173 0.9860705211579578 0.14501774001854087 0.05279971483542684 0.9880192534526908 0.13447460529858893 0.0475235061677759 0.9897767914491177 0.12416852926580874 0.04262981557655659 0.9913449829216239 0.1141717120854924 0.03811082470388315 0.9927297644373605 0.10454549196726448 0.03395612044072575 0.993940250716278 0.09533991656228057 0.030152794833568072 0.9949879945374326 0.08659433572360463 0.026685985615991236 0.995886177829721 0.07833779441940393 0.023539193704807296 0.9966489333387314 0.07058951383092454 0.020694632039927833 0.9972907563704005 0.06336011867405002 0.01813382418832565 0.9978259666805215 0.056652187974838814 0.015837696269236236 0.9982683491799922 0.05046141506858649 0.013787054816054339 0.9986308440603939 0.04477749726388077 0.011962804705542437 0.9989253560914151 0.03958518248977225 0.010346213584568003 0.9991626340049522 0.03486511374564882 0.008919090390629887 0.9993522270301431 0.030594794658405446 0.007663978989621272 0.9995024872234469 0.02674935578784018 0.0065642605630525635 0.9996206192592246 0.024632731578248388 0.005944554219718555 0.9996788938504818 0.012806059889074605 0.2756469335603638 0.9611736434426851 0.02538759958704383 0.27756092869026383 0.9603725322247645 0.05034526596352994 0.27608100513109113 0.9598148950713714 0.074768316646343 0.27363736831927665 0.9589224627075813 0.09840768793820201 0.27026830691320586 0.9577426424843611 0.12103490608633168 0.2660257602731328 0.9563372032812351 0.142446494258668 0.26097211700256917 0.9547787965914474 0.16246563626104438 0.2551769814328131 0.9531472211474635 0.1809453825002696 0.24871579718351175 0.951524682172355 0.19776854491298593 0.24166662669977076 0.9499920232204868 0.21284635279656464 0.23410808309372205 0.9486252345006342 0.22611722318662308 0.22611722318662306 0.9474924816359979 0.23754526618610355 0.21776887402841136 0.9466514480087015 0.24711679757074811 0.20913392780211848 0.9461481324826659 0.25483798709032246 0.2002785372422962 0.9460159131092029 0.26073438164290863 0.19126509331725342 0.9462744032824898 0.26484568369091077 0.1821505584098474 0.9469307988978259 0.26722668511300296 0.17298828310581824 0.947979405193814 0.2679446021699376 0.16382720605141216 0.9494031476276988 0.2670779158381715 0.15471226674127053 0.9511748006498681 0.2647150910410225 0.1456852634690589 0.9532584773203404 0.26095463409295133 0.1367851063299726 0.955611068181879 0.25590268492058144 0.12804752504612052 0.958184557994962 0.24967327389841815 0.11950593416925515 0.9609274624024329 0.24238648383905817 0.11119062478094802 0.963787029074868 0.2341678704597928 0.10312979260333932 0.966710739736514 0.22514637624708342 0.09534860548592924 0.9696482623584158 0.21545330197262386 0.08786941926604773 0.972552743982012 0.20522021040099944 0.0807116522441731 0.9753821273916111 0.19457708402852408 0.07389130961937872 0.9781001138603809 0.18365073061711343 0.06742117950866112 0.9806767019244729 0.17256284247620832 0.06131064508859605 0.9830885362953591 0.16142805972169796 0.05556536370303365 0.9853189696189948 0.15035300159101386 0.05018775272129406 0.987357667914398 0.13943444444361594 0.04517678514317387 0.9892002293705899 0.1287588755870979 0.04052822604481391 0.990847422588971 0.11840146776714945 0.03623490792988392 0.9923044512033077 0.10842601500856387 0.0322870529197635 0.9935800649585916 0.09888477486316381 0.028672539282483648 0.9946857226236616 0.0898188110088335 0.02537735775152632 0.995634757781442 0.08125859377453065 0.022385982506710755 0.9964416233402713 0.07322439049384079 0.019681671750531628 0.9971212666641454 0.06572737957812846 0.017246870524043077 0.9976885571313924 0.058770561434426764 0.015063557107026322 0.9981578584352104 0.052349574997642596 0.013113517086959514 0.9985427169967123 0.04645393181085594 0.01137866401429796 0.9988556243144262 0.041067915841775465 0.009841211809309322 0.9991078904895793 0.03617156592492976 0.008483900049885137 0.9993095822909346 0.031741593954768464 0.007290137958596752 0.9994695218473425 0.027752284278028654 0.006244151446181084 0.9995953287656303 0.025582120191968347 0.005664267579642067 0.9996566766641785 0.013289825155578217 0.25978596335024917 0.9655747686189389 0.026358462656488852 0.26210808699275945 0.9646784864292262 0.052277502239117715 0.2606823970101262 0.9640081693889808 0.07762980875301181 0.2583288246150738 0.9629329318109155 0.10215320548268864 0.255086580055905 0.9615069210801314 0.12560651795282235 0.2510073932325059 0.9598011727385988 0.1477774679165741 0.2461539176723754 0.9578987779461393 0.16848307716370983 0.24059627725195834 0.9558906234930575 0.18757223717593752 0.23440957176642555 0.9538704359110282 0.20492667772310325 0.22767125106442687 0.9519300700136171 0.22045834417067597 0.220458344170676 0.9501559014030527 0.23410808309372202 0.21284635279656464 0.9486252345006342 0.24584302961430046 0.20490737733724618 0.9474039114880377 0.25565432193219 0.19670982803406795 0.9465442996670571 0.2635527249174991 0.18831685897150188 0.9460849442918264 0.2695681224468413 0.17978694783359572 0.9460495128423061 0.273745352840806 0.17117405132060307 0.9464475294238737 0.2761430587399846 0.16252718788166406 0.947274999305378 0.27683260211621785 0.153891312637808 0.9485152472681587 0.2758959685693536 0.1453079651745611 0.9501405210725448 0.2734249895451804 0.13681510995755644 0.9521136490879225 0.2695206224827622 0.12844762919245645 0.9543897739452899 0.26429199428223865 0.12023814170254903 0.9569182467892619 0.25785538357051024 0.11221665984789302 0.9596447376067286 0.25033382936379 0.10441071761549496 0.9625130523390726 0.24185475880188173 0.0968454336996338 0.9654673674528899 0.23255025952151442 0.08954388774386571 0.9684535450728601 0.22255418818176437 0.08252623729712832 0.9714211514478847 0.21200104566937658 0.07581011278358535 0.9743245780718205 0.20102404341598187 0.06941043099906037 0.9771241098433782 0.1897532611767733 0.06333885304778382 0.9797866551282328 0.17831356352432487 0.05760385227474908 0.9822861442911457 0.1668231278575387 0.05221102796055197 0.9846035001822458 0.15539176281183517 0.04716249255407519 0.9867264561905276 0.1441194377326446 0.04245733921469623 0.988649059077302 0.13309558171164373 0.03809177751576974 0.9903709318303563 0.12239816540470616 0.034059177976643755 0.9918964973731471 0.11209325056001017 0.030350457186701287 0.9932340876789565 0.10223525905759444 0.02695444445979433 0.994394996834402 0.09286690128208036 0.023858068366250755 0.9953926517812434 0.08401992168841513 0.021046809794806498 0.9962417801703229 0.07571563862378128 0.01850508235579479 0.9969577242766104 0.06796581177680705 0.01621643903659448 0.9975558508346748 0.060773779741810814 0.014164024190922343 0.9980510648832617 0.054135217995279546 0.012330785908055662 0.9984574752544514 0.04803942606851098 0.010699745330510426 0.9987881301822076 0.04247028242253383 0.00925422216271835 0.9990548706067718 0.037407251054950436 0.007978019354351083 0.9992682566636917 0.0328263213891744 0.006855551460229286 0.9994375588490912 0.028700943990325262 0.005871991172599469 0.9995707956586832 0.026483283692843362 0.005336950760680629 0.999635009711756 0.013751831005007924 0.24160100444743735 0.9702782290631894 0.027287121257931084 0.24433424312460753 0.9693070672651574 0.05412734485068412 0.24297950928609516 0.9685201023244192 0.08036821003833104 0.24074198509649647 0.9672560402639174 0.10573394731838805 0.23766139643632989 0.965576197422247 0.12997263541962262 0.23378986170717045 0.9635607996411124 0.1528621003456881 0.2291888110282491 0.9613041491522661 0.17421398156408158 0.22392781910207288 0.9589086611663173 0.19387348856179037 0.21808012424023926 0.956480072894487 0.21172126101551278 0.21172126101551283 0.9541216983529942 0.22767125106442695 0.2049266777231033 0.9519300700136171 0.24166662669977082 0.19776854491298596 0.9499920232204868 0.25367873243940275 0.1903159440053918 0.9483812219594369 0.263702709962756 0.18263337470091046 0.947156761683965 0.27175521691015947 0.1747805905337929 0.9463619007836118 0.27787026317657565 0.16681193267199373 0.946024257596186 0.2820979171432699 0.15877706930466273 0.9461556993468101 0.28450088423821773 0.15072099165639583 0.9467536266324966 0.28515485796661494 0.1426848375763751 0.9478015320223127 0.28414466826833656 0.1347055211409346 0.9492714206531376 0.2815657312520288 0.1268175446976239 0.9511246234544537 0.2775214578681014 0.11905192091202227 0.9533144709642885 0.27212341672011775 0.11143770515222576 0.9557878864805593 0.2654900720746899 0.1040014393989855 0.9584877266990512 0.2577469157532551 0.09676781900735432 0.9613545218202515 0.24902349799911852 0.08975926044115153 0.9643290790022567 0.23945408943907973 0.08299613726761566 0.9673538030366947 0.2291751427822032 0.07649666254998602 0.9703746774053157 0.21832373305497782 0.0702767508267279 0.9733426559430018 0.20703570742379626 0.0643495706201584 0.9762148065935742 0.19544424680948377 0.0587258803958484 0.9789549618653588 0.18367724835950677 0.053413519393615966 0.9815343419264899 0.1718557524609713 0.0484173420062802 0.9839315836678485 0.16009274977816507 0.04373949681374144 0.9861324291832951 0.14849109760177154 0.039379203496528195 0.9881293803267871 0.13714290693392772 0.035332905294656144 0.989920910417166 0.1261287161286143 0.03159468280772738 0.9915106267640434 0.1155168149210969 0.028156225216963458 0.9929063865501201 0.10536350477948764 0.025007241445063774 0.9941192935135558 0.09571314381001182 0.022135749207097228 0.9951628021128224 0.08659868983736702 0.019528376556793306 0.9960518608122307 0.07804238686952572 0.01717074678546877 0.9968021625711576 0.07005662619854616 0.015047690930954068 0.997429514363458 0.06264502501882845 0.013143631780933656 0.9979493202482767 0.05580332706238385 0.011442782952465874 0.9983762073522543 0.04952063374306627 0.009929445340149688 0.9987237420572929 0.04378047811881119 0.008588175880413617 0.9990042607370279 0.03856175122797599 0.007403953139329923 0.9992287890268886 0.03383981939341346 0.006362363773174642 0.9994070176612924 0.029587340019173385 0.0054496438372036975 0.9995473428970924 0.027328687401219773 0.0049641865782193845 0.9996141754179675 0.014186517369658104 0.22113246925837649 0.9751405917941338 0.02816225481573156 0.22427266719667374 0.9741194270479282 0.05587213974279618 0.2230056423073771 0.9732146667100922 0.0829509966694453 0.22091287574614213 0.9717595553845175 0.10910897090803111 0.21803288311169405 0.9698231252910979 0.134083201613814 0.21441614083894844 0.9674954333704741 0.15764306593310184 0.21012283103022752 0.9648818889600189 0.1795942865166347 0.2052205196902248 0.962096892495062 0.19978013019916568 0.19978013019916568 0.9592579419297026 0.21808012424023926 0.19387348856179035 0.956480072894487 0.23440957176642563 0.18757223717593755 0.9538704359110282 0.24871579718351175 0.18094538250026965 0.951524682172355 0.26097374055307027 0.17405760776639254 0.9495244367157589 0.2711837930380565 0.16696904759599568 0.9479349595506955 0.2793673214272148 0.15973472001616412 0.9468044776721014 0.28556366695704516 0.15240466613507336 0.9461639444907539 0.28982757453114927 0.1450241717677544 0.9460274661152646 0.292226192474659 0.1376334220079995 0.9463936250726395 0.2928384075725194 0.1302691767406378 0.9472463294421929 0.2917533684049022 0.12296485908268236 0.9485565958102709 0.2890683462935463 0.11575015556587716 0.9502849007837543 0.2848901597179606 0.10865300899894774 0.9523823394684245 0.27933194459900185 0.10169842501337516 0.9547937447827877 0.2725146291794257 0.09490978413282763 0.957459090384054 0.26456517670619556 0.08830857267860083 0.9603160226018765 0.25561552365510554 0.08191461709644975 0.9633019773531394 0.24580155012128135 0.0757457439495459 0.9663561352997687 0.2352621484043374 0.06981809681120023 0.9694210410785591 0.22413628557768403 0.06414555346470065 0.9724444834838368 0.21256275399553412 0.05874015377873532 0.975380269406699 0.20067687710967705 0.05361108414723655 0.9781894717538445 0.1886094162864439 0.048765492466883074 0.9808406674035031 0.17648416964067196 0.04420785408495016 0.9833102274986497 0.16441675243923937 0.03994000926844778 0.9855820245808922 0.15251278212400934 0.03596131569862457 0.9876470194669846 0.14086680811315772 0.032268634706129756 0.9895025404647597 0.1295616186296261 0.028856608775416695 0.9911513926278134 0.11866762868654063 0.02571777974506692 0.9926009216734072 0.10824290100402886 0.02284284136863729 0.9938620019803752 0.09833326055815671 0.02022093462907615 0.9949480808920275 0.08897284872914808 0.017839964568088475 0.9958742731154518 0.08018472211955954 0.01568681289876043 0.9966565778841217 0.07198187315519418 0.013747728407370912 0.9973111901010169 0.06436820098307695 0.012008543758607272 0.9978539620500586 0.057339539072525224 0.010454890042743081 0.9982999912517001 0.05088480048617626 0.009072430345324763 0.9986633206877638 0.044987189829218316 0.007847099737834835 0.9989567436966299 0.03962512078655229 0.006765201442461828 0.9991917142631309 0.03477333225525389 0.005813568928701839 0.9993783156443694 0.03040380668718702 0.004979657636036731 0.9995252931010581 0.0281110661663826 0.0045481678010426095 0.9995944588325022 0.014588046485649592 0.1984591528070231 0.9800005885543391 0.028972972042327585 0.20199662849669447 0.9789575726082326 0.0574889434705057 0.20083492802430605 0.9779367837770072 0.08534389219258467 0.1989160440394937 0.9762934126015081 0.11223357401890337 0.19627626067453618 0.9741043344316689 0.1378851608364144 0.19296424690490074 0.9714692387500187 0.1620599921743593 0.1890370093196316 0.9685048105424857 0.18455791445745948 0.18455791445745948 0.9653376364890298 0.20522051969022484 0.1795942865166347 0.962096892495062 0.22392781910207288 0.17421398156408158 0.9589086611663173 0.2405962772519583 0.16848307716370983 0.9558906234930575 0.25517698143281303 0.16246563626104438 0.9531472211474635 0.2676493698365846 0.15622127816989417 0.9507674411090463 0.2780187611925467 0.14980505925034535 0.9488224347305255 0.28631167395134244 0.1432667507118512 0.9473649051446061 0.2925722666369258 0.1366512783756022 0.9464290237060807 0.29685973792117415 0.1299989887823318 0.9460309502954664 0.2992461767745407 0.12334596480708798 0.9461699100328804 0.2998132914345859 0.11672378091115558 0.9468302642231947 0.29865351461379375 0.11016173121327448 0.9479823158608618 0.2958672961565699 0.10368581366784355 0.9495850647040728 0.29156285788992753 0.09731965356691497 0.9515881382870813 0.28585620281172486 0.09108542311241219 0.9539337906849168 0.27886949446101056 0.08500283183897692 0.956559628898489 0.27073147813442106 0.07909045348455908 0.9594004205308428 0.2615756982239476 0.07336527933863016 0.9623906119067346 0.2515398346312614 0.06784267929760707 0.9654662513311378 0.24076435899072435 0.06253664037063207 0.9685668237405924 0.22939049540111153 0.057459335660001734 0.9716369822959312 0.21755885376809703 0.052620916846016774 0.9746277157240072 0.20540720662173237 0.04802978987132629 0.977497324166554 0.19306859990135844 0.04369214521152589 0.9802119730848753 0.18066919114325952 0.03961174220593349 0.9827459250747627 0.1683270685077343 0.03579035751273669 0.9850812394501801 0.15615016604599358 0.03222743063265448 0.9872074343108574 0.14423532660506103 0.028920215314594783 0.9891207164473348 0.13266730836085644 0.02586396849658532 0.9908231125816015 0.12151849538981137 0.023052099011109693 0.9923214479236949 0.11084852042044353 0.020476285210394504 0.9936263519374781 0.1007044964197591 0.018126905246936952 0.9947512350869493 0.09112167180294856 0.01599322274421862 0.9957113325427653 0.08212391274825531 0.014063545529535022 0.9965228946903606 0.07372469773973732 0.012325581568426195 0.9972024613799269 0.06592820495841471 0.010766660282369812 0.9977662806576124 0.05873035424531715 0.00937394255425105 0.9982298706666762 0.05211992501329462 0.008134635142654958 0.9986077013160395 0.04607979696655413 0.007036127645393241 0.9989129818053617 0.040587979456775815 0.006066172133319087 0.9991575538819016 0.035618639276443945 0.005212965672256249 0.9993518587189371 0.031143145953450153 0.004465282002525534 0.9995049603262407 0.028823567872755758 0.004091716806543157 0.9995761400657079 0.014949476159480144 0.1737038074710378 0.9846844674476295 0.029706490358045463 0.17762168055471184 0.9836503764181291 0.05895368529969384 0.17658396416549146 0.9825184815509505 0.08751137885526007 0.17486929599373977 0.9806949005116244 0.11506289959189775 0.17251089866284 0.9782640333672931 0.1413241780172249 0.1695532689174226 0.9753354119005277 0.16605039187739315 0.16605039187739315 0.9720362826122944 0.18903700931963163 0.16205999217435932 0.9685048105424857 0.21012283103022755 0.15764306593310184 0.9648818889600189 0.22918881102824912 0.1528621003456881 0.9613041491522661 0.24615391767237546 0.1477774679165741 0.9578987779461393 0.26097211700256917 0.142446494258668 0.9547787965914474 0.27362778205453947 0.13692268597126392 0.9520399229834473 0.2841306771901807 0.131254834877935 0.9497588781372962 0.2925126570058752 0.1254872511829372 0.9479922443152758 0.2988223689052631 0.11965920071157778 0.946777094952615 0.3031233111713741 0.11380575532426628 0.9461313377536841 0.3054915328010055 0.1079581232174679 0.9460549492594255 0.30601262383993433 0.1021439097131238 0.9465320363089228 0.3047810916528174 0.09638734701915988 0.9475325669894017 0.3019002702139172 0.09071085625684791 0.9490141028466927 0.2974803207982128 0.0851344887146975 0.9509245908951347 0.291638757060649 0.07967641483910008 0.9532043350187343 0.28449956714246144 0.07435360727161813 0.9557884375642184 0.27619273848599013 0.06918157918953843 0.9586091384440538 0.2668531761457218 0.06417461594810822 0.9615981494620573 0.25662010810651975 0.059345829980151595 0.9646886505911455 0.24563523639321577 0.054706810488909456 0.9678173874901089 0.23404167306187273 0.050267970477909395 0.9709261693941674 0.22198168323261158 0.04603811486160947 0.9739633588021707 0.20959500934981734 0.04202426360689319 0.9768847901999234 0.19701658875488948 0.03823167834538165 0.9796544301570232 0.18437492991486248 0.034663791333562025 0.9822445249474658 0.1717899369808087 0.03132201156421064 0.9846355412759084 0.159371746271514 0.028205887271671958 0.9868156233124736 0.14721910644967312 0.025313067498448805 0.988779946858743 0.13541865562062586 0.02263946064128215 0.9905297787203443 0.12404435754967628 0.020179304076860947 0.9920714656954214 0.1131573623184745 0.01792549986599457 0.9934153651960895 0.10280588711169855 0.015869603439835924 0.9945748364310445 0.09302612552762173 0.014002251673196582 0.9955652047542639 0.08384270448063043 0.012313298552034248 0.9964029223081103 0.07526954992218016 0.010792032722387985 0.9971048224154927 0.06731110573212702 0.009427388190731257 0.997687495860813 0.0599633550118509 0.008208168709781525 0.9981668307563393 0.0532149495236559 0.007123172875488298 0.9985576746264488 0.04704851333995671 0.006161400853139699 0.9988736028807783 0.04144168454516472 0.005312155685774955 0.9991268026552131 0.03636815805799011 0.0045651050832334755 0.9993280326774828 0.031798721084734104 0.003910417782604288 0.9994866432174773 0.02945982245609295 0.003598245712061369 0.9995594887192313 0.015264784901470197 0.14704132872456344 0.9890125550208283 0.030349513889998573 0.15131236652994126 0.9880199768940654 0.06024237982750127 0.1504175068365751 0.986785401852798 0.08941794913549077 0.1489359113177291 0.9847956766214809 0.11755057968075436 0.1468992678227035 0.9821417750660402 0.14434644809368385 0.14434644809368385 0.9789423914845423 0.16955326891742256 0.1413241780172249 0.9753354119005277 0.19296424690490074 0.13788516083641436 0.9714692387500187 0.21441614083894844 0.13408320161381398 0.9674954333704741 0.23378986170717045 0.12997263541962262 0.9635607996411124 0.2510073932325059 0.12560651795282235 0.9598011727385988 0.2660257602731328 0.12103490608633168 0.9563372032812351 0.27883405347705426 0.11630438137580668 0.9532706129396553 0.28944626797277206 0.11145662148745342 0.9506830594279235 0.297898655461217 0.1065295685615101 0.9486347253271397 0.3042446818387629 0.10155670268496005 0.9471649326873269 0.3085513134727816 0.09656743497495891 0.9462931984626003 0.31089834688045115 0.09158810603708738 0.9460199980653379 0.3113743995390158 0.08664149875704058 0.9463293475343831 0.310076851781341 0.08174815061194049 0.9471903641089787 0.30711046296251077 0.07692607384840372 0.9485597201553639 0.30258783551334484 0.07219190732446686 0.9503835701000962 0.2966274878216608 0.06756043619945797 0.9526005043716644 0.2893549662336393 0.06304563330642791 0.9551434194072222 0.2809011605821495 0.05866005066043702 0.9579423450501164 0.2714022491888522 0.054415398531191074 0.9609265234854971 0.2609983738836459 0.05032239023240527 0.9640267142934318 0.24983284236389533 0.04639085303530481 0.9671770466833018 0.23804986263023156 0.042629087438640294 0.9703169707914402 0.22579306813222072 0.03904425897191859 0.9733925396389538 0.21320402231597793 0.035642573495935664 0.9763573381825297 0.20041930535557947 0.032428170957310695 0.9791733839158162 0.18756909147076128 0.029403901855955733 0.9818112071475241 0.1747750694676663 0.02657102944424266 0.9842497932368824 0.16214917555299677 0.023929211294944804 0.9864760705228918 0.14979185151533247 0.021476441927463164 0.988484275879867 0.13779126005693332 0.019209248922012215 0.9902749988805002 0.1262227921337547 0.017122831136124922 0.9918541301017215 0.11514875975281648 0.015211185816151787 0.9932317871239595 0.10461854547777964 0.013467294480281833 0.9944212346493286 0.09466907279175633 0.011883176351187979 0.9954378718817943 0.08532560563442165 0.010450275563720645 0.9962983151465035 0.07660248269485814 0.009159530908875812 0.9970196400465305 0.06850438488495436 0.008001600411005493 0.9976187265896709 0.061027330682746725 0.00696700055410532 0.9981117802195392 0.054159925190250154 0.006046270111399224 0.9985139684156283 0.04788453372292107 0.005230052730271425 0.9988391852438394 0.04217846586019662 0.004509285257436878 0.9990999166070165 0.03701503530178714 0.003875243266954636 0.9993071948361171 0.032364552758620685 0.0033195799000321734 0.9994706179343251 0.030014055505817133 0.0030717364128178774 0.9995447568305802 0.015529120830068632 0.11869817293610509 0.9928089393976445 0.030891324853954082 0.12328659245016513 0.9918901865482864 0.061330877203711075 0.12255085128295146 0.9905654003402539 0.09103030993528988 0.12133097423397184 0.9884291969405398 0.1196527584679513 0.1196527584679513 0.9855792382056454 0.14689926782270352 0.11755057968075437 0.9821417750660402 0.17251089866284003 0.11506289959189776 0.9782640333672931 0.19627626067453624 0.11223357401890338 0.9741043344316691 0.21803288311169405 0.10910897090803111 0.9698231252910979 0.23766139643632989 0.10573394731838806 0.9655761974222469 0.25508658005590507 0.10215320548268862 0.9615069210801314 0.2702683069132058 0.09840768793820198 0.9577426424843611 0.2831991998803532 0.09453598305178657 0.9543904657400766 0.2938979620773487 0.09057285967152068 0.9515358873829742 0.3024042515303008 0.08654905023794443 0.9492422928627381 0.3087758431601156 0.08249201861338132 0.9475508142288989 0.3130831022153277 0.07842524396488139 0.9464821457461707 0.31540839697055834 0.074369627615753 0.9460373679769509 0.3158434938822868 0.0703439416825407 0.9462000936592604 0.3144876270359361 0.06636420648402265 0.9469389233414434 0.3114476534822489 0.06244474374389528 0.948209371984458 0.30683727450951576 0.058598516613707845 0.9499563678518319 0.3007765707367511 0.054837274649969125 0.9521167616447072 0.29339153609134816 0.05117197620683108 0.9546218284750494 0.28481459212874716 0.04761273315899292 0.957399433753575 0.2751825561351406 0.04416854236591812 0.960376853461286 0.26463646915655087 0.04084774922246948 0.9634827453441043 0.25332038970311 0.03765803149495777 0.966649188084586 0.2413799708385919 0.03460631485238249 0.969813442188908 0.22895993389024127 0.03169822154567184 0.9729196120049272 0.21620275537900713 0.028938317491526245 0.9759195368201646 0.20324683522109835 0.026330337976234627 0.9787734351087922 0.19022355080482792 0.023876494937774308 0.9814504132704258 0.17725612523561501 0.021577693584884 0.9839281829513843 0.16445780460818218 0.01943362891387331 0.98619266097994 0.15193059312877674 0.017442815075750212 0.9882372402787558 0.13976384163016545 0.015602412624844002 0.9900619340693096 0.12803413035840927 0.013908605815312308 0.99167223019889 0.11680477610522956 0.01235654119929758 0.9930780232029089 0.10612603532871372 0.010940497631808589 0.9942924972748094 0.09603555358157921 0.009654086879749788 0.9953310861491256 0.08655906387733182 0.008490371667706203 0.9962105410251509 0.07771127761476763 0.007442043359003149 0.9969481297049126 0.06949707447801502 0.006501521972525391 0.9975609689893835 0.06191251060299889 0.005661103598227274 0.9980655253723995 0.054946128053417205 0.00491313286581478 0.9984772326585021 0.048580130934724144 0.004250049969908291 0.9988102462197804 0.04279153580970071 0.0036644770983793092 0.9990773023498444 0.037553311928031366 0.003149316497055878 0.9992896629950884 0.032835397774381506 0.0026978253520802374 0.9994571318427659 0.0304811671158792 0.0025166760072297483 0.9995321729654971 0.015735921153025512 0.08894917468364082 0.9959118560939844 0.03132118789676455 0.09381143647554058 0.9950971799654199 0.06219802824769484 0.09324993536956644 0.9936980702586027 0.09231639248096937 0.09231639248096937 0.9914410559173951 0.1213309742339718 0.09103030993528988 0.9884291969405397 0.1489359113177291 0.08941794913549074 0.9847956766214808 0.17486929599373977 0.08751137885526007 0.9806949005116244 0.1989160440394937 0.08534389219258467 0.9762934126015081 0.22091287574614207 0.08295099666944529 0.9717595553845175 0.24074198509649652 0.08036821003833104 0.9672560402639174 0.2583288246150738 0.07762980875301183 0.9629329318109155 0.27363736831927665 0.074768316646343 0.9589224627075813 0.286662385315125 0.07181262010148769 0.955336393339855 0.2974264189407429 0.06878944748357037 0.952263375979036 0.3059722621293419 0.06572230342170644 0.9497692107245836 0.3123608778894697 0.06263205070855744 0.9478965704063712 0.31666589610905965 0.05953678760704325 0.9466668269052634 0.3189717228281146 0.05645210126925992 0.9460814977042673 0.31937209705037345 0.053391626017199614 0.9461240922293895 0.31796816907234815 0.05036761134798777 0.9467625611439632 0.31486853875056214 0.04739095491060459 0.9479514231740711 0.31018769104694915 0.04447082736529504 0.9496346359713342 0.30404668291140124 0.04161620503736021 0.9517477113651822 0.29657224620077505 0.038835021894572073 0.9542204901687424 0.28789755923612165 0.03613466889074185 0.9569792479934142 0.27816023448356025 0.03352199987582611 0.9599495609022257 0.2675019196152789 0.031003232525223613 0.9630584211641201 0.25606731987441633 0.028583978535968158 0.9662362464032224 0.24400275561403365 0.0262692651728669 0.9694186819739116 0.23145417583737635 0.02406352045130275 0.9725481538057283 0.2185648921677435 0.021970070076763566 0.9755750631973557 0.20547417947400565 0.019991580579575202 0.9784583273064901 0.1923147277908747 0.018129858349771974 0.9811658135661572 0.17921090542898085 0.0163856330943396 0.9836742155833011 0.16627701874794956 0.014758633100730653 0.985968628195285 0.15361605242933882 0.013247723730134024 0.9880418038990035 0.1413185751254559 0.011850877275416297 0.989893235168477 0.12946189526096696 0.010565078540224994 0.9915281119518887 0.11811023360067469 0.009386744325593038 0.9929561227716761 0.10731453099175006 0.008311604359968453 0.9941903784844148 0.09711298805063433 0.007334793691291428 0.9952463355136675 0.08753169242816049 0.006451056286955697 0.9961408468150698 0.07858566919539717 0.005654868432264116 0.9968913256018057 0.07027995895943483 0.004940492909655709 0.9975150720156913 0.06261068389080085 0.004302104728346743 0.9980287541737625 0.05556626893381901 0.0037338824884107745 0.9984480196176149 0.04912882220022422 0.003230113443726033 0.9987872271892345 0.04327515248919662 0.0027852098973159723 0.9990593094420694 0.037977969254977914 0.002393789950433553 0.9992757095121151 0.033206869925183846 0.002050706114257762 0.999446395958385 0.030856771053343467 0.001937967470682587 0.999521937709345 0.01588126323481211 0.05811778796711461 0.9981834040895872 0.03162902942206895 0.06320048575648825 0.9974995253622739 0.06282596847595746 0.06282596847595746 0.9960450769769991 0.09324993536956645 0.06219802824769484 0.9936980702586027 0.12255085128295146 0.061330877203711075 0.9905654003402539 0.1504175068365751 0.060242379827501254 0.986785401852798 0.17658396416549146 0.05895368529969384 0.9825184815509505 0.200834928024306 0.05748894347050568 0.977936783777007 0.22300564230737704 0.05587213974279618 0.9732146667100922 0.24297950928609516 0.05412734485068412 0.9685201023244192 0.2606823970101262 0.05227750223911772 0.9640081693889808 0.27608100513109113 0.05034526596352994 0.9598148950713714 0.28917284021429435 0.048350583274390686 0.9560550661857424 0.29998259557491747 0.04631129515214702 0.9528198708535974 0.30855565629833565 0.04424317533215277 0.9501767984974332 0.3149551957396525 0.042160265399517165 0.9481696771665077 0.319256956981349 0.04007464482701968 0.9468204783701064 0.32154718586300673 0.03799711916652316 0.9461308716021406 0.3219216099579051 0.03593692473196856 0.9460840419766731 0.3204820768621619 0.033901535682171836 0.9466477297751819 0.31733836823990386 0.03189840197894495 0.9477757392938609 0.31260596205187424 0.0299339164843085 0.9494111191330827 0.30640646610626265 0.028013874518565556 0.9514884657013608 0.2988673201980175 0.026143278736275477 0.9539365041209886 0.29012188016899015 0.024327063388991935 0.9566804527291639 0.2803084056473964 0.022569944791694226 0.9596446192812809 0.2695689925621455 0.020875982737801765 0.9627547723038099 0.25804892302311666 0.019248890408056194 0.9659400776159297 0.2458949373953188 0.017691973622367605 0.9691350132116255 0.23325370306681323 0.016208156057069153 0.9722808265531357 0.22026927650537015 0.014799721190478638 0.9753268242391804 0.20708154227015874 0.013468523328807307 0.97823097156569 0.19382402305681765 0.012215680514359945 0.9809602567054596 0.18062191172957248 0.0110416999451253 0.9834906231710988 0.16759033003346896 0.00994646137579609 0.9858065475464103 0.15483297189739534 0.008929176980557287 0.9879003090453359 0.14244115805871102 0.007988564491940537 0.9897710337892554 0.13049304102553677 0.0071226750584806285 0.9914236398956396 0.11905317047471005 0.006328951868298338 0.9928677086944505 0.10817306622503225 0.005604618101664808 0.9941162789127885 0.09789136110651504 0.00494645649262043 0.9951848139862668 0.08823443847564523 0.004350931275633286 0.996090233494899 0.0792175155509017 0.0038143260678720125 0.9968500570028527 0.07084574295317156 0.00333278170357093 0.9974817157580029 0.06311528484764996 0.00290241492864376 0.9980020224459377 0.05601451569108982 0.002519308522182295 0.9984267760414194 0.0495254663924999 0.0021796195353514613 0.9987704828624474 0.043624776930667256 0.001879574756975882 0.9990462181683499 0.03828498762651505 0.0016155760478131452 0.99926555511359 0.03347546671238755 0.0013841600925979568 0.9994385810189769 0.03113735794856595 0.001340924789925464 0.9995142154370246 0.015962561023021966 0.02656596012755722 0.9995196078157182 0.03180894602630113 0.03180894602630113 0.9989876785553422 0.06320048575648825 0.03162902942206895 0.9974995253622739 0.09381143647554056 0.03132118789676455 0.9950971799654199 0.12328659245016514 0.03089132485395409 0.9918901865482864 0.1513123665299413 0.03034951388999857 0.9880199768940654 0.17762168055471184 0.02970649035804546 0.9836503764181291 0.20199662849669447 0.02897297204232759 0.9789575726082326 0.22427266719667377 0.028162254815731563 0.9741194270479282 0.24433424312460747 0.027287121257931066 0.9693070672651573 0.26210808699275945 0.026358462656488852 0.964678486429226 0.2775609286902638 0.02538759958704383 0.9603725322247645 0.2906929436935603 0.02438502439653664 0.9565056105804884 0.3015299358410905 0.023359655428452746 0.9531705116556701 0.31011927865946737 0.022319681839809154 0.9504356184436173 0.3165249447543457 0.021272022765168305 0.948345643948311 0.3208246334812854 0.020223108721268993 0.9469226897826699 0.323105114322061 0.019177738631774275 0.9461687478668377 0.3234632913729881 0.018140991247200186 0.9460668071392858 0.3220022563334607 0.017116934832686066 0.94658415233834 0.31883180311616155 0.01610879543408823 0.947674410349546 0.3140680253654648 0.015119781915555554 0.9492800786058159 0.3078330600161131 0.014153142612745593 0.9513351122056305 0.3002549702672893 0.01321127610969371 0.9537674847746398 0.29146684396924366 0.01229640012112983 0.9565018961877021 0.2816073227504391 0.011411079658140087 0.9594618820121859 0.2708190310692461 0.010557368184627332 0.9625723839731373 0.25924743041758125 0.009737136207128115 0.9657618536680589 0.24703963608917714 0.008952038652221871 0.9689640236896808 0.23434258439527744 0.008203470659460168 0.9721194660164365 0.22130075061778848 0.007492668559930579 0.975176823808818 0.20805443289967754 0.006820633557023707 0.9780934678795654 0.19473776052593753 0.006187956625965299 0.9808358240899125 0.18147632925223472 0.005594880243423883 0.9833793974027503 0.1683857835238318 0.0050413858470474944 0.98570827953092 0.15557027816774327 0.004527075215649406 0.9878144532961657 0.14312144158617196 0.004051275333602568 0.9896968425363736 0.13111797155904567 0.00361315290160928 0.991360188155824 0.11962482605213322 0.0032114534984688235 0.9928139742965065 0.10869366833846475 0.002844689289677861 0.9940712218980957 0.09836343808156373 0.002511304205268045 0.9951473897870421 0.08866074251913629 0.002209567491680075 0.9960594312326223 0.07960088634944001 0.0019375780619818323 0.9968249318128221 0.07118909654060938 0.0016934192767982348 0.9974614001879395 0.0634215480028664 0.001475146678924626 0.9979857369678165 0.056286639429494974 0.0012807805911225934 0.9984138289420933 0.04976629717365197 0.0011083727365480823 0.9987602751288722 0.043837106753609065 0.0009560474757416087 0.9990382345259349 0.03847146464905995 0.0008219826956667853 0.9992593611031144 0.03363863826462853 0.0007044269619463312 0.999433812615101 0.031320260151766935 0.000731104344505932 0.9995091329199864 0.015983311478310506 0.015983311478310506 0.9997445011143471 0.02656596012755722 0.015962561023021966 0.9995196078157182 0.0581177879671146 0.015881263234812114 0.9981834040895872 0.08894917468364082 0.015735921153025516 0.9959118560939844 0.11869817293610506 0.015529120830068636 0.9928089393976445 0.14704132872456338 0.015264784901470197 0.9890125550208283 0.1737038074710378 0.014949476159480144 0.9846844674476295 0.1984591528070231 0.014588046485649592 0.9800005885543391 0.22113246925837649 0.014186517369658104 0.9751405917941338 0.24160100444743737 0.013751831005007925 0.9702782290631894 0.2597859633502491 0.013289825155578213 0.9655747686189389 0.27564693356036374 0.012806059889074605 0.9611736434426851 0.2891801260363339 0.012306050877295659 0.9571955995602024 0.3004079535427424 0.011793608426034486 0.9537378949420826 0.3093750093271855 0.01127345806215881 0.9508732895329034 0.31614301001750594 0.010748730296280028 0.9486506533039911 0.3207883342970512 0.01022316210370833 0.9470957351479968 0.3233968762179019 0.009699094606905354 0.9462137115981302 0.3240636530470763 0.009178475080120672 0.9459907527925354 0.3228916698525436 0.00866415689532013 0.9463962710858118 0.31998958285821333 0.008157739385926599 0.9473859393881344 0.31547286287888254 0.0076603919127814476 0.9489036785589696 0.309462168826052 0.007173825663810442 0.9508846945296897 0.3020853913978366 0.006699737516901249 0.953257326130369 0.2934747425410399 0.006238942236708561 0.955946468736737 0.2837677558005207 0.005792597722522698 0.9588755427997739 0.27310692140902265 0.00536191011062136 0.9619687413832383 0.2616372574985795 0.004947750745703008 0.9651535967146267 0.24950596254825044 0.004551174420590882 0.9683625671535763 0.23686025175186567 0.0041728617444234395 0.9715347695089994 0.2238453740663223 0.003813321213646819 0.9746172105449554 0.21060248316934957 0.0034731697382864193 0.9775656147670462 0.19726723721715653 0.0031527165764012217 0.9803446830063899 0.18396696366374315 0.0028520514129972683 0.9829282893899638 0.1708191828093202 0.0025712531216917685 0.9852990385876463 0.15793032043225905 0.0023101741090209684 0.9874475565738923 0.145394269239293 0.0020684624235502162 0.9893716328739036 0.13329197788030633 0.0018457063192166823 0.9910750940271574 0.12169102381425873 0.0016413873430822941 0.9925666731109943 0.11064525188729964 0.0014547179073441652 0.9938588994573657 0.10019575674429611 0.0012848560284431593 0.9949669137591581 0.0903712200736877 0.0011310447914955589 0.995907507412246 0.08118881181980146 0.0009923379577699285 0.9966982452581455 0.07265535979810389 0.0008677413142251453 0.997356729419128 0.06476845299791419 0.0007562757665095308 0.9979000328405757 0.057517706645398195 0.0006569812470333435 0.9983442701783264 0.050885979280933 0.0005688211617683633 0.9987043073678546 0.04485064255289322 0.0004908840612289692 0.9989935830101369 0.03938463316972317 0.00042225762578575264 0.9992240351235472 0.03445766908268606 0.0003620608691084836 0.9994060926136659 0.03139538713003913 0.00031778930667074654 0.9995069928104113
          </float_array>
          <technique_common>
            <accessor source="#terrain_normals_array" count="2601" stride="3">
              <param name="X" type="float"/>
              <param name="Y" type="float"/>
              <param name="Z" type="float"/>
            </accessor>
          </technique_common>
        </source>

        <vertices id="terrain_vertices">
          <input semantic="POSITION" source="#terrain_positions"/>
        </vertices>

        <triangles count="5000" material="terrain_material">
          <input semantic="VERTEX" source="#terrain_vertices" offset="0"/>
          <input semantic="NORMAL" source="#terrain_normals" offset="1"/>
          <p>0 0 52 52 1 1 0 0 51 51 52 52 1 1 53 53 2 2 1 1 52 52 53 53 2 2 54 54 3 3 2 2 53 53 54 54 3 3 55 55 4 4 3 3 54 54 55 55 4 4 56 56 5 5 4 4 55 55 56 56 5 5 57 57 6 6 5 5 56 56 57 57 6 6 58 58 7 7 6 6 57 57 58 58 7 7 59 59 8 8 7 7 58 58 59 59 8 8 60 60 9 9 8 8 59 59 60 60 9 9 61 61 10 10 9 9 60 60 61 61 10 10 62 62 11 11 10 10 61 61 62 62 11 11 63 63 12 12 11 11 62 62 63 63 12 12 64 64 13 13 12 12 63 63 64 64 13 13 65 65 14 14 13 13 64 64 65 65 14 14 66 66 15 15 14 14 65 65 66 66 15 15 67 67 16 16 15 15 66 66 67 67 16 16 68 68 17 17 16 16 67 67 68 68 17 17 69 69 18 18 17 17 68 68 69 69 18 18 70 70 19 19 18 18 69 69 70 70 19 19 71 71 20 20 19 19 70 70 71 71 20 20 72 72 21 21 20 20 71 71 72 72 21 21 73 73 22 22 21 21 72 72 73 73 22 22 74 74 23 23 22 22 73 73 74 74 23 23 75 75 24 24 23 23 74 74 75 75 24 24 76 76 25 25 24 24 75 75 76 76 25 25 77 77 26 26 25 25 76 76 77 77 26 26 78 78 27 27 26 26 77 77 78 78 27 27 79 79 28 28 27 27 78 78 79 79 28 28 80 80 29 29 28 28 79 79 80 80 29 29 81 81 30 30 29 29 80 80 81 81 30 30 82 82 31 31 30 30 81 81 82 82 31 31 83 83 32 32 31 31 82 82 83 83 32 32 84 84 33 33 32 32 83 83 84 84 33 33 85 85 34 34 33 33 84 84 85 85 34 34 86 86 35 35 34 34 85 85 86 86 35 35 87 87 36 36 35 35 86 86 87 87 36 36 88 88 37 37 36 36 87 87 88 88 37 37 89 89 38 38 37 37 88 88 89 89 38 38 90 90 39 39 38 38 89 89 90 90 39 39 91 91 40 40 39 39 90 90 91 91 40 40 92 92 41 41 40 40 91 91 92 92 41 41 93 93 42 42 41 41 92 92 93 93 42 42 94 94 43 43 42 42 93 93 94 94 43 43 95 95 44 44 43 43 94 94 95 95 44 44 96 96 45 45 44 44 95 95 96 96 45 45 97 97 46 46 45 45 96 96 97 97 46 46 98 98 47 47 46 46 97 97 98 98 47 47 99 99 48 48 47 47 98 98 99 99 48 48 100 100 49 49 48 48 99 99 100 100 49 49 101 101 50 50 49 49 100 100 101 101 51 51 103 103 52 52 51 51 102 102 103 103 52 52 104 104 53 53 52 52 103 103 104 104 53 53 105 105 54 54 53 53 104 104 105 105 54 54 106 106 55 55 54 54 105 105 106 106 55 55 107 107 56 56 55 55 106 106 107 107 56 56 108 108 57 57 56 56 107 107 108 108 57 57 109 109 58 58 57 57 108 108 109 109 58 58 110 110 59 59 58 58 109 109 110 110 59 59 111 111 60 60 59 59 110 110 111 111 60 60 112 112 61 61 60 60 111 111 112 112 61 61 113 113 62 62 61 61 112 112 113 113 62 62 114 114 63 63 62 62 113 113 114 114 63 63 115 115 64 64 63 63 114 114 115 115 64 64 116 116 65 65 64 64 115 115 116 116 65 65 117 117 66 66 65 65 116 116 117 117 66 66 118 118 67 67 66 66 117 117 118 118 67 67 119 119 68 68 67 67 118 118 119 119 68 68 120 120 69 69 68 68 119 119 120 120 69 69 121 121 70 70 69 69 120 120 121 121 70 70 122 122 71 71 70 70 121 121 122 122 71 71 123 123 72 72 71 71 122 122 123 123 72 72 124 124 73 73 72 72 123 123 124 124 73 73 125 125 74 74 73 73 124 124 125 125 74 74 126 126 75 75 74 74 125 125 126 126 75 75 127 127 76 76 75 75 126 126 127 127 76 76 128 128 77 77 76 76 127 127 128 128 77 77 129 129 78 78 77 77 128 128 129 129 78 78 130 130 79 79 78 78 129 129 130 130 79 79 131 131 80 80 79 79 130 130 131 131 80 80 132 132 81 81 80 80 131 131 132 132 81 81 133 133 82 82 81 81 132 132 133 133 82 82 134 134 83 83 82 82 133 133 134 134 83 83 135 135 84 84 83 83 134 134 135 135 84 84 136 136 85 85 84 84 135 135 136 136 85 85 137 137 86 86 85 85 136 136 137 137 86 86 138 138 87 87 86 86 137 137 138 138 87 87 139 139 88 88 87 87 138 138 139 139 88 88 140 140 89 89 88 88 139 139 140 140 89 89 141 141 90 90 89 89 140 140 141 141 90 90 142 142 91 91 90 90 141 141 142 142 91 91 143 143 92 92 91 91 142 142 143 143 92 92 144 144 93 93 92 92 143 143 144 144 93 93 145 145 94 94 93 93 144 144 145 145 94 94 146 146 95 95 94 94 145 145 146 146 95 95 147 147 96 96 95 95 146 146 147 147 96 96 148 148 97 97 96 96 147 147 148 148 97 97 149 149 98 98 97 97 148 148 149 149 98 98 150 150 99 99 98 98 149 149 150 150 99 99 151 151 100 100 99 99 150 150 151 151 100 100 152 152 101 101 100 100 151 151 152 152 102 102 154 154 103 103 102 102 153 153 154 154 103 103 155 155 104 104 103 103 154 154 155 155 104 104 156 156 105 105 104 104 155 155 156 156 105 105 157 157 106 106 105 105 156 156 157 157 106 106 158 158 107 107 106 106 157 157 158 158 107 107 159 159 108 108 107 107 158 158 159 159 108 108 160 160 109 109 108 108 159 159 160 160 109 109 161 161 110 110 109 109 160 160 161 161 110 110 162 162 111 111 110 110 161 161 162 162 111 111 163 163 112 112 111 111 162 162 163 163 112 112 164 164 113 113 112 112 163 163 164 164 113 113 165 165 114 114 113 113 164 164 165 165 114 114 166 166 115 115 114 114 165 165 166 166 115 115 167 167 116 116 115 115 166 166 167 167 116 116 168 168 117 117 116 116 167 167 168 168 117 117 169 169 118 118 117 117 168 168 169 169 118 118 170 170 119 119 118 118 169 169 170 170 119 119 171 171 120 120 119 119 170 170 171 171 120 120 172 172 121 121 120 120 171 171 172 172 121 121 173 173 122 122 121 121 172 172 173 173 122 122 174 174 123 123 122 122 173 173 174 174 123 123 175 175 124 124 123 123 174 174 175 175 124 124 176 176 125 125 124 124 175 175 176 176 125 125 177 177 126 126 125 125 176 176 177 177 126 126 178 178 127 127 126 126 177 177 178 178 127 127 179 179 128 128 127 127 178 178 179 179 128 128 180 180 129 129 128 128 179 179 180 180 129 129 181 181 130 130 129 129 180 180 181 181 130 130 182 182 131 131 130 130 181 181 182 182 131 131 183 183 132 132 131 131 182 182 183 183 132 132 184 184 133 133 132 132 183 183 184 184 133 133 185 185 134 134 133 133 184 184 185 185 134 134 186 186 135 135 134 134 185 185 186 186 135 135 187 187 136 136 135 135 186 186 187 187 136 136 188 188 137 137 136 136 187 187 188 188 137 137 189 189 138 138 137 137 188 188 189 189 138 138 190 190 139 139 138 138 189 189 190 190 139 139 191 191 140 140 139 139 190 190 191 191 140 140 192 192 141 141 140 140 191 191 192 192 141 141 193 193 142 142 141 141 192 192 193 193 142 142 194 194 143 143 142 142 193 193 194 194 143 143 195 195 144 144 143 143 194 194 195 195 144 144 196 196 145 145 144 144 195 195 196 196 145 145 197 197 146 146 145 145 196 196 197 197 146 146 198 198 147 147 146 146 197 197 198 198 147 147 199 199 148 148 147 147 198 198 199 199 148 148 200 200 149 149 148 148 199 199 200 200 149 149 201 201 150 150 149 149 200 200 201 201 150 150 202 202 151 151 150 150 201 201 202 202 151 151 203 203 152 152 151 151 202 202 203 203 153 153 205 205 154 154 153 153 204 204 205 205 154 154 206 206 155 155 154 154 205 205 206 206 155 155 207 207 156 156 155 155 206 206 207 207 156 156 208 208 157 157 156 156 207 207 208 208 157 157 209 209 158 158 157 157 208 208 209 209 158 158 210 210 159 159 158 158 209 209 210 210 159 159 211 211 160 160 159 159 210 210 211 211 160 160 212 212 161 161 160 160 211 211 212 212 161 161 213 213 162 162 161 161 212 212 213 213 162 162 214 214 163 163 162 162 213 213 214 214 163 163 215 215 164 164 163 163 214 214 215 215 164 164 216 216 165 165 164 164 215 215 216 216 165 165 217 217 166 166 165 165 216 216 217 217 166 166 218 218 167 167 166 166 217 217 218 218 167 167 219 219 168 168 167 167 218 218 219 219 168 168 220 220 169 169 168 168 219 219 220 220 169 169 221 221 170 170 169 169 220 220 221 221 170 170 222 222 171 171 170 170 221 221 222 222 171 171 223 223 172 172 171 171 222 222 223 223 172 172 224 224 173 173 172 172 223 223 224 224 173 173 225 225 174 174 173 173 224 224 225 225 174 174 226 226 175 175 174 174 225 225 226 226 175 175 227 227 176 176 175 175 226 226 227 227 176 176 228 228 177 177 176 176 227 227 228 228 177 177 229 229 178 178 177 177 228 228 229 229 178 178 230 230 179 179 178 178 229 229 230 230 179 179 231 231 180 180 179 179 230 230 231 231 180 180 232 232 181 181 180 180 231 231 232 232 181 181 233 233 182 182 181 181 232 232 233 233 182 182 234 234 183 183 182 182 233 233 234 234 183 183 235 235 184 184 183 183 234 234 235 235 184 184 236 236 185 185 184 184 235 235 236 236 185 185 237 237 186 186 185 185 236 236 237 237 186 186 238 238 187 187 186 186 237 237 238 238 187 187 239 239 188 188 187 187 238 238 239 239 188 188 240 240 189 189 188 188 239 239 240 240 189 189 241 241 190 190 189 189 240 240 241 241 190 190 242 242 191 191 190 190 241 241 242 242 191 191 243 243 192 192 191 191 242 242 243 243 192 192 244 244 193 193 192 192 243 243 244 244 193 193 245 245 194 194 193 193 244 244 245 245 194 194 246 246 195 195 194 194 245 245 246 246 195 195 247 247 196 196 195 195 246 246 247 247 196 196 248 248 197 197 196 196 247 247 248 248 197 197 249 249 198 198 197 197 248 248 249 249 198 198 250 250 199 199 198 198 249 249 250 250 199 199 251 251 200 200 199 199 250 250 251 251 200 200 252 252 201 201 200 200 251 251 252 252 201 201 253 253 202 202 201 201 252 252 253 253 202 202 254 254 203 203 202 202 253 253 254 254 204 204 256 256 205 205 204 204 255 255 256 256 205 205 257 257 206 206 205 205 256 256 257 257 206 206 258 258 207 207 206 206 257 257 258 258 207 207 259 259 208 208 207 207 258 258 259 259 208 208 260 260 209 209 208 208 259 259 260 260 209 209 261 261 210 210 209 209 260 260 261 261 210 210 262 262 211 211 210 210 261 261 262 262 211 211 263 263 212 212 211 211 262 262 263 263 212 212 264 264 213 213 212 212 263 263 264 264 213 213 265 265 214 214 213 213 264 264 265 265 214 214 266 266 215 215 214 214 265 265 266 266 215 215 267 267 216 216 215 215 266 266 267 267 216 216 268 268 217 217 216 216 267 267 268 268 217 217 269 269 218 218 217 217 268 268 269 269 218 218 270 270 219 219 218 218 269 269 270 270 219 219 271 271 220 220 219 219 270 270 271 271 220 220 272 272 221 221 220 220 271 271 272 272 221 221 273 273 222 222 221 221 272 272 273 273 222 222 274 274 223 223 222 222 273 273 274 274 223 223 275 275 224 224 223 223 274 274 275 275 224 224 276 276 225 225 224 224 275 275 276 276 225 225 277 277 226 226 225 225 276 276 277 277 226 226 278 278 227 227 226 226 277 277 278 278 227 227 279 279 228 228 227 227 278 278 279 279 228 228 280 280 229 229 228 228 279 279 280 280 229 229 281 281 230 230 229 229 280 280 281 281 230 230 282 282 231 231 230 230 281 281 282 282 231 231 283 283 232 232 231 231 282 282 283 283 232 232 284 284 233 233 232 232 283 283 284 284 233 233 285 285 234 234 233 233 284 284 285 285 234 234 286 286 235 235 234 234 285 285 286 286 235 235 287 287 236 236 235 235 286 286 287 287 236 236 288 288 237 237 236 236 287 287 288 288 237 237 289 289 238 238 237 237 288 288 289 289 238 238 290 290 239 239 238 238 289 289 290 290 239 239 291 291 240 240 239 239 290 290 291 291 240 240 292 292 241 241 240 240 291 291 292 292 241 241 293 293 242 242 241 241 292 292 293 293 242 242 294 294 243 243 242 242 293 293 294 294 243 243 295 295 244 244 243 243 294 294 295 295 244 244 296 296 245 245 244 244 295 295 296 296 245 245 297 297 246 246 245 245 296 296 297 297 246 246 298 298 247 247 246 246 297 297 298 298 247 247 299 299 248 248 247 247 298 298 299 299 248 248 300 300 249 249 248 248 299 299 300 300 249 249 301 301 250 250 249 249 300 300 301 301 250 250 302 302 251 251 250 250 301 301 302 302 251 251 303 303 252 252 251 251 302 302 303 303 252 252 304 304 253 253 252 252 303 303 304 304 253 253 305 305 254 254 253 253 304 304 305 305 255 255 307 307 256 256 255 255 306 306 307 307 256 256 308 308 257 257 256 256 307 307 308 308 257 257 309 309 258 258 257 257 308 308 309 309 258 258 310 310 259 259 258 258 309 309 310 310 259 259 311 311 260 260 259 259 310 310 311 311 260 260 312 312 261 261 260 260 311 311 312 312 261 261 313 313 262 262 261 261 312 312 313 313 262 262 314 314 263 263 262 262 313 313 314 314 263 263 315 315 264 264 263 263 314 314 315 315 264 264 316 316 265 265 264 264 315 315 316 316 265 265 317 317 266 266 265 265 316 316 317 317 266 266 318 318 267 267 266 266 317 317 318 318 267 267 319 319 268 268 267 267 318 318 319 319 268 268 320 320 269 269 268 268 319 319 320 320 269 269 321 321 270 270 269 269 320 320 321 321 270 270 322 322 271 271 270 270 321 321 322 322 271 271 323 323 272 272 271 271 322 322 323 323 272 272 324 324 273 273 272 272 323 323 324 324 273 273 325 325 274 274 273 273 324 324 325 325 274 274 326 326 275 275 274 274 325 325 326 326 275 275 327 327 276 276 275 275 326 326 327 327 276 276 328 328 277 277 276 276 327 327 328 328 277 277 329 329 278 278 277 277 328 328 329 329 278 278 330 330 279 279 278 278 329 329 330 330 279 279 331 331 280 280 279 279 330 330 331 331 280 280 332 332 281 281 280 280 331 331 332 332 281 281 333 333 282 282 281 281 332 332 333 333 282 282 334 334 283 283 282 282 333 333 334 334 283 283 335 335 284 284 283 283 334 334 335 335 284 284 336 336 285 285 284 284 335 335 336 336 285 285 337 337 286 286 285 285 336 336 337 337 286 286 338 338 287 287 286 286 337 337 338 338 287 287 339 339 288 288 287 287 338 338 339 339 288 288 340 340 289 289 288 288 339 339 340 340 289 289 341 341 290 290 289 289 340 340 341 341 290 290 342 342 291 291 290 290 341 341 342 342 291 291 343 343 292 292 291 291 342 342 343 343 292 292 344 344 293 293 292 292 343 343 344 344 293 293 345 345 294 294 293 293 344 344 345 345 294 294 346 346 295 295 294 294 345 345 346 346 295 295 347 347 296 296 295 295 346 346 347 347 296 296 348 348 297 297 296 296 347 347 348 348 297 297 349 349 298 298 297 297 348 348 349 349 298 298 350 350 299 299 298 298 349 349 350 350 299 299 351 351 300 300 299 299 350 350 351 351 300 300 352 352 301 301 300 300 351 351 352 352 301 301 353 353 302 302 301 301 352 352 353 353 302 302 354 354 303 303 302 302 353 353 354 354 303 303 355 355 304 304 303 303 354 354 355 355 304 304 356 356 305 305 304 304 355 355 356 356 306 306 358 358 307 307 306 306 357 357 358 358 307 307 359 359 308 308 307 307 358 358 359 359 308 308 360 360 309 309 308 308 359 359 360 360 309 309 361 361 310 310 309 309 360 360 361 361 310 310 362 362 311 311 310 310 361 361 362 362 311 311 363 363 312 312 311 311 362 362 363 363 312 312 364 364 313 313 312 312 363 363 364 364 313 313 365 365 314 314 313 313 364 364 365 365 314 314 366 366 315 315 314 314 365 365 366 366 315 315 367 367 316 316 315 315 366 366 367 367 316 316 368 368 317 317 316 316 367 367 368 368 317 317 369 369 318 318 317 317 368 368 369 369 318 318 370 370 319 319 318 318 369 369 370 370 319 319 371 371 320 320 319 319 370 370 371 371 320 320 372 372 321 321 320 320 371 371 372 372 321 321 373 373 322 322 321 321 372 372 373 373 322 322 374 374 323 323 322 322 373 373 374 374 323 323 375 375 324 324 323 323 374 374 375 375 324 324 376 376 325 325 324 324 375 375 376 376 325 325 377 377 326 326 325 325 376 376 377 377 326 326 378 378 327 327 326 326 377 377 378 378 327 327 379 379 328 328 327 327 378 378 379 379 328 328 380 380 329 329 328 328 379 379 380 380 329 329 381 381 330 330 329 329 380 380 381 381 330 330 382 382 331 331 330 330 381 381 382 382 331 331 383 383 332 332 331 331 382 382 383 383 332 332 384 384 333 333 332 332 383 383 384 384 333 333 385 385 334 334 333 333 384 384 385 385 334 334 386 386 335 335 334 334 385 385 386 386 335 335 387 387 336 336 335 335 386 386 387 387 336 336 388 388 337 337 336 336 387 387 388 388 337 337 389 389 338 338 337 337 388 388 389 389 338 338 390 390 339 339 338 338 389 389 390 390 339 339 391 391 340 340 339 339 390 390 391 391 340 340 392 392 341 341 340 340 391 391 392 392 341 341 393 393 342 342 341 341 392 392 393 393 342 342 394 394 343 343 342 342 393 393 394 394 343 343 395 395 344 344 343 343 394 394 395 395 344 344 396 396 345 345 344 344 395 395 396 396 345 345 397 397 346 346 345 345 396 396 397 397 346 346 398 398 347 347 346 346 397 397 398 398 347 347 399 399 348 348 347 347 398 398 399 399 348 348 400 400 349 349 348 348 399 399 400 400 349 349 401 401 350 350 349 349 400 400 401 401 350 350 402 402 351 351 350 350 401 401 402 402 351 351 403 403 352 352 351 351 402 402 403 403 352 352 404 404 353 353 352 352 403 403 404 404 353 353 405 405 354 354 353 353 404 404 405 405 354 354 406 406 355 355 354 354 405 405 406 406 355 355 407 407 356 356 355 355 406 406 407 407 357 357 409 409 358 358 357 357 408 408 409 409 358 358 410 410 359 359 358 358 409 409 410 410 359 359 411 411 360 360 359 359 410 410 411 411 360 360 412 412 361 361 360 360 411 411 412 412 361 361 413 413 362 362 361 361 412 412 413 413 362 362 414 414 363 363 362 362 413 413 414 414 363 363 415 415 364 364 363 363 414 414 415 415 364 364 416 416 365 365 364 364 415 415 416 416 365 365 417 417 366 366 365 365 416 416 417 417 366 366 418 418 367 367 366 366 417 417 418 418 367 367 419 419 368 368 367 367 418 418 419 419 368 368 420 420 369 369 368 368 419 419 420 420 369 369 421 421 370 370 369 369 420 420 421 421 370 370 422 422 371 371 370 370 421 421 422 422 371 371 423 423 372 372 371 371 422 422 423 423 372 372 424 424 373 373 372 372 423 423 424 424 373 373 425 425 374 374 373 373 424 424 425 425 374 374 426 426 375 375 374 374 425 425 426 426 375 375 427 427 376 376 375 375 426 426 427 427 376 376 428 428 377 377 376 376 427 427 428 428 377 377 429 429 378 378 377 377 428 428 429 429 378 378 430 430 379 379 378 378 429 429 430 430 379 379 431 431 380 380 379 379 430 430 431 431 380 380 432 432 381 381 380 380 431 431 432 432 381 381 433 433 382 382 381 381 432 432 433 433 382 382 434 434 383 383 382 382 433 433 434 434 383 383 435 435 384 384 383 383 434 434 435 435 384 384 436 436 385 385 384 384 435 435 436 436 385 385 437 437 386 386 385 385 436 436 437 437 386 386 438 438 387 387 386 386 437 437 438 438 387 387 439 439 388 388 387 387 438 438 439 439 388 388 440 440 389 389 388 388 439 439 440 440 389 389 441 441 390 390 389 389 440 440 441 441 390 390 442 442 391 391 390 390 441 441 442 442 391 391 443 443 392 392 391 391 442 442 443 443 392 392 444 444 393 393 392 392 443 443 444 444 393 393 445 445 394 394 393 393 444 444 445 445 394 394 446 446 395 395 394 394 445 445 446 446 395 395 447 447 396 396 395 395 446 446 447 447 396 396 448 448 397 397 396 396 447 447 448 448 397 397 449 449 398 398 397 397 448 448 449 449 398 398 450 450 399 399 398 398 449 449 450 450 399 399 451 451 400 400 399 399 450 450 451 451 400 400 452 452 401 401 400 400 451 451 452 452 401 401 453 453 402 402 401 401 452 452 453 453 402 402 454 454 403 403 402 402 453 453 454 454 403 403 455 455 404 404 403 403 454 454 455 455 404 404 456 456 405 405 404 404 455 455 456 456 405 405 457 457 406 406 405 405 456 456 457 457 406 406 458 458 407 407 406 406 457 457 458 458 408 408 460 460 409 409 408 408 459 459 460 460 409 409 461 461 410 410 409 409 460 460 461 461 410 410 462 462 411 411 410 410 461 461 462 462 411 411 463 463 412 412 411 411 462 462 463 463 412 412 464 464 413 413 412 412 463 463 464 464 413 413 465 465 414 414 413 413 464 464 465 465 414 414 466 466 415 415 414 414 465 465 466 466 415 415 467 467 416 416 415 415 466 466 467 467 416 416 468 468 417 417 416 416 467 467 468 468 417 417 469 469 418 418 417 417 468 468 469 469 418 418 470 470 419 419 418 418 469 469 470 470 419 419 471 471 420 420 419 419 470 470 471 471 420 420 472 472 421 421 420 420 471 471 472 472 421 421 473 473 422 422 421 421 472 472 473 473 422 422 474 474 423 423 422 422 473 473 474 474 423 423 475 475 424 424 423 423 474 474 475 475 424 424 476 476 425 425 424 424 475 475 476 476 425 425 477 477 426 426 425 425 476 476 477 477 426 426 478 478 427 427 426 426 477 477 478 478 427 427 479 479 428 428 427 427 478 478 479 479 428 428 480 480 429 429 428 428 479 479 480 480 429 429 481 481 430 430 429 429 480 480 481 481 430 430 482 482 431 431 430 430 481 481 482 482 431 431 483 483 432 432 431 431 482 482 483 483 432 432 484 484 433 433 432 432 483 483 484 484 433 433 485 485 434 434 433 433 484 484 485 485 434 434 486 486 435 435 434 434 485 485 486 486 435 435 487 487 436 436 435 435 486 486 487 487 436 436 488 488 437 437 436 436 487 487 488 488 437 437 489 489 438 438 437 437 488 488 489 489 438 438 490 490 439 439 438 438 489 489 490 490 439 439 491 491 440 440 439 439 490 490 491 491 440 440 492 492 441 441 440 440 491 491 492 492 441 441 493 493 442 442 441 441 492 492 493 493 442 442 494 494 443 443 442 442 493 493 494 494 443 443 495 495 444 444 443 443 494 494 495 495 444 444 496 496 445 445 444 444 495 495 496 496 445 445 497 497 446 446 445 445 496 496 497 497 446 446 498 498 447 447 446 446 497 497 498 498 447 447 499 499 448 448 447 447 498 498 499 499 448 448 500 500 449 449 448 448 499 499 500 500 449 449 501 501 450 450 449 449 500 500 501 501 450 450 502 502 451 451 450 450 501 501 502 502 451 451 503 503 452 452 451 451 502 502 503 503 452 452 504 504 453 453 452 452 503 503 504 504 453 453 505 505 454 454 453 453 504 504 505 505 454 454 506 506 455 455 454 454 505 505 506 506 455 455 507 507 456 456 455 455 506 506 507 507 456 456 508 508 457 457 456 456 507 507 508 508 457 457 509 509 458 458 457 457 508 508 509 509 459 459 511 511 460 460 459 459 510 510 511 511 460 460 512 512 461 461 460 460 511 511 512 512 461 461 513 513 462 462 461 461 512 512 513 513 462 462 514 514 463 463 462 462 513 513 514 514 463 463 515 515 464 464 463 463 514 514 515 515 464 464 516 516 465 465 464 464 515 515 516 516 465 465 517 517 466 466 465 465 516 516 517 517 466 466 518 518 467 467 466 466 517 517 518 518 467 467 519 519 468 468 467 467 518 518 519 519 468 468 520 520 469 469 468 468 519 519 520 520 469 469 521 521 470 470 469 469 520 520 521 521 470 470 522 522 471 471 470 470 521 521 522 522 471 471 523 523 472 472 471 471 522 522 523 523 472 472 524 524 473 473 472 472 523 523 524 524 473 473 525 525 474 474 473 473 524 524 525 525 474 474 526 526 475 475 474 474 525 525 526 526 475 475 527 527 476 476 475 475 526 526 527 527 476 476 528 528 477 477 476 476 527 527 528 528 477 477 529 529 478 478 477 477 528 528 529 529 478 478 530 530 479 479 478 478 529 529 530 530 479 479 531 531 480 480 479 479 530 530 531 531 480 480 532 532 481 481 480 480 531 531 532 532 481 481 533 533 482 482 481 481 532 532 533 533 482 482 534 534 483 483 482 482 533 533 534 534 483 483 535 535 484 484 483 483 534 534 535 535 484 484 536 536 485 485 484 484 535 535 536 536 485 485 537 537 486 486 485 485 536 536 537 537 486 486 538 538 487 487 486 486 537 537 538 538 487 487 539 539 488 488 487 487 538 538 539 539 488 488 540 540 489 489 488 488 539 539 540 540 489 489 541 541 490 490 489 489 540 540 541 541 490 490 542 542 491 491 490 490 541 541 542 542 491 491 543 543 492 492 491 491 542 542 543 543 492 492 544 544 493 493 492 492 543 543 544 544 493 493 545 545 494 494 493 493 544 544 545 545 494 494 546 546 495 495 494 494 545 545 546 546 495 495 547 547 496 496 495 495 546 546 547 547 496 496 548 548 497 497 496 496 547 547 548 548 497 497 549 549 498 498 497 497 548 548 549 549 498 498 550 550 499 499 498 498 549 549 550 550 499 499 551 551 500 500 499 499 550 550 551 551 500 500 552 552 501 501 500 500 551 551 552 552 501 501 553 553 502 502 501 501 552 552 553 553 502 502 554 554 503 503 502 502 553 553 554 554 503 503 555 555 504 504 503 503 554 554 555 555 504 504 556 556 505 505 504 504 555 555 556 556 505 505 557 557 506 506 505 505 556 556 557 557 506 506 558 558 507 507 506 506 557 557 558 558 507 507 559 559 508 508 507 507 558 558 559 559 508 508 560 560 509 509 508 508 559 559 560 560 510 510 562 562 511 511 510 510 561 561 562 562 511 511 563 563 512 512 511 511 562 562 563 563 512 512 564 564 513 513 512 512 563 563 564 564 513 513 565 565 514 514 513 513 564 564 565 565 514 514 566 566 515 515 514 514 565 565 566 566 515 515 567 567 516 516 515 515 566 566 567 567 516 516 568 568 517 517 516 516 567 567 568 568 517 517 569 569 518 518 517 517 568 568 569 569 518 518 570 570 519 519 518 518 569 569 570 570 519 519 571 571 520 520 519 519 570 570 571 571 520 520 572 572 521 521 520 520 571 571 572 572 521 521 573 573 522 522 521 521 572 572 573 573 522 522 574 574 523 523 522 522 573 573 574 574 523 523 575 575 524 524 523 523 574 574 575 575 524 524 576 576 525 525 524 524 575 575 576 576 525 525 577 577 526 526 525 525 576 576 577 577 526 526 578 578 527 527 526 526 577 577 578 578 527 527 579 579 528 528 527 527 578 578 579 579 528 528 580 580 529 529 528 528 579 579 580 580 529 529 581 581 530 530 529 529 580 580 581 581 530 530 582 582 531 531 530 530 581 581 582 582 531 531 583 583 532 532 531 531 582 582 583 583 532 532 584 584 533 533 532 532 583 583 584 584 533 533 585 585 534 534 533 533 584 584 585 585 534 534 586 586 535 535 534 534 585 585 586 586 535 535 587 587 536 536 535 535 586 586 587 587 536 536 588 588 537 537 536 536 587 587 588 588 537 537 589 589 538 538 537 537 588 588 589 589 538 538 590 590 539 539 538 538 589 589 590 590 539 539 591 591 540 540 539 539 590 590 591 591 540 540 592 592 541 541 540 540 591 591 592 592 541 541 593 593 542 542 541 541 592 592 593 593 542 542 594 594 543 543 542 542 593 593 594 594 543 543 595 595 544 544 543 543 594 594 595 595 544 544 596 596 545 545 544 544 595 595 596 596 545 545 597 597 546 546 545 545 596 596 597 597 546 546 598 598 547 547 546 546 597 597 598 598 547 547 599 599 548 548 547 547 598 598 599 599 548 548 600 600 549 549 548 548 599 599 600 600 549 549 601 601 550 550 549 549 600 600 601 601 550 550 602 602 551 551 550 550 601 601 602 602 551 551 603 603 552 552 551 551 602 602 603 603 552 552 604 604 553 553 552 552 603 603 604 604 553 553 605 605 554 554 553 553 604 604 605 605 554 554 606 606 555 555 554 554 605 605 606 606 555 555 607 607 556 556 555 555 606 606 607 607 556 556 608 608 557 557 556 556 607 607 608 608 557 557 609 609 558 558 557 557 608 608 609 609 558 558 610 610 559 559 558 558 609 609 610 610 559 559 611 611 560 560 559 559 610 610 611 611 561 561 613 613 562 562 561 561 612 612 613 613 562 562 614 614 563 563 562 562 613 613 614 614 563 563 615 615 564 564 563 563 614 614 615 615 564 564 616 616 565 565 564 564 615 615 616 616 565 565 617 617 566 566 565 565 616 616 617 617 566 566 618 618 567 567 566 566 617 617 618 618 567 567 619 619 568 568 567 567 618 618 619 619 568 568 620 620 569 569 568 568 619 619 620 620 569 569 621 621 570 570 569 569 620 620 621 621 570 570 622 622 571 571 570 570 621 621 622 622 571 571 623 623 572 572 571 571 622 622 623 623 572 572 624 624 573 573 572 572 623 623 624 624 573 573 625 625 574 574 573 573 624 624 625 625 574 574 626 626 575 575 574 574 625 625 626 626 575 575 627 627 576 576 575 575 626 626 627 627 576 576 628 628 577 577 576 576 627 627 628 628 577 577 629 629 578 578 577 577 628 628 629 629 578 578 630 630 579 579 578 578 629 629 630 630 579 579 631 631 580 580 579 579 630 630 631 631 580 580 632 632 581 581 580 580 631 631 632 632 581 581 633 633 582 582 581 581 632 632 633 633 582 582 634 634 583 583 582 582 633 633 634 634 583 583 635 635 584 584 583 583 634 634 635 635 584 584 636 636 585 585 584 584 635 635 636 636 585 585 637 637 586 586 585 585 636 636 637 637 586 586 638 638 587 587 586 586 637 637 638 638 587 587 639 639 588 588 587 587 638 638 639 639 588 588 640 640 589 589 588 588 639 639 640 640 589 589 641 641 590 590 589 589 640 640 641 641 590 590 642 642 591 591 590 590 641 641 642 642 591 591 643 643 592 592 591 591 642 642 643 643 592 592 644 644 593 593 592 592 643 643 644 644 593 593 645 645 594 594 593 593 644 644 645 645 594 594 646 646 595 595 594 594 645 645 646 646 595 595 647 647 596 596 595 595 646 646 647 647 596 596 648 648 597 597 596 596 647 647 648 648 597 597 649 649 598 598 597 597 648 648 649 649 598 598 650 650 599 599 598 598 649 649 650 650 599 599 651 651 600 600 599 599 650 650 651 651 600 600 652 652 601 601 600 600 651 651 652 652 601 601 653 653 602 602 601 601 652 652 653 653 602 602 654 654 603 603 602 602 653 653 654 654 603 603 655 655 604 604 603 603 654 654 655 655 604 604 656 656 605 605 604 604 655 655 656 656 605 605 657 657 606 606 605 605 656 656 657 657 606 606 658 658 607 607 606 606 657 657 658 658 607 607 659 659 608 608 607 607 658 658 659 659 608 608 660 660 609 609 608 608 659 659 660 660 609 609 661 661 610 610 609 609 660 660 661 661 610 610 662 662 611 611 610 610 661 661 662 662 612 612 664 664 613 613 612 612 663 663 664 664 613 613 665 665 614 614 613 613 664 664 665 665 614 614 666 666 615 615 614 614 665 665 666 666 615 615 667 667 616 616 615 615 666 666 667 667 616 616 668 668 617 617 616 616 667 667 668 668 617 617 669 669 618 618 617 617 668 668 669 669 618 618 670 670 619 619 618 618 669 669 670 670 619 619 671 671 620 620 619 619 670 670 671 671 620 620 672 672 621 621 620 620 671 671 672 672 621 621 673 673 622 622 621 621 672 672 673 673 622 622 674 674 623 623 622 622 673 673 674 674 623 623 675 675 624 624 623 623 674 674 675 675 624 624 676 676 625 625 624 624 675 675 676 676 625 625 677 677 626 626 625 625 676 676 677 677 626 626 678 678 627 627 626 626 677 677 678 678 627 627 679 679 628 628 627 627 678 678 679 679 628 628 680 680 629 629 628 628 679 679 680 680 629 629 681 681 630 630 629 629 680 680 681 681 630 630 682 682 631 631 630 630 681 681 682 682 631 631 683 683 632 632 631 631 682 682 683 683 632 632 684 684 633 633 632 632 683 683 684 684 633 633 685 685 634 634 633 633 684 684 685 685 634 634 686 686 635 635 634 634 685 685 686 686 635 635 687 687 636 636 635 635 686 686 687 687 636 636 688 688 637 637 636 636 687 687 688 688 637 637 689 689 638 638 637 637 688 688 689 689 638 638 690 690 639 639 638 638 689 689 690 690 639 639 691 691 640 640 639 639 690 690 691 691 640 640 692 692 641 641 640 640 691 691 692 692 641 641 693 693 642 642 641 641 692 692 693 693 642 642 694 694 643 643 642 642 693 693 694 694 643 643 695 695 644 644 643 643 694 694 695 695 644 644 696 696 645 645 644 644 695 695 696 696 645 645 697 697 646 646 645 645 696 696 697 697 646 646 698 698 647 647 646 646 697 697 698 698 647 647 699 699 648 648 647 647 698 698 699 699 648 648 700 700 649 649 648 648 699 699 700 700 649 649 701 701 650 650 649 649 700 700 701 701 650 650 702 702 651 651 650 650 701 701 702 702 651 651 703 703 652 652 651 651 702 702 703 703 652 652 704 704 653 653 652 652 703 703 704 704 653 653 705 705 654 654 653 653 704 704 705 705 654 654 706 706 655 655 654 654 705 705 706 706 655 655 707 707 656 656 655 655 706 706 707 707 656 656 708 708 657 657 656 656 707 707 708 708 657 657 709 709 658 658 657 657 708 708 709 709 658 658 710 710 659 659 658 658 709 709 710 710 659 659 711 711 660 660 659 659 710 710 711 711 660 660 712 712 661 661 660 660 711 711 712 712 661 661 713 713 662 662 661 661 712 712 713 713 663 663 715 715 664 664 663 663 714 714 715 715 664 664 716 716 665 665 664 664 715 715 716 716 665 665 717 717 666 666 665 665 716 716 717 717 666 666 718 718 667 667 666 666 717 717 718 718 667 667 719 719 668 668 667 667 718 718 719 719 668 668 720 720 669 669 668 668 719 719 720 720 669 669 721 721 670 670 669 669 720 720 721 721 670 670 722 722 671 671 670 670 721 721 722 722 671 671 723 723 672 672 671 671 722 722 723 723 672 672 724 724 673 673 672 672 723 723 724 724 673 673 725 725 674 674 673 673 724 724 725 725 674 674 726 726 675 675 674 674 725 725 726 726 675 675 727 727 676 676 675 675 726 726 727 727 676 676 728 728 677 677 676 676 727 727 728 728 677 677 729 729 678 678 677 677 728 728 729 729 678 678 730 730 679 679 678 678 729 729 730 730 679 679 731 731 680 680 679 679 730 730 731 731 680 680 732 732 681 681 680 680 731 731 732 732 681 681 733 733 682 682 681 681 732 732 733 733 682 682 734 734 683 683 682 682 733 733 734 734 683 683 735 735 684 684 683 683 734 734 735 735 684 684 736 736 685 685 684 684 735 735 736 736 685 685 737 737 686 686 685 685 736 736 737 737 686 686 738 738 687 687 686 686 737 737 738 738 687 687 739 739 688 688 687 687 738 738 739 739 688 688 740 740 689 689 688 688 739 739 740 740 689 689 741 741 690 690 689 689 740 740 741 741 690 690 742 742 691 691 690 690 741 741 742 742 691 691 743 743 692 692 691 691 742 742 743 743 692 692 744 744 693 693 692 692 743 743 744 744 693 693 745 745 694 694 693 693 744 744 745 745 694 694 746 746 695 695 694 694 745 745 746 746 695 695 747 747 696 696 695 695 746 746 747 747 696 696 748 748 697 697 696 696 747 747 748 748 697 697 749 749 698 698 697 697 748 748 749 749 698 698 750 750 699 699 698 698 749 749 750 750 699 699 751 751 700 700 699 699 750 750 751 751 700 700 752 752 701 701 700 700 751 751 752 752 701 701 753 753 702 702 701 701 752 752 753 753 702 702 754 754 703 703 702 702 753 753 754 754 703 703 755 755 704 704 703 703 754 754 755 755 704 704 756 756 705 705 704 704 755 755 756 756 705 705 757 757 706 706 705 705 756 756 757 757 706 706 758 758 707 707 706 706 757 757 758 758 707 707 759 759 708 708 707 707 758 758 759 759 708 708 760 760 709 709 708 708 759 759 760 760 709 709 761 761 710 710 709 709 760 760 761 761 710 710 762 762 711 711 710 710 761 761 762 762 711 711 763 763 712 712 711 711 762 762 763 763 712 712 764 764 713 713 712 712 763 763 764 764 714 714 766 766 715 715 714 714 765 765 766 766 715 715 767 767 716 716 715 715 766 766 767 767 716 716 768 768 717 717 716 716 767 767 768 768 717 717 769 769 718 718 717 717 768 768 769 769 718 718 770 770 719 719 718 718 769 769 770 770 719 719 771 771 720 720 719 719 770 770 771 771 720 720 772 772 721 721 720 720 771 771 772 772 721 721 773 773 722 722 721 721 772 772 773 773 722 722 774 774 723 723 722 722 773 773 774 774 723 723 775 775 724 724 723 723 774 774 775 775 724 724 776 776 725 725 724 724 775 775 776 776 725 725 777 777 726 726 725 725 776 776 777 777 726 726 778 778 727 727 726 726 777 777 778 778 727 727 779 779 728 728 727 727 778 778 779 779 728 728 780 780 729 729 728 728 779 779 780 780 729 729 781 781 730 730 729 729 780 780 781 781 730 730 782 782 731 731 730 730 781 781 782 782 731 731 783 783 732 732 731 731 782 782 783 783 732 732 784 784 733 733 732 732 783 783 784 784 733 733 785 785 734 734 733 733 784 784 785 785 734 734 786 786 735 735 734 734 785 785 786 786 735 735 787 787 736 736 735 735 786 786 787 787 736 736 788 788 737 737 736 736 787 787 788 788 737 737 789 789 738 738 737 737 788 788 789 789 738 738 790 790 739 739 738 738 789 789 790 790 739 739 791 791 740 740 739 739 790 790 791 791 740 740 792 792 741 741 740 740 791 791 792 792 741 741 793 793 742 742 741 741 792 792 793 793 742 742 794 794 743 743 742 742 793 793 794 794 743 743 795 795 744 744 743 743 794 794 795 795 744 744 796 796 745 745 744 744 795 795 796 796 745 745 797 797 746 746 745 745 796 796 797 797 746 746 798 798 747 747 746 746 797 797 798 798 747 747 799 799 748 748 747 747 798 798 799 799 748 748 800 800 749 749 748 748 799 799 800 800 749 749 801 801 750 750 749 749 800 800 801 801 750 750 802 802 751 751 750 750 801 801 802 802 751 751 803 803 752 752 751 751 802 802 803 803 752 752 804 804 753 753 752 752 803 803 804 804 753 753 805 805 754 754 753 753 804 804 805 805 754 754 806 806 755 755 754 754 805 805 806 806 755 755 807 807 756 756 755 755 806 806 807 807 756 756 808 808 757 757 756 756 807 807 808 808 757 757 809 809 758 758 757 757 808 808 809 809 758 758 810 810 759 759 758 758 809 809 810 810 759 759 811 811 760 760 759 759 810 810 811 811 760 760 812 812 761 761 760 760 811 811 812 812 761 761 813 813 762 762 761 761 812 812 813 813 762 762 814 814 763 763 762 762 813 813 814 814 763 763 815 815 764 764 763 763 814 814 815 815 765 765 817 817 766 766 765 765 816 816 817 817 766 766 818 818 767 767 766 766 817 817 818 818 767 767 819 819 768 768 767 767 818 818 819 819 768 768 820 820 769 769 768 768 819 819 820 820 769 769 821 821 770 770 769 769 820 820 821 821 770 770 822 822 771 771 770 770 821 821 822 822 771 771 823 823 772 772 771 771 822 822 823 823 772 772 824 824 773 773 772 772 823 823 824 824 773 773 825 825 774 774 773 773 824 824 825 825 774 774 826 826 775 775 774 774 825 825 826 826 775 775 827 827 776 776 775 775 826 826 827 827 776 776 828 828 777 777 776 776 827 827 828 828 777 777 829 829 778 778 777 777 828 828 829 829 778 778 830 830 779 779 778 778 829 829 830 830 779 779 831 831 780 780 779 779 830 830 831 831 780 780 832 832 781 781 780 780 831 831 832 832 781 781 833 833 782 782 781 781 832 832 833 833 782 782 834 834 783 783 782 782 833 833 834 834 783 783 835 835 784 784 783 783 834 834 835 835 784 784 836 836 785 785 784 784 835 835 836 836 785 785 837 837 786 786 785 785 836 836 837 837 786 786 838 838 787 787 786 786 837 837 838 838 787 787 839 839 788 788 787 787 838 838 839 839 788 788 840 840 789 789 788 788 839 839 840 840 789 789 841 841 790 790 789 789 840 840 841 841 790 790 842 842 791 791 790 790 841 841 842 842 791 791 843 843 792 792 791 791 842 842 843 843 792 792 844 844 793 793 792 792 843 843 844 844 793 793 845 845 794 794 793 793 844 844 845 845 794 794 846 846 795 795 794 794 845 845 846 846 795 795 847 847 796 796 795 795 846 846 847 847 796 796 848 848 797 797 796 796 847 847 848 848 797 797 849 849 798 798 797 797 848 848 849 849 798 798 850 850 799 799 798 798 849 849 850 850 799 799 851 851 800 800 799 799 850 850 851 851 800 800 852 852 801 801 800 800 851 851 852 852 801 801 853 853 802 802 801 801 852 852 853 853 802 802 854 854 803 803 802 802 853 853 854 854 803 803 855 855 804 804 803 803 854 854 855 855 804 804 856 856 805 805 804 804 855 855 856 856 805 805 857 857 806 806 805 805 856 856 857 857 806 806 858 858 807 807 806 806 857 857 858 858 807 807 859 859 808 808 807 807 858 858 859 859 808 808 860 860 809 809 808 808 859 859 860 860 809 809 861 861 810 810 809 809 860 860 861 861 810 810 862 862 811 811 810 810 861 861 862 862 811 811 863 863 812 812 811 811 862 862 863 863 812 812 864 864 813 813 812 812 863 863 864 864 813 813 865 865 814 814 813 813 864 864 865 865 814 814 866 866 815 815 814 814 865 865 866 866 816 816 868 868 817 817 816 816 867 867 868 868 817 817 869 869 818 818 817 817 868 868 869 869 818 818 870 870 819 819 818 818 869 869 870 870 819 819 871 871 820 820 819 819 870 870 871 871 820 820 872 872 821 821 820 820 871 871 872 872 821 821 873 873 822 822 821 821 872 872 873 873 822 822 874 874 823 823 822 822 873 873 874 874 823 823 875 875 824 824 823 823 874 874 875 875 824 824 876 876 825 825 824 824 875 875 876 876 825 825 877 877 826 826 825 825 876 876 877 877 826 826 878 878 827 827 826 826 877 877 878 878 827 827 879 879 828 828 827 827 878 878 879 879 828 828 880 880 829 829 828 828 879 879 880 880 829 829 881 881 830 830 829 829 880 880 881 881 830 830 882 882 831 831 830 830 881 881 882 882 831 831 883 883 832 832 831 831 882 882 883 883 832 832 884 884 833 833 832 832 883 883 884 884 833 833 885 885 834 834 833 833 884 884 885 885 834 834 886 886 835 835 834 834 885 885 886 886 835 835 887 887 836 836 835 835 886 886 887 887 836 836 888 888 837 837 836 836 887 887 888 888 837 837 889 889 838 838 837 837 888 888 889 889 838 838 890 890 839 839 838 838 889 889 890 890 839 839 891 891 840 840 839 839 890 890 891 891 840 840 892 892 841 841 840 840 891 891 892 892 841 841 893 893 842 842 841 841 892 892 893 893 842 842 894 894 843 843 842 842 893 893 894 894 843 843 895 895 844 844 843 843 894 894 895 895 844 844 896 896 845 845 844 844 895 895 896 896 845 845 897 897 846 846 845 845 896 896 897 897 846 846 898 898 847 847 846 846 897 897 898 898 847 847 899 899 848 848 847 847 898 898 899 899 848 848 900 900 849 849 848 848 899 899 900 900 849 849 901 901 850 850 849 849 900 900 901 901 850 850 902 902 851 851 850 850 901 901 902 902 851 851 903 903 852 852 851 851 902 902 903 903 852 852 904 904 853 853 852 852 903 903 904 904 853 853 905 905 854 854 853 853 904 904 905 905 854 854 906 906 855 855 854 854 905 905 906 906 855 855 907 907 856 856 855 855 906 906 907 907 856 856 908 908 857 857 856 856 907 907 908 908 857 857 909 909 858 858 857 857 908 908 909 909 858 858 910 910 859 859 858 858 909 909 910 910 859 859 911 911 860 860 859 859 910 910 911 911 860 860 912 912 861 861 860 860 911 911 912 912 861 861 913 913 862 862 861 861 912 912 913 913 862 862 914 914 863 863 862 862 913 913 914 914 863 863 915 915 864 864 863 863 914 914 915 915 864 864 916 916 865 865 864 864 915 915 916 916 865 865 917 917 866 866 865 865 916 916 917 917 867 867 919 919 868 868 867 867 918 918 919 919 868 868 920 920 869 869 868 868 919 919 920 920 869 869 921 921 870 870 869 869 920 920 921 921 870 870 922 922 871 871 870 870 921 921 922 922 871 871 923 923 872 872 871 871 922 922 923 923 872 872 924 924 873 873 872 872 923 923 924 924 873 873 925 925 874 874 873 873 924 924 925 925 874 874 926 926 875 875 874 874 925 925 926 926 875 875 927 927 876 876 875 875 926 926 927 927 876 876 928 928 877 877 876 876 927 927 928 928 877 877 929 929 878 878 877 877 928 928 929 929 878 878 930 930 879 879 878 878 929 929 930 930 879 879 931 931 880 880 879 879 930 930 931 931 880 880 932 932 881 881 880 880 931 931 932 932 881 881 933 933 882 882 881 881 932 932 933 933 882 882 934 934 883 883 882 882 933 933 934 934 883 883 935 935 884 884 883 883 934 934 935 935 884 884 936 936 885 885 884 884 935 935 936 936 885 885 937 937 886 886 885 885 936 936 937 937 886 886 938 938 887 887 886 886 937 937 938 938 887 887 939 939 888 888 887 887 938 938 939 939 888 888 940 940 889 889 888 888 939 939 940 940 889 889 941 941 890 890 889 889 940 940 941 941 890 890 942 942 891 891 890 890 941 941 942 942 891 891 943 943 892 892 891 891 942 942 943 943 892 892 944 944 893 893 892 892 943 943 944 944 893 893 945 945 894 894 893 893 944 944 945 945 894 894 946 946 895 895 894 894 945 945 946 946 895 895 947 947 896 896 895 895 946 946 947 947 896 896 948 948 897 897 896 896 947 947 948 948 897 897 949 949 898 898 897 897 948 948 949 949 898 898 950 950 899 899 898 898 949 949 950 950 899 899 951 951 900 900 899 899 950 950 951 951 900 900 952 952 901 901 900 900 951 951 952 952 901 901 953 953 902 902 901 901 952 952 953 953 902 902 954 954 903 903 902 902 953 953 954 954 903 903 955 955 904 904 903 903 954 954 955 955 904 904 956 956 905 905 904 904 955 955 956 956 905 905 957 957 906 906 905 905 956 956 957 957 906 906 958 958 907 907 906 906 957 957 958 958 907 907 959 959 908 908 907 907 958 958 959 959 908 908 960 960 909 909 908 908 959 959 960 960 909 909 961 961 910 910 909 909 960 960 961 961 910 910 962 962 911 911 910 910 961 961 962 962 911 911 963 963 912 912 911 911 962 962 963 963 912 912 964 964 913 913 912 912 963 963 964 964 913 913 965 965 914 914 913 913 964 964 965 965 914 914 966 966 915 915 914 914 965 965 966 966 915 915 967 967 916 916 915 915 966 966 967 967 916 916 968 968 917 917 916 916 967 967 968 968 918 918 970 970 919 919 918 918 969 969 970 970 919 919 971 971 920 920 919 919 970 970 971 971 920 920 972 972 921 921 920 920 971 971 972 972 921 921 973 973 922 922 921 921 972 972 973 973 922 922 974 974 923 923 922 922 973 973 974 974 923 923 975 975 924 924 923 923 974 974 975 975 924 924 976 976 925 925 924 924 975 975 976 976 925 925 977 977 926 926 925 925 976 976 977 977 926 926 978 978 927 927 926 926 977 977 978 978 927 927 979 979 928 928 927 927 978 978 979 979 928 928 980 980 929 929 928 928 979 979 980 980 929 929 981 981 930 930 929 929 980 980 981 981 930 930 982 982 931 931 930 930 981 981 982 982 931 931 983 983 932 932 931 931 982 982 983 983 932 932 984 984 933 933 932 932 983 983 984 984 933 933 985 985 934 934 933 933 984 984 985 985 934 934 986 986 935 935 934 934 985 985 986 986 935 935 987 987 936 936 935 935 986 986 987 987 936 936 988 988 937 937 936 936 987 987 988 988 937 937 989 989 938 938 937 937 988 988 989 989 938 938 990 990 939 939 938 938 989 989 990 990 939 939 991 991 940 940 939 939 990 990 991 991 940 940 992 992 941 941 940 940 991 991 992 992 941 941 993 993 942 942 941 941 992 992 993 993 942 942 994 994 943 943 942 942 993 993 994 994 943 943 995 995 944 944 943 943 994 994 995 995 944 944 996 996 945 945 944 944 995 995 996 996 945 945 997 997 946 946 945 945 996 996 997 997 946 946 998 998 947 947 946 946 997 997 998 998 947 947 999 999 948 948 947 947 998 998 999 999 948 948 1000 1000 949 949 948 948 999 999 1000 1000 949 949 1001 1001 950 950 949 949 1000 1000 1001 1001 950 950 1002 1002 951 951 950 950 1001 1001 1002 1002 951 951 1003 1003 952 952 951 951 1002 1002 1003 1003 952 952 1004 1004 953 953 952 952 1003 1003 1004 1004 953 953 1005 1005 954 954 953 953 1004 1004 1005 1005 954 954 1006 1006 955 955 954 954 1005 1005 1006 1006 955 955 1007 1007 956 956 955 955 1006 1006 1007 1007 956 956 1008 1008 957 957 956 956 1007 1007 1008 1008 957 957 1009 1009 958 958 957 957 1008 1008 1009 1009 958 958 1010 1010 959 959 958 958 1009 1009 1010 1010 959 959 1011 1011 960 960 959 959 1010 1010 1011 1011 960 960 1012 1012 961 961 960 960 1011 1011 1012 1012 961 961 1013 1013 962 962 961 961 1012 1012 1013 1013 962 962 1014 1014 963 963 962 962 1013 1013 1014 1014 963 963 1015 1015 964 964 963 963 1014 1014 1015 1015 964 964 1016 1016 965 965 964 964 1015 1015 1016 1016 965 965 1017 1017 966 966 965 965 1016 1016 1017 1017 966 966 1018 1018 967 967 966 966 1017 1017 1018 1018 967 967 1019 1019 968 968 967 967 1018 1018 1019 1019 969 969 1021 1021 970 970 969 969 1020 1020 1021 1021 970 970 1022 1022 971 971 970 970 1021 1021 1022 1022 971 971 1023 1023 972 972 971 971 1022 1022 1023 1023 972 972 1024 1024 973 973 972 972 1023 1023 1024 1024 973 973 1025 1025 974 974 973 973 1024 1024 1025 1025 974 974 1026 1026 975 975 974 974 1025 1025 1026 1026 975 975 1027 1027 976 976 975 975 1026 1026 1027 1027 976 976 1028 1028 977 977 976 976 1027 1027 1028 1028 977 977 1029 1029 978 978 977 977 1028 1028 1029 1029 978 978 1030 1030 979 979 978 978 1029 1029 1030 1030 979 979 1031 1031 980 980 979 979 1030 1030 1031 1031 980 980 1032 1032 981 981 980 980 1031 1031 1032 1032 981 981 1033 1033 982 982 981 981 1032 1032 1033 1033 982 982 1034 1034 983 983 982 982 1033 1033 1034 1034 983 983 1035 1035 984 984 983 983 1034 1034 1035 1035 984 984 1036 1036 985 985 984 984 1035 1035 1036 1036 985 985 1037 1037 986 986 985 985 1036 1036 1037 1037 986 986 1038 1038 987 987 986 986 1037 1037 1038 1038 987 987 1039 1039 988 988 987 987 1038 1038 1039 1039 988 988 1040 1040 989 989 988 988 1039 1039 1040 1040 989 989 1041 1041 990 990 989 989 1040 1040 1041 1041 990 990 1042 1042 991 991 990 990 1041 1041 1042 1042 991 991 1043 1043 992 992 991 991 1042 1042 1043 1043 992 992 1044 1044 993 993 992 992 1043 1043 1044 1044 993 993 1045 1045 994 994 993 993 1044 1044 1045 1045 994 994 1046 1046 995 995 994 994 1045 1045 1046 1046 995 995 1047 1047 996 996 995 995 1046 1046 1047 1047 996 996 1048 1048 997 997 996 996 1047 1047 1048 1048 997 997 1049 1049 998 998 997 997 1048 1048 1049 1049 998 998 1050 1050 999 999 998 998 1049 1049 1050 1050 999 999 1051 1051 1000 1000 999 999 1050 1050 1051 1051 1000 1000 1052 1052 1001 1001 1000 1000 1051 1051 1052 1052 1001 1001 1053 1053 1002 1002 1001 1001 1052 1052 1053 1053 1002 1002 1054 1054 1003 1003 1002 1002 1053 1053 1054 1054 1003 1003 1055 1055 1004 1004 1003 1003 1054 1054 1055 1055 1004 1004 1056 1056 1005 1005 1004 1004 1055 1055 1056 1056 1005 1005 1057 1057 1006 1006 1005 1005 1056 1056 1057 1057 1006 1006 1058 1058 1007 1007 1006 1006 1057 1057 1058 1058 1007 1007 1059 1059 1008 1008 1007 1007 1058 1058 1059 1059 1008 1008 1060 1060 1009 1009 1008 1008 1059 1059 1060 1060 1009 1009 1061 1061 1010 1010 1009 1009 1060 1060 1061 1061 1010 1010 1062 1062 1011 1011 1010 1010 1061 1061 1062 1062 1011 1011 1063 1063 1012 1012 1011 1011 1062 1062 1063 1063 1012 1012 1064 1064 1013 1013 1012 1012 1063 1063 1064 1064 1013 1013 1065 1065 1014 1014 1013 1013 1064 1064 1065 1065 1014 1014 1066 1066 1015 1015 1014 1014 1065 1065 1066 1066 1015 1015 1067 1067 1016 1016 1015 1015 1066 1066 1067 1067 1016 1016 1068 1068 1017 1017 1016 1016 1067 1067 1068 1068 1017 1017 1069 1069 1018 1018 1017 1017 1068 1068 1069 1069 1018 1018 1070 1070 1019 1019 1018 1018 1069 1069 1070 1070 1020 1020 1072 1072 1021 1021 1020 1020 1071 1071 1072 1072 1021 1021 1073 1073 1022 1022 1021 1021 1072 1072 1073 1073 1022 1022 1074 1074 1023 1023 1022 1022 1073 1073 1074 1074 1023 1023 1075 1075 1024 1024 1023 1023 1074 1074 1075 1075 1024 1024 1076 1076 1025 1025 1024 1024 1075 1075 1076 1076 1025 1025 1077 1077 1026 1026 1025 1025 1076 1076 1077 1077 1026 1026 1078 1078 1027 1027 1026 1026 1077 1077 1078 1078 1027 1027 1079 1079 1028 1028 1027 1027 1078 1078 1079 1079 1028 1028 1080 1080 1029 1029 1028 1028 1079 1079 1080 1080 1029 1029 1081 1081 1030 1030 1029 1029 1080 1080 1081 1081 1030 1030 1082 1082 1031 1031 1030 1030 1081 1081 1082 1082 1031 1031 1083 1083 1032 1032 1031 1031 1082 1082 1083 1083 1032 1032 1084 1084 1033 1033 1032 1032 1083 1083 1084 1084 1033 1033 1085 1085 1034 1034 1033 1033 1084 1084 1085 1085 1034 1034 1086 1086 1035 1035 1034 1034 1085 1085 1086 1086 1035 1035 1087 1087 1036 1036 1035 1035 1086 1086 1087 1087 1036 1036 1088 1088 1037 1037 1036 1036 1087 1087 1088 1088 1037 1037 1089 1089 1038 1038 1037 1037 1088 1088 1089 1089 1038 1038 1090 1090 1039 1039 1038 1038 1089 1089 1090 1090 1039 1039 1091 1091 1040 1040 1039 1039 1090 1090 1091 1091 1040 1040 1092 1092 1041 1041 1040 1040 1091 1091 1092 1092 1041 1041 1093 1093 1042 1042 1041 1041 1092 1092 1093 1093 1042 1042 1094 1094 1043 1043 1042 1042 1093 1093 1094 1094 1043 1043 1095 1095 1044 1044 1043 1043 1094 1094 1095 1095 1044 1044 1096 1096 1045 1045 1044 1044 1095 1095 1096 1096 1045 1045 1097 1097 1046 1046 1045 1045 1096 1096 1097 1097 1046 1046 1098 1098 1047 1047 1046 1046 1097 1097 1098 1098 1047 1047 1099 1099 1048 1048 1047 1047 1098 1098 1099 1099 1048 1048 1100 1100 1049 1049 1048 1048 1099 1099 1100 1100 1049 1049 1101 1101 1050 1050 1049 1049 1100 1100 1101 1101 1050 1050 1102 1102 1051 1051 1050 1050 1101 1101 1102 1102 1051 1051 1103 1103 1052 1052 1051 1051 1102 1102 1103 1103 1052 1052 1104 1104 1053 1053 1052 1052 1103 1103 1104 1104 1053 1053 1105 1105 1054 1054 1053 1053 1104 1104 1105 1105 1054 1054 1106 1106 1055 1055 1054 1054 1105 1105 1106 1106 1055 1055 1107 1107 1056 1056 1055 1055 1106 1106 1107 1107 1056 1056 1108 1108 1057 1057 1056 1056 1107 1107 1108 1108 1057 1057 1109 1109 1058 1058 1057 1057 1108 1108 1109 1109 1058 1058 1110 1110 1059 1059 1058 1058 1109 1109 1110 1110 1059 1059 1111 1111 1060 1060 1059 1059 1110 1110 1111 1111 1060 1060 1112 1112 1061 1061 1060 1060 1111 1111 1112 1112 1061 1061 1113 1113 1062 1062 1061 1061 1112 1112 1113 1113 1062 1062 1114 1114 1063 1063 1062 1062 1113 1113 1114 1114 1063 1063 1115 1115 1064 1064 1063 1063 1114 1114 1115 1115 1064 1064 1116 1116 1065 1065 1064 1064 1115 1115 1116 1116 1065 1065 1117 1117 1066 1066 1065 1065 1116 1116 1117 1117 1066 1066 1118 1118 1067 1067 1066 1066 1117 1117 1118 1118 1067 1067 1119 1119 1068 1068 1067 1067 1118 1118 1119 1119 1068 1068 1120 1120 1069 1069 1068 1068 1119 1119 1120 1120 1069 1069 1121 1121 1070 1070 1069 1069 1120 1120 1121 1121 1071 1071 1123 1123 1072 1072 1071 1071 1122 1122 1123 1123 1072 1072 1124 1124 1073 1073 1072 1072 1123 1123 1124 1124 1073 1073 1125 1125 1074 1074 1073 1073 1124 1124 1125 1125 1074 1074 1126 1126 1075 1075 1074 1074 1125 1125 1126 1126 1075 1075 1127 1127 1076 1076 1075 1075 1126 1126 1127 1127 1076 1076 1128 1128 1077 1077 1076 1076 1127 1127 1128 1128 1077 1077 1129 1129 1078 1078 1077 1077 1128 1128 1129 1129 1078 1078 1130 1130 1079 1079 1078 1078 1129 1129 1130 1130 1079 1079 1131 1131 1080 1080 1079 1079 1130 1130 1131 1131 1080 1080 1132 1132 1081 1081 1080 1080 1131 1131 1132 1132 1081 1081 1133 1133 1082 1082 1081 1081 1132 1132 1133 1133 1082 1082 1134 1134 1083 1083 1082 1082 1133 1133 1134 1134 1083 1083 1135 1135 1084 1084 1083 1083 1134 1134 1135 1135 1084 1084 1136 1136 1085 1085 1084 1084 1135 1135 1136 1136 1085 1085 1137 1137 1086 1086 1085 1085 1136 1136 1137 1137 1086 1086 1138 1138 1087 1087 1086 1086 1137 1137 1138 1138 1087 1087 1139 1139 1088 1088 1087 1087 1138 1138 1139 1139 1088 1088 1140 1140 1089 1089 1088 1088 1139 1139 1140 1140 1089 1089 1141 1141 1090 1090 1089 1089 1140 1140 1141 1141 1090 1090 1142 1142 1091 1091 1090 1090 1141 1141 1142 1142 1091 1091 1143 1143 1092 1092 1091 1091 1142 1142 1143 1143 1092 1092 1144 1144 1093 1093 1092 1092 1143 1143 1144 1144 1093 1093 1145 1145 1094 1094 1093 1093 1144 1144 1145 1145 1094 1094 1146 1146 1095 1095 1094 1094 1145 1145 1146 1146 1095 1095 1147 1147 1096 1096 1095 1095 1146 1146 1147 1147 1096 1096 1148 1148 1097 1097 1096 1096 1147 1147 1148 1148 1097 1097 1149 1149 1098 1098 1097 1097 1148 1148 1149 1149 1098 1098 1150 1150 1099 1099 1098 1098 1149 1149 1150 1150 1099 1099 1151 1151 1100 1100 1099 1099 1150 1150 1151 1151 1100 1100 1152 1152 1101 1101 1100 1100 1151 1151 1152 1152 1101 1101 1153 1153 1102 1102 1101 1101 1152 1152 1153 1153 1102 1102 1154 1154 1103 1103 1102 1102 1153 1153 1154 1154 1103 1103 1155 1155 1104 1104 1103 1103 1154 1154 1155 1155 1104 1104 1156 1156 1105 1105 1104 1104 1155 1155 1156 1156 1105 1105 1157 1157 1106 1106 1105 1105 1156 1156 1157 1157 1106 1106 1158 1158 1107 1107 1106 1106 1157 1157 1158 1158 1107 1107 1159 1159 1108 1108 1107 1107 1158 1158 1159 1159 1108 1108 1160 1160 1109 1109 1108 1108 1159 1159 1160 1160 1109 1109 1161 1161 1110 1110 1109 1109 1160 1160 1161 1161 1110 1110 1162 1162 1111 1111 1110 1110 1161 1161 1162 1162 1111 1111 1163 1163 1112 1112 1111 1111 1162 1162 1163 1163 1112 1112 1164 1164 1113 1113 1112 1112 1163 1163 1164 1164 1113 1113 1165 1165 1114 1114 1113 1113 1164 1164 1165 1165 1114 1114 1166 1166 1115 1115 1114 1114 1165 1165 1166 1166 1115 1115 1167 1167 1116 1116 1115 1115 1166 1166 1167 1167 1116 1116 1168 1168 1117 1117 1116 1116 1167 1167 1168 1168 1117 1117 1169 1169 1118 1118 1117 1117 1168 1168 1169 1169 1118 1118 1170 1170 1119 1119 1118 1118 1169 1169 1170 1170 1119 1119 1171 1171 1120 1120 1119 1119 1170 1170 1171 1171 1120 1120 1172 1172 1121 1121 1120 1120 1171 1171 1172 1172 1122 1122 1174 1174 1123 1123 1122 1122 1173 1173 1174 1174 1123 1123 1175 1175 1124 1124 1123 1123 1174 1174 1175 1175 1124 1124 1176 1176 1125 1125 1124 1124 1175 1175 1176 1176 1125 1125 1177 1177 1126 1126 1125 1125 1176 1176 1177 1177 1126 1126 1178 1178 1127 1127 1126 1126 1177 1177 1178 1178 1127 1127 1179 1179 1128 1128 1127 1127 1178 1178 1179 1179 1128 1128 1180 1180 1129 1129 1128 1128 1179 1179 1180 1180 1129 1129 1181 1181 1130 1130 1129 1129 1180 1180 1181 1181 1130 1130 1182 1182 1131 1131 1130 1130 1181 1181 1182 1182 1131 1131 1183 1183 1132 1132 1131 1131 1182 1182 1183 1183 1132 1132 1184 1184 1133 1133 1132 1132 1183 1183 1184 1184 1133 1133 1185 1185 1134 1134 1133 1133 1184 1184 1185 1185 1134 1134 1186 1186 1135 1135 1134 1134 1185 1185 1186 1186 1135 1135 1187 1187 1136 1136 1135 1135 1186 1186 1187 1187 1136 1136 1188 1188 1137 1137 1136 1136 1187 1187 1188 1188 1137 1137 1189 1189 1138 1138 1137 1137 1188 1188 1189 1189 1138 1138 1190 1190 1139 1139 1138 1138 1189 1189 1190 1190 1139 1139 1191 1191 1140 1140 1139 1139 1190 1190 1191 1191 1140 1140 1192 1192 1141 1141 1140 1140 1191 1191 1192 1192 1141 1141 1193 1193 1142 1142 1141 1141 1192 1192 1193 1193 1142 1142 1194 1194 1143 1143 1142 1142 1193 1193 1194 1194 1143 1143 1195 1195 1144 1144 1143 1143 1194 1194 1195 1195 1144 1144 1196 1196 1145 1145 1144 1144 1195 1195 1196 1196 1145 1145 1197 1197 1146 1146 1145 1145 1196 1196 1197 1197 1146 1146 1198 1198 1147 1147 1146 1146 1197 1197 1198 1198 1147 1147 1199 1199 1148 1148 1147 1147 1198 1198 1199 1199 1148 1148 1200 1200 1149 1149 1148 1148 1199 1199 1200 1200 1149 1149 1201 1201 1150 1150 1149 1149 1200 1200 1201 1201 1150 1150 1202 1202 1151 1151 1150 1150 1201 1201 1202 1202 1151 1151 1203 1203 1152 1152 1151 1151 1202 1202 1203 1203 1152 1152 1204 1204 1153 1153 1152 1152 1203 1203 1204 1204 1153 1153 1205 1205 1154 1154 1153 1153 1204 1204 1205 1205 1154 1154 1206 1206 1155 1155 1154 1154 1205 1205 1206 1206 1155 1155 1207 1207 1156 1156 1155 1155 1206 1206 1207 1207 1156 1156 1208 1208 1157 1157 1156 1156 1207 1207 1208 1208 1157 1157 1209 1209 1158 1158 1157 1157 1208 1208 1209 1209 1158 1158 1210 1210 1159 1159 1158 1158 1209 1209 1210 1210 1159 1159 1211 1211 1160 1160 1159 1159 1210 1210 1211 1211 1160 1160 1212 1212 1161 1161 1160 1160 1211 1211 1212 1212 1161 1161 1213 1213 1162 1162 1161 1161 1212 1212 1213 1213 1162 1162 1214 1214 1163 1163 1162 1162 1213 1213 1214 1214 1163 1163 1215 1215 1164 1164 1163 1163 1214 1214 1215 1215 1164 1164 1216 1216 1165 1165 1164 1164 1215 1215 1216 1216 1165 1165 1217 1217 1166 1166 1165 1165 1216 1216 1217 1217 1166 1166 1218 1218 1167 1167 1166 1166 1217 1217 1218 1218 1167 1167 1219 1219 1168 1168 1167 1167 1218 1218 1219 1219 1168 1168 1220 1220 1169 1169 1168 1168 1219 1219 1220 1220 1169 1169 1221 1221 1170 1170 1169 1169 1220 1220 1221 1221 1170 1170 1222 1222 1171 1171 1170 1170 1221 1221 1222 1222 1171 1171 1223 1223 1172 1172 1171 1171 1222 1222 1223 1223 1173 1173 1225 1225 1174 1174 1173 1173 1224 1224 1225 1225 1174 1174 1226 1226 1175 1175 1174 1174 1225 1225 1226 1226 1175 1175 1227 1227 1176 1176 1175 1175 1226 1226 1227 1227 1176 1176 1228 1228 1177 1177 1176 1176 1227 1227 1228 1228 1177 1177 1229 1229 1178 1178 1177 1177 1228 1228 1229 1229 1178 1178 1230 1230 1179 1179 1178 1178 1229 1229 1230 1230 1179 1179 1231 1231 1180 1180 1179 1179 1230 1230 1231 1231 1180 1180 1232 1232 1181 1181 1180 1180 1231 1231 1232 1232 1181 1181 1233 1233 1182 1182 1181 1181 1232 1232 1233 1233 1182 1182 1234 1234 1183 1183 1182 1182 1233 1233 1234 1234 1183 1183 1235 1235 1184 1184 1183 1183 1234 1234 1235 1235 1184 1184 1236 1236 1185 1185 1184 1184 1235 1235 1236 1236 1185 1185 1237 1237 1186 1186 1185 1185 1236 1236 1237 1237 1186 1186 1238 1238 1187 1187 1186 1186 1237 1237 1238 1238 1187 1187 1239 1239 1188 1188 1187 1187 1238 1238 1239 1239 1188 1188 1240 1240 1189 1189 1188 1188 1239 1239 1240 1240 1189 1189 1241 1241 1190 1190 1189 1189 1240 1240 1241 1241 1190 1190 1242 1242 1191 1191 1190 1190 1241 1241 1242 1242 1191 1191 1243 1243 1192 1192 1191 1191 1242 1242 1243 1243 1192 1192 1244 1244 1193 1193 1192 1192 1243 1243 1244 1244 1193 1193 1245 1245 1194 1194 1193 1193 1244 1244 1245 1245 1194 1194 1246 1246 1195 1195 1194 1194 1245 1245 1246 1246 1195 1195 1247 1247 1196 1196 1195 1195 1246 1246 1247 1247 1196 1196 1248 1248 1197 1197 1196 1196 1247 1247 1248 1248 1197 1197 1249 1249 1198 1198 1197 1197 1248 1248 1249 1249 1198 1198 1250 1250 1199 1199 1198 1198 1249 1249 1250 1250 1199 1199 1251 1251 1200 1200 1199 1199 1250 1250 1251 1251 1200 1200 1252 1252 1201 1201 1200 1200 1251 1251 1252 1252 1201 1201 1253 1253 1202 1202 1201 1201 1252 1252 1253 1253 1202 1202 1254 1254 1203 1203 1202 1202 1253 1253 1254 1254 1203 1203 1255 1255 1204 1204 1203 1203 1254 1254 1255 1255 1204 1204 1256 1256 1205 1205 1204 1204 1255 1255 1256 1256 1205 1205 1257 1257 1206 1206 1205 1205 1256 1256 1257 1257 1206 1206 1258 1258 1207 1207 1206 1206 1257 1257 1258 1258 1207 1207 1259 1259 1208 1208 1207 1207 1258 1258 1259 1259 1208 1208 1260 1260 1209 1209 1208 1208 1259 1259 1260 1260 1209 1209 1261 1261 1210 1210 1209 1209 1260 1260 1261 1261 1210 1210 1262 1262 1211 1211 1210 1210 1261 1261 1262 1262 1211 1211 1263 1263 1212 1212 1211 1211 1262 1262 1263 1263 1212 1212 1264 1264 1213 1213 1212 1212 1263 1263 1264 1264 1213 1213 1265 1265 1214 1214 1213 1213 1264 1264 1265 1265 1214 1214 1266 1266 1215 1215 1214 1214 1265 1265 1266 1266 1215 1215 1267 1267 1216 1216 1215 1215 1266 1266 1267 1267 1216 1216 1268 1268 1217 1217 1216 1216 1267 1267 1268 1268 1217 1217 1269 1269 1218 1218 1217 1217 1268 1268 1269 1269 1218 1218 1270 1270 1219 1219 1218 1218 1269 1269 1270 1270 1219 1219 1271 1271 1220 1220 1219 1219 1270 1270 1271 1271 1220 1220 1272 1272 1221 1221 1220 1220 1271 1271 1272 1272 1221 1221 1273 1273 1222 1222 1221 1221 1272 1272 1273 1273 1222 1222 1274 1274 1223 1223 1222 1222 1273 1273 1274 1274 1224 1224 1276 1276 1225 1225 1224 1224 1275 1275 1276 1276 1225 1225 1277 1277 1226 1226 1225 1225 1276 1276 1277 1277 1226 1226 1278 1278 1227 1227 1226 1226 1277 1277 1278 1278 1227 1227 1279 1279 1228 1228 1227 1227 1278 1278 1279 1279 1228 1228 1280 1280 1229 1229 1228 1228 1279 1279 1280 1280 1229 1229 1281 1281 1230 1230 1229 1229 1280 1280 1281 1281 1230 1230 1282 1282 1231 1231 1230 1230 1281 1281 1282 1282 1231 1231 1283 1283 1232 1232 1231 1231 1282 1282 1283 1283 1232 1232 1284 1284 1233 1233 1232 1232 1283 1283 1284 1284 1233 1233 1285 1285 1234 1234 1233 1233 1284 1284 1285 1285 1234 1234 1286 1286 1235 1235 1234 1234 1285 1285 1286 1286 1235 1235 1287 1287 1236 1236 1235 1235 1286 1286 1287 1287 1236 1236 1288 1288 1237 1237 1236 1236 1287 1287 1288 1288 1237 1237 1289 1289 1238 1238 1237 1237 1288 1288 1289 1289 1238 1238 1290 1290 1239 1239 1238 1238 1289 1289 1290 1290 1239 1239 1291 1291 1240 1240 1239 1239 1290 1290 1291 1291 1240 1240 1292 1292 1241 1241 1240 1240 1291 1291 1292 1292 1241 1241 1293 1293 1242 1242 1241 1241 1292 1292 1293 1293 1242 1242 1294 1294 1243 1243 1242 1242 1293 1293 1294 1294 1243 1243 1295 1295 1244 1244 1243 1243 1294 1294 1295 1295 1244 1244 1296 1296 1245 1245 1244 1244 1295 1295 1296 1296 1245 1245 1297 1297 1246 1246 1245 1245 1296 1296 1297 1297 1246 1246 1298 1298 1247 1247 1246 1246 1297 1297 1298 1298 1247 1247 1299 1299 1248 1248 1247 1247 1298 1298 1299 1299 1248 1248 1300 1300 1249 1249 1248 1248 1299 1299 1300 1300 1249 1249 1301 1301 1250 1250 1249 1249 1300 1300 1301 1301 1250 1250 1302 1302 1251 1251 1250 1250 1301 1301 1302 1302 1251 1251 1303 1303 1252 1252 1251 1251 1302 1302 1303 1303 1252 1252 1304 1304 1253 1253 1252 1252 1303 1303 1304 1304 1253 1253 1305 1305 1254 1254 1253 1253 1304 1304 1305 1305 1254 1254 1306 1306 1255 1255 1254 1254 1305 1305 1306 1306 1255 1255 1307 1307 1256 1256 1255 1255 1306 1306 1307 1307 1256 1256 1308 1308 1257 1257 1256 1256 1307 1307 1308 1308 1257 1257 1309 1309 1258 1258 1257 1257 1308 1308 1309 1309 1258 1258 1310 1310 1259 1259 1258 1258 1309 1309 1310 1310 1259 1259 1311 1311 1260 1260 1259 1259 1310 1310 1311 1311 1260 1260 1312 1312 1261 1261 1260 1260 1311 1311 1312 1312 1261 1261 1313 1313 1262 1262 1261 1261 1312 1312 1313 1313 1262 1262 1314 1314 1263 1263 1262 1262 1313 1313 1314 1314 1263 1263 1315 1315 1264 1264 1263 1263 1314 1314 1315 1315 1264 1264 1316 1316 1265 1265 1264 1264 1315 1315 1316 1316 1265 1265 1317 1317 1266 1266 1265 1265 1316 1316 1317 1317 1266 1266 1318 1318 1267 1267 1266 1266 1317 1317 1318 1318 1267 1267 1319 1319 1268 1268 1267 1267 1318 1318 1319 1319 1268 1268 1320 1320 1269 1269 1268 1268 1319 1319 1320 1320 1269 1269 1321 1321 1270 1270 1269 1269 1320 1320 1321 1321 1270 1270 1322 1322 1271 1271 1270 1270 1321 1321 1322 1322 1271 1271 1323 1323 1272 1272 1271 1271 1322 1322 1323 1323 1272 1272 1324 1324 1273 1273 1272 1272 1323 1323 1324 1324 1273 1273 1325 1325 1274 1274 1273 1273 1324 1324 1325 1325 1275 1275 1327 1327 1276 1276 1275 1275 1326 1326 1327 1327 1276 1276 1328 1328 1277 1277 1276 1276 1327 1327 1328 1328 1277 1277 1329 1329 1278 1278 1277 1277 1328 1328 1329 1329 1278 1278 1330 1330 1279 1279 1278 1278 1329 1329 1330 1330 1279 1279 1331 1331 1280 1280 1279 1279 1330 1330 1331 1331 1280 1280 1332 1332 1281 1281 1280 1280 1331 1331 1332 1332 1281 1281 1333 1333 1282 1282 1281 1281 1332 1332 1333 1333 1282 1282 1334 1334 1283 1283 1282 1282 1333 1333 1334 1334 1283 1283 1335 1335 1284 1284 1283 1283 1334 1334 1335 1335 1284 1284 1336 1336 1285 1285 1284 1284 1335 1335 1336 1336 1285 1285 1337 1337 1286 1286 1285 1285 1336 1336 1337 1337 1286 1286 1338 1338 1287 1287 1286 1286 1337 1337 1338 1338 1287 1287 1339 1339 1288 1288 1287 1287 1338 1338 1339 1339 1288 1288 1340 1340 1289 1289 1288 1288 1339 1339 1340 1340 1289 1289 1341 1341 1290 1290 1289 1289 1340 1340 1341 1341 1290 1290 1342 1342 1291 1291 1290 1290 1341 1341 1342 1342 1291 1291 1343 1343 1292 1292 1291 1291 1342 1342 1343 1343 1292 1292 1344 1344 1293 1293 1292 1292 1343 1343 1344 1344 1293 1293 1345 1345 1294 1294 1293 1293 1344 1344 1345 1345 1294 1294 1346 1346 1295 1295 1294 1294 1345 1345 1346 1346 1295 1295 1347 1347 1296 1296 1295 1295 1346 1346 1347 1347 1296 1296 1348 1348 1297 1297 1296 1296 1347 1347 1348 1348 1297 1297 1349 1349 1298 1298 1297 1297 1348 1348 1349 1349 1298 1298 1350 1350 1299 1299 1298 1298 1349 1349 1350 1350 1299 1299 1351 1351 1300 1300 1299 1299 1350 1350 1351 1351 1300 1300 1352 1352 1301 1301 1300 1300 1351 1351 1352 1352 1301 1301 1353 1353 1302 1302 1301 1301 1352 1352 1353 1353 1302 1302 1354 1354 1303 1303 1302 1302 1353 1353 1354 1354 1303 1303 1355 1355 1304 1304 1303 1303 1354 1354 1355 1355 1304 1304 1356 1356 1305 1305 1304 1304 1355 1355 1356 1356 1305 1305 1357 1357 1306 1306 1305 1305 1356 1356 1357 1357 1306 1306 1358 1358 1307 1307 1306 1306 1357 1357 1358 1358 1307 1307 1359 1359 1308 1308 1307 1307 1358 1358 1359 1359 1308 1308 1360 1360 1309 1309 1308 1308 1359 1359 1360 1360 1309 1309 1361 1361 1310 1310 1309 1309 1360 1360 1361 1361 1310 1310 1362 1362 1311 1311 1310 1310 1361 1361 1362 1362 1311 1311 1363 1363 1312 1312 1311 1311 1362 1362 1363 1363 1312 1312 1364 1364 1313 1313 1312 1312 1363 1363 1364 1364 1313 1313 1365 1365 1314 1314 1313 1313 1364 1364 1365 1365 1314 1314 1366 1366 1315 1315 1314 1314 1365 1365 1366 1366 1315 1315 1367 1367 1316 1316 1315 1315 1366 1366 1367 1367 1316 1316 1368 1368 1317 1317 1316 1316 1367 1367 1368 1368 1317 1317 1369 1369 1318 1318 1317 1317 1368 1368 1369 1369 1318 1318 1370 1370 1319 1319 1318 1318 1369 1369 1370 1370 1319 1319 1371 1371 1320 1320 1319 1319 1370 1370 1371 1371 1320 1320 1372 1372 1321 1321 1320 1320 1371 1371 1372 1372 1321 1321 1373 1373 1322 1322 1321 1321 1372 1372 1373 1373 1322 1322 1374 1374 1323 1323 1322 1322 1373 1373 1374 1374 1323 1323 1375 1375 1324 1324 1323 1323 1374 1374 1375 1375 1324 1324 1376 1376 1325 1325 1324 1324 1375 1375 1376 1376 1326 1326 1378 1378 1327 1327 1326 1326 1377 1377 1378 1378 1327 1327 1379 1379 1328 1328 1327 1327 1378 1378 1379 1379 1328 1328 1380 1380 1329 1329 1328 1328 1379 1379 1380 1380 1329 1329 1381 1381 1330 1330 1329 1329 1380 1380 1381 1381 1330 1330 1382 1382 1331 1331 1330 1330 1381 1381 1382 1382 1331 1331 1383 1383 1332 1332 1331 1331 1382 1382 1383 1383 1332 1332 1384 1384 1333 1333 1332 1332 1383 1383 1384 1384 1333 1333 1385 1385 1334 1334 1333 1333 1384 1384 1385 1385 1334 1334 1386 1386 1335 1335 1334 1334 1385 1385 1386 1386 1335 1335 1387 1387 1336 1336 1335 1335 1386 1386 1387 1387 1336 1336 1388 1388 1337 1337 1336 1336 1387 1387 1388 1388 1337 1337 1389 1389 1338 1338 1337 1337 1388 1388 1389 1389 1338 1338 1390 1390 1339 1339 1338 1338 1389 1389 1390 1390 1339 1339 1391 1391 1340 1340 1339 1339 1390 1390 1391 1391 1340 1340 1392 1392 1341 1341 1340 1340 1391 1391 1392 1392 1341 1341 1393 1393 1342 1342 1341 1341 1392 1392 1393 1393 1342 1342 1394 1394 1343 1343 1342 1342 1393 1393 1394 1394 1343 1343 1395 1395 1344 1344 1343 1343 1394 1394 1395 1395 1344 1344 1396 1396 1345 1345 1344 1344 1395 1395 1396 1396 1345 1345 1397 1397 1346 1346 1345 1345 1396 1396 1397 1397 1346 1346 1398 1398 1347 1347 1346 1346 1397 1397 1398 1398 1347 1347 1399 1399 1348 1348 1347 1347 1398 1398 1399 1399 1348 1348 1400 1400 1349 1349 1348 1348 1399 1399 1400 1400 1349 1349 1401 1401 1350 1350 1349 1349 1400 1400 1401 1401 1350 1350 1402 1402 1351 1351 1350 1350 1401 1401 1402 1402 1351 1351 1403 1403 1352 1352 1351 1351 1402 1402 1403 1403 1352 1352 1404 1404 1353 1353 1352 1352 1403 1403 1404 1404 1353 1353 1405 1405 1354 1354 1353 1353 1404 1404 1405 1405 1354 1354 1406 1406 1355 1355 1354 1354 1405 1405 1406 1406 1355 1355 1407 1407 1356 1356 1355 1355 1406 1406 1407 1407 1356 1356 1408 1408 1357 1357 1356 1356 1407 1407 1408 1408 1357 1357 1409 1409 1358 1358 1357 1357 1408 1408 1409 1409 1358 1358 1410 1410 1359 1359 1358 1358 1409 1409 1410 1410 1359 1359 1411 1411 1360 1360 1359 1359 1410 1410 1411 1411 1360 1360 1412 1412 1361 1361 1360 1360 1411 1411 1412 1412 1361 1361 1413 1413 1362 1362 1361 1361 1412 1412 1413 1413 1362 1362 1414 1414 1363 1363 1362 1362 1413 1413 1414 1414 1363 1363 1415 1415 1364 1364 1363 1363 1414 1414 1415 1415 1364 1364 1416 1416 1365 1365 1364 1364 1415 1415 1416 1416 1365 1365 1417 1417 1366 1366 1365 1365 1416 1416 1417 1417 1366 1366 1418 1418 1367 1367 1366 1366 1417 1417 1418 1418 1367 1367 1419 1419 1368 1368 1367 1367 1418 1418 1419 1419 1368 1368 1420 1420 1369 1369 1368 1368 1419 1419 1420 1420 1369 1369 1421 1421 1370 1370 1369 1369 1420 1420 1421 1421 1370 1370 1422 1422 1371 1371 1370 1370 1421 1421 1422 1422 1371 1371 1423 1423 1372 1372 1371 1371 1422 1422 1423 1423 1372 1372 1424 1424 1373 1373 1372 1372 1423 1423 1424 1424 1373 1373 1425 1425 1374 1374 1373 1373 1424 1424 1425 1425 1374 1374 1426 1426 1375 1375 1374 1374 1425 1425 1426 1426 1375 1375 1427 1427 1376 1376 1375 1375 1426 1426 1427 1427 1377 1377 1429 1429 1378 1378 1377 1377 1428 1428 1429 1429 1378 1378 1430 1430 1379 1379 1378 1378 1429 1429 1430 1430 1379 1379 1431 1431 1380 1380 1379 1379 1430 1430 1431 1431 1380 1380 1432 1432 1381 1381 1380 1380 1431 1431 1432 1432 1381 1381 1433 1433 1382 1382 1381 1381 1432 1432 1433 1433 1382 1382 1434 1434 1383 1383 1382 1382 1433 1433 1434 1434 1383 1383 1435 1435 1384 1384 1383 1383 1434 1434 1435 1435 1384 1384 1436 1436 1385 1385 1384 1384 1435 1435 1436 1436 1385 1385 1437 1437 1386 1386 1385 1385 1436 1436 1437 1437 1386 1386 1438 1438 1387 1387 1386 1386 1437 1437 1438 1438 1387 1387 1439 1439 1388 1388 1387 1387 1438 1438 1439 1439 1388 1388 1440 1440 1389 1389 1388 1388 1439 1439 1440 1440 1389 1389 1441 1441 1390 1390 1389 1389 1440 1440 1441 1441 1390 1390 1442 1442 1391 1391 1390 1390 1441 1441 1442 1442 1391 1391 1443 1443 1392 1392 1391 1391 1442 1442 1443 1443 1392 1392 1444 1444 1393 1393 1392 1392 1443 1443 1444 1444 1393 1393 1445 1445 1394 1394 1393 1393 1444 1444 1445 1445 1394 1394 1446 1446 1395 1395 1394 1394 1445 1445 1446 1446 1395 1395 1447 1447 1396 1396 1395 1395 1446 1446 1447 1447 1396 1396 1448 1448 1397 1397 1396 1396 1447 1447 1448 1448 1397 1397 1449 1449 1398 1398 1397 1397 1448 1448 1449 1449 1398 1398 1450 1450 1399 1399 1398 1398 1449 1449 1450 1450 1399 1399 1451 1451 1400 1400 1399 1399 1450 1450 1451 1451 1400 1400 1452 1452 1401 1401 1400 1400 1451 1451 1452 1452 1401 1401 1453 1453 1402 1402 1401 1401 1452 1452 1453 1453 1402 1402 1454 1454 1403 1403 1402 1402 1453 1453 1454 1454 1403 1403 1455 1455 1404 1404 1403 1403 1454 1454 1455 1455 1404 1404 1456 1456 1405 1405 1404 1404 1455 1455 1456 1456 1405 1405 1457 1457 1406 1406 1405 1405 1456 1456 1457 1457 1406 1406 1458 1458 1407 1407 1406 1406 1457 1457 1458 1458 1407 1407 1459 1459 1408 1408 1407 1407 1458 1458 1459 1459 1408 1408 1460 1460 1409 1409 1408 1408 1459 1459 1460 1460 1409 1409 1461 1461 1410 1410 1409 1409 1460 1460 1461 1461 1410 1410 1462 1462 1411 1411 1410 1410 1461 1461 1462 1462 1411 1411 1463 1463 1412 1412 1411 1411 1462 1462 1463 1463 1412 1412 1464 1464 1413 1413 1412 1412 1463 1463 1464 1464 1413 1413 1465 1465 1414 1414 1413 1413 1464 1464 1465 1465 1414 1414 1466 1466 1415 1415 1414 1414 1465 1465 1466 1466 1415 1415 1467 1467 1416 1416 1415 1415 1466 1466 1467 1467 1416 1416 1468 1468 1417 1417 1416 1416 1467 1467 1468 1468 1417 1417 1469 1469 1418 1418 1417 1417 1468 1468 1469 1469 1418 1418 1470 1470 1419 1419 1418 1418 1469 1469 1470 1470 1419 1419 1471 1471 1420 1420 1419 1419 1470 1470 1471 1471 1420 1420 1472 1472 1421 1421 1420 1420 1471 1471 1472 1472 1421 1421 1473 1473 1422 1422 1421 1421 1472 1472 1473 1473 1422 1422 1474 1474 1423 1423 1422 1422 1473 1473 1474 1474 1423 1423 1475 1475 1424 1424 1423 1423 1474 1474 1475 1475 1424 1424 1476 1476 1425 1425 1424 1424 1475 1475 1476 1476 1425 1425 1477 1477 1426 1426 1425 1425 1476 1476 1477 1477 1426 1426 1478 1478 1427 1427 1426 1426 1477 1477 1478 1478 1428 1428 1480 1480 1429 1429 1428 1428 1479 1479 1480 1480 1429 1429 1481 1481 1430 1430 1429 1429 1480 1480 1481 1481 1430 1430 1482 1482 1431 1431 1430 1430 1481 1481 1482 1482 1431 1431 1483 1483 1432 1432 1431 1431 1482 1482 1483 1483 1432 1432 1484 1484 1433 1433 1432 1432 1483 1483 1484 1484 1433 1433 1485 1485 1434 1434 1433 1433 1484 1484 1485 1485 1434 1434 1486 1486 1435 1435 1434 1434 1485 1485 1486 1486 1435 1435 1487 1487 1436 1436 1435 1435 1486 1486 1487 1487 1436 1436 1488 1488 1437 1437 1436 1436 1487 1487 1488 1488 1437 1437 1489 1489 1438 1438 1437 1437 1488 1488 1489 1489 1438 1438 1490 1490 1439 1439 1438 1438 1489 1489 1490 1490 1439 1439 1491 1491 1440 1440 1439 1439 1490 1490 1491 1491 1440 1440 1492 1492 1441 1441 1440 1440 1491 1491 1492 1492 1441 1441 1493 1493 1442 1442 1441 1441 1492 1492 1493 1493 1442 1442 1494 1494 1443 1443 1442 1442 1493 1493 1494 1494 1443 1443 1495 1495 1444 1444 1443 1443 1494 1494 1495 1495 1444 1444 1496 1496 1445 1445 1444 1444 1495 1495 1496 1496 1445 1445 1497 1497 1446 1446 1445 1445 1496 1496 1497 1497 1446 1446 1498 1498 1447 1447 1446 1446 1497 1497 1498 1498 1447 1447 1499 1499 1448 1448 1447 1447 1498 1498 1499 1499 1448 1448 1500 1500 1449 1449 1448 1448 1499 1499 1500 1500 1449 1449 1501 1501 1450 1450 1449 1449 1500 1500 1501 1501 1450 1450 1502 1502 1451 1451 1450 1450 1501 1501 1502 1502 1451 1451 1503 1503 1452 1452 1451 1451 1502 1502 1503 1503 1452 1452 1504 1504 1453 1453 1452 1452 1503 1503 1504 1504 1453 1453 1505 1505 1454 1454 1453 1453 1504 1504 1505 1505 1454 1454 1506 1506 1455 1455 1454 1454 1505 1505 1506 1506 1455 1455 1507 1507 1456 1456 1455 1455 1506 1506 1507 1507 1456 1456 1508 1508 1457 1457 1456 1456 1507 1507 1508 1508 1457 1457 1509 1509 1458 1458 1457 1457 1508 1508 1509 1509 1458 1458 1510 1510 1459 1459 1458 1458 1509 1509 1510 1510 1459 1459 1511 1511 1460 1460 1459 1459 1510 1510 1511 1511 1460 1460 1512 1512 1461 1461 1460 1460 1511 1511 1512 1512 1461 1461 1513 1513 1462 1462 1461 1461 1512 1512 1513 1513 1462 1462 1514 1514 1463 1463 1462 1462 1513 1513 1514 1514 1463 1463 1515 1515 1464 1464 1463 1463 1514 1514 1515 1515 1464 1464 1516 1516 1465 1465 1464 1464 1515 1515 1516 1516 1465 1465 1517 1517 1466 1466 1465 1465 1516 1516 1517 1517 1466 1466 1518 1518 1467 1467 1466 1466 1517 1517 1518 1518 1467 1467 1519 1519 1468 1468 1467 1467 1518 1518 1519 1519 1468 1468 1520 1520 1469 1469 1468 1468 1519 1519 1520 1520 1469 1469 1521 1521 1470 1470 1469 1469 1520 1520 1521 1521 1470 1470 1522 1522 1471 1471 1470 1470 1521 1521 1522 1522 1471 1471 1523 1523 1472 1472 1471 1471 1522 1522 1523 1523 1472 1472 1524 1524 1473 1473 1472 1472 1523 1523 1524 1524 1473 1473 1525 1525 1474 1474 1473 1473 1524 1524 1525 1525 1474 1474 1526 1526 1475 1475 1474 1474 1525 1525 1526 1526 1475 1475 1527 1527 1476 1476 1475 1475 1526 1526 1527 1527 1476 1476 1528 1528 1477 1477 1476 1476 1527 1527 1528 1528 1477 1477 1529 1529 1478 1478 1477 1477 1528 1528 1529 1529 1479 1479 1531 1531 1480 1480 1479 1479 1530 1530 1531 1531 1480 1480 1532 1532 1481 1481 1480 1480 1531 1531 1532 1532 1481 1481 1533 1533 1482 1482 1481 1481 1532 1532 1533 1533 1482 1482 1534 1534 1483 1483 1482 1482 1533 1533 1534 1534 1483 1483 1535 1535 1484 1484 1483 1483 1534 1534 1535 1535 1484 1484 1536 1536 1485 1485 1484 1484 1535 1535 1536 1536 1485 1485 1537 1537 1486 1486 1485 1485 1536 1536 1537 1537 1486 1486 1538 1538 1487 1487 1486 1486 1537 1537 1538 1538 1487 1487 1539 1539 1488 1488 1487 1487 1538 1538 1539 1539 1488 1488 1540 1540 1489 1489 1488 1488 1539 1539 1540 1540 1489 1489 1541 1541 1490 1490 1489 1489 1540 1540 1541 1541 1490 1490 1542 1542 1491 1491 1490 1490 1541 1541 1542 1542 1491 1491 1543 1543 1492 1492 1491 1491 1542 1542 1543 1543 1492 1492 1544 1544 1493 1493 1492 1492 1543 1543 1544 1544 1493 1493 1545 1545 1494 1494 1493 1493 1544 1544 1545 1545 1494 1494 1546 1546 1495 1495 1494 1494 1545 1545 1546 1546 1495 1495 1547 1547 1496 1496 1495 1495 1546 1546 1547 1547 1496 1496 1548 1548 1497 1497 1496 1496 1547 1547 1548 1548 1497 1497 1549 1549 1498 1498 1497 1497 1548 1548 1549 1549 1498 1498 1550 1550 1499 1499 1498 1498 1549 1549 1550 1550 1499 1499 1551 1551 1500 1500 1499 1499 1550 1550 1551 1551 1500 1500 1552 1552 1501 1501 1500 1500 1551 1551 1552 1552 1501 1501 1553 1553 1502 1502 1501 1501 1552 1552 1553 1553 1502 1502 1554 1554 1503 1503 1502 1502 1553 1553 1554 1554 1503 1503 1555 1555 1504 1504 1503 1503 1554 1554 1555 1555 1504 1504 1556 1556 1505 1505 1504 1504 1555 1555 1556 1556 1505 1505 1557 1557 1506 1506 1505 1505 1556 1556 1557 1557 1506 1506 1558 1558 1507 1507 1506 1506 1557 1557 1558 1558 1507 1507 1559 1559 1508 1508 1507 1507 1558 1558 1559 1559 1508 1508 1560 1560 1509 1509 1508 1508 1559 1559 1560 1560 1509 1509 1561 1561 1510 1510 1509 1509 1560 1560 1561 1561 1510 1510 1562 1562 1511 1511 1510 1510 1561 1561 1562 1562 1511 1511 1563 1563 1512 1512 1511 1511 1562 1562 1563 1563 1512 1512 1564 1564 1513 1513 1512 1512 1563 1563 1564 1564 1513 1513 1565 1565 1514 1514 1513 1513 1564 1564 1565 1565 1514 1514 1566 1566 1515 1515 1514 1514 1565 1565 1566 1566 1515 1515 1567 1567 1516 1516 1515 1515 1566 1566 1567 1567 1516 1516 1568 1568 1517 1517 1516 1516 1567 1567 1568 1568 1517 1517 1569 1569 1518 1518 1517 1517 1568 1568 1569 1569 1518 1518 1570 1570 1519 1519 1518 1518 1569 1569 1570 1570 1519 1519 1571 1571 1520 1520 1519 1519 1570 1570 1571 1571 1520 1520 1572 1572 1521 1521 1520 1520 1571 1571 1572 1572 1521 1521 1573 1573 1522 1522 1521 1521 1572 1572 1573 1573 1522 1522 1574 1574 1523 1523 1522 1522 1573 1573 1574 1574 1523 1523 1575 1575 1524 1524 1523 1523 1574 1574 1575 1575 1524 1524 1576 1576 1525 1525 1524 1524 1575 1575 1576 1576 1525 1525 1577 1577 1526 1526 1525 1525 1576 1576 1577 1577 1526 1526 1578 1578 1527 1527 1526 1526 1577 1577 1578 1578 1527 1527 1579 1579 1528 1528 1527 1527 1578 1578 1579 1579 1528 1528 1580 1580 1529 1529 1528 1528 1579 1579 1580 1580 1530 1530 1582 1582 1531 1531 1530 1530 1581 1581 1582 1582 1531 1531 1583 1583 1532 1532 1531 1531 1582 1582 1583 1583 1532 1532 1584 1584 1533 1533 1532 1532 1583 1583 1584 1584 1533 1533 1585 1585 1534 1534 1533 1533 1584 1584 1585 1585 1534 1534 1586 1586 1535 1535 1534 1534 1585 1585 1586 1586 1535 1535 1587 1587 1536 1536 1535 1535 1586 1586 1587 1587 1536 1536 1588 1588 1537 1537 1536 1536 1587 1587 1588 1588 1537 1537 1589 1589 1538 1538 1537 1537 1588 1588 1589 1589 1538 1538 1590 1590 1539 1539 1538 1538 1589 1589 1590 1590 1539 1539 1591 1591 1540 1540 1539 1539 1590 1590 1591 1591 1540 1540 1592 1592 1541 1541 1540 1540 1591 1591 1592 1592 1541 1541 1593 1593 1542 1542 1541 1541 1592 1592 1593 1593 1542 1542 1594 1594 1543 1543 1542 1542 1593 1593 1594 1594 1543 1543 1595 1595 1544 1544 1543 1543 1594 1594 1595 1595 1544 1544 1596 1596 1545 1545 1544 1544 1595 1595 1596 1596 1545 1545 1597 1597 1546 1546 1545 1545 1596 1596 1597 1597 1546 1546 1598 1598 1547 1547 1546 1546 1597 1597 1598 1598 1547 1547 1599 1599 1548 1548 1547 1547 1598 1598 1599 1599 1548 1548 1600 1600 1549 1549 1548 1548 1599 1599 1600 1600 1549 1549 1601 1601 1550 1550 1549 1549 1600 1600 1601 1601 1550 1550 1602 1602 1551 1551 1550 1550 1601 1601 1602 1602 1551 1551 1603 1603 1552 1552 1551 1551 1602 1602 1603 1603 1552 1552 1604 1604 1553 1553 1552 1552 1603 1603 1604 1604 1553 1553 1605 1605 1554 1554 1553 1553 1604 1604 1605 1605 1554 1554 1606 1606 1555 1555 1554 1554 1605 1605 1606 1606 1555 1555 1607 1607 1556 1556 1555 1555 1606 1606 1607 1607 1556 1556 1608 1608 1557 1557 1556 1556 1607 1607 1608 1608 1557 1557 1609 1609 1558 1558 1557 1557 1608 1608 1609 1609 1558 1558 1610 1610 1559 1559 1558 1558 1609 1609 1610 1610 1559 1559 1611 1611 1560 1560 1559 1559 1610 1610 1611 1611 1560 1560 1612 1612 1561 1561 1560 1560 1611 1611 1612 1612 1561 1561 1613 1613 1562 1562 1561 1561 1612 1612 1613 1613 1562 1562 1614 1614 1563 1563 1562 1562 1613 1613 1614 1614 1563 1563 1615 1615 1564 1564 1563 1563 1614 1614 1615 1615 1564 1564 1616 1616 1565 1565 1564 1564 1615 1615 1616 1616 1565 1565 1617 1617 1566 1566 1565 1565 1616 1616 1617 1617 1566 1566 1618 1618 1567 1567 1566 1566 1617 1617 1618 1618 1567 1567 1619 1619 1568 1568 1567 1567 1618 1618 1619 1619 1568 1568 1620 1620 1569 1569 1568 1568 1619 1619 1620 1620 1569 1569 1621 1621 1570 1570 1569 1569 1620 1620 1621 1621 1570 1570 1622 1622 1571 1571 1570 1570 1621 1621 1622 1622 1571 1571 1623 1623 1572 1572 1571 1571 1622 1622 1623 1623 1572 1572 1624 1624 1573 1573 1572 1572 1623 1623 1624 1624 1573 1573 1625 1625 1574 1574 1573 1573 1624 1624 1625 1625 1574 1574 1626 1626 1575 1575 1574 1574 1625 1625 1626 1626 1575 1575 1627 1627 1576 1576 1575 1575 1626 1626 1627 1627 1576 1576 1628 1628 1577 1577 1576 1576 1627 1627 1628 1628 1577 1577 1629 1629 1578 1578 1577 1577 1628 1628 1629 1629 1578 1578 1630 1630 1579 1579 1578 1578 1629 1629 1630 1630 1579 1579 1631 1631 1580 1580 1579 1579 1630 1630 1631 1631 1581 1581 1633 1633 1582 1582 1581 1581 1632 1632 1633 1633 1582 1582 1634 1634 1583 1583 1582 1582 1633 1633 1634 1634 1583 1583 1635 1635 1584 1584 1583 1583 1634 1634 1635 1635 1584 1584 1636 1636 1585 1585 1584 1584 1635 1635 1636 1636 1585 1585 1637 1637 1586 1586 1585 1585 1636 1636 1637 1637 1586 1586 1638 1638 1587 1587 1586 1586 1637 1637 1638 1638 1587 1587 1639 1639 1588 1588 1587 1587 1638 1638 1639 1639 1588 1588 1640 1640 1589 1589 1588 1588 1639 1639 1640 1640 1589 1589 1641 1641 1590 1590 1589 1589 1640 1640 1641 1641 1590 1590 1642 1642 1591 1591 1590 1590 1641 1641 1642 1642 1591 1591 1643 1643 1592 1592 1591 1591 1642 1642 1643 1643 1592 1592 1644 1644 1593 1593 1592 1592 1643 1643 1644 1644 1593 1593 1645 1645 1594 1594 1593 1593 1644 1644 1645 1645 1594 1594 1646 1646 1595 1595 1594 1594 1645 1645 1646 1646 1595 1595 1647 1647 1596 1596 1595 1595 1646 1646 1647 1647 1596 1596 1648 1648 1597 1597 1596 1596 1647 1647 1648 1648 1597 1597 1649 1649 1598 1598 1597 1597 1648 1648 1649 1649 1598 1598 1650 1650 1599 1599 1598 1598 1649 1649 1650 1650 1599 1599 1651 1651 1600 1600 1599 1599 1650 1650 1651 1651 1600 1600 1652 1652 1601 1601 1600 1600 1651 1651 1652 1652 1601 1601 1653 1653 1602 1602 1601 1601 1652 1652 1653 1653 1602 1602 1654 1654 1603 1603 1602 1602 1653 1653 1654 1654 1603 1603 1655 1655 1604 1604 1603 1603 1654 1654 1655 1655 1604 1604 1656 1656 1605 1605 1604 1604 1655 1655 1656 1656 1605 1605 1657 1657 1606 1606 1605 1605 1656 1656 1657 1657 1606 1606 1658 1658 1607 1607 1606 1606 1657 1657 1658 1658 1607 1607 1659 1659 1608 1608 1607 1607 1658 1658 1659 1659 1608 1608 1660 1660 1609 1609 1608 1608 1659 1659 1660 1660 1609 1609 1661 1661 1610 1610 1609 1609 1660 1660 1661 1661 1610 1610 1662 1662 1611 1611 1610 1610 1661 1661 1662 1662 1611 1611 1663 1663 1612 1612 1611 1611 1662 1662 1663 1663 1612 1612 1664 1664 1613 1613 1612 1612 1663 1663 1664 1664 1613 1613 1665 1665 1614 1614 1613 1613 1664 1664 1665 1665 1614 1614 1666 1666 1615 1615 1614 1614 1665 1665 1666 1666 1615 1615 1667 1667 1616 1616 1615 1615 1666 1666 1667 1667 1616 1616 1668 1668 1617 1617 1616 1616 1667 1667 1668 1668 1617 1617 1669 1669 1618 1618 1617 1617 1668 1668 1669 1669 1618 1618 1670 1670 1619 1619 1618 1618 1669 1669 1670 1670 1619 1619 1671 1671 1620 1620 1619 1619 1670 1670 1671 1671 1620 1620 1672 1672 1621 1621 1620 1620 1671 1671 1672 1672 1621 1621 1673 1673 1622 1622 1621 1621 1672 1672 1673 1673 1622 1622 1674 1674 1623 1623 1622 1622 1673 1673 1674 1674 1623 1623 1675 1675 1624 1624 1623 1623 1674 1674 1675 1675 1624 1624 1676 1676 1625 1625 1624 1624 1675 1675 1676 1676 1625 1625 1677 1677 1626 1626 1625 1625 1676 1676 1677 1677 1626 1626 1678 1678 1627 1627 1626 1626 1677 1677 1678 1678 1627 1627 1679 1679 1628 1628 1627 1627 1678 1678 1679 1679 1628 1628 1680 1680 1629 1629 1628 1628 1679 1679 1680 1680 1629 1629 1681 1681 1630 1630 1629 1629 1680 1680 1681 1681 1630 1630 1682 1682 1631 1631 1630 1630 1681 1681 1682 1682 1632 1632 1684 1684 1633 1633 1632 1632 1683 1683 1684 1684 1633 1633 1685 1685 1634 1634 1633 1633 1684 1684 1685 1685 1634 1634 1686 1686 1635 1635 1634 1634 1685 1685 1686 1686 1635 1635 1687 1687 1636 1636 1635 1635 1686 1686 1687 1687 1636 1636 1688 1688 1637 1637 1636 1636 1687 1687 1688 1688 1637 1637 1689 1689 1638 1638 1637 1637 1688 1688 1689 1689 1638 1638 1690 1690 1639 1639 1638 1638 1689 1689 1690 1690 1639 1639 1691 1691 1640 1640 1639 1639 1690 1690 1691 1691 1640 1640 1692 1692 1641 1641 1640 1640 1691 1691 1692 1692 1641 1641 1693 1693 1642 1642 1641 1641 1692 1692 1693 1693 1642 1642 1694 1694 1643 1643 1642 1642 1693 1693 1694 1694 1643 1643 1695 1695 1644 1644 1643 1643 1694 1694 1695 1695 1644 1644 1696 1696 1645 1645 1644 1644 1695 1695 1696 1696 1645 1645 1697 1697 1646 1646 1645 1645 1696 1696 1697 1697 1646 1646 1698 1698 1647 1647 1646 1646 1697 1697 1698 1698 1647 1647 1699 1699 1648 1648 1647 1647 1698 1698 1699 1699 1648 1648 1700 1700 1649 1649 1648 1648 1699 1699 1700 1700 1649 1649 1701 1701 1650 1650 1649 1649 1700 1700 1701 1701 1650 1650 1702 1702 1651 1651 1650 1650 1701 1701 1702 1702 1651 1651 1703 1703 1652 1652 1651 1651 1702 1702 1703 1703 1652 1652 1704 1704 1653 1653 1652 1652 1703 1703 1704 1704 1653 1653 1705 1705 1654 1654 1653 1653 1704 1704 1705 1705 1654 1654 1706 1706 1655 1655 1654 1654 1705 1705 1706 1706 1655 1655 1707 1707 1656 1656 1655 1655 1706 1706 1707 1707 1656 1656 1708 1708 1657 1657 1656 1656 1707 1707 1708 1708 1657 1657 1709 1709 1658 1658 1657 1657 1708 1708 1709 1709 1658 1658 1710 1710 1659 1659 1658 1658 1709 1709 1710 1710 1659 1659 1711 1711 1660 1660 1659 1659 1710 1710 1711 1711 1660 1660 1712 1712 1661 1661 1660 1660 1711 1711 1712 1712 1661 1661 1713 1713 1662 1662 1661 1661 1712 1712 1713 1713 1662 1662 1714 1714 1663 1663 1662 1662 1713 1713 1714 1714 1663 1663 1715 1715 1664 1664 1663 1663 1714 1714 1715 1715 1664 1664 1716 1716 1665 1665 1664 1664 1715 1715 1716 1716 1665 1665 1717 1717 1666 1666 1665 1665 1716 1716 1717 1717 1666 1666 1718 1718 1667 1667 1666 1666 1717 1717 1718 1718 1667 1667 1719 1719 1668 1668 1667 1667 1718 1718 1719 1719 1668 1668 1720 1720 1669 1669 1668 1668 1719 1719 1720 1720 1669 1669 1721 1721 1670 1670 1669 1669 1720 1720 1721 1721 1670 1670 1722 1722 1671 1671 1670 1670 1721 1721 1722 1722 1671 1671 1723 1723 1672 1672 1671 1671 1722 1722 1723 1723 1672 1672 1724 1724 1673 1673 1672 1672 1723 1723 1724 1724 1673 1673 1725 1725 1674 1674 1673 1673 1724 1724 1725 1725 1674 1674 1726 1726 1675 1675 1674 1674 1725 1725 1726 1726 1675 1675 1727 1727 1676 1676 1675 1675 1726 1726 1727 1727 1676 1676 1728 1728 1677 1677 1676 1676 1727 1727 1728 1728 1677 1677 1729 1729 1678 1678 1677 1677 1728 1728 1729 1729 1678 1678 1730 1730 1679 1679 1678 1678 1729 1729 1730 1730 1679 1679 1731 1731 1680 1680 1679 1679 1730 1730 1731 1731 1680 1680 1732 1732 1681 1681 1680 1680 1731 1731 1732 1732 1681 1681 1733 1733 1682 1682 1681 1681 1732 1732 1733 1733 1683 1683 1735 1735 1684 1684 1683 1683 1734 1734 1735 1735 1684 1684 1736 1736 1685 1685 1684 1684 1735 1735 1736 1736 1685 1685 1737 1737 1686 1686 1685 1685 1736 1736 1737 1737 1686 1686 1738 1738 1687 1687 1686 1686 1737 1737 1738 1738 1687 1687 1739 1739 1688 1688 1687 1687 1738 1738 1739 1739 1688 1688 1740 1740 1689 1689 1688 1688 1739 1739 1740 1740 1689 1689 1741 1741 1690 1690 1689 1689 1740 1740 1741 1741 1690 1690 1742 1742 1691 1691 1690 1690 1741 1741 1742 1742 1691 1691 1743 1743 1692 1692 1691 1691 1742 1742 1743 1743 1692 1692 1744 1744 1693 1693 1692 1692 1743 1743 1744 1744 1693 1693 1745 1745 1694 1694 1693 1693 1744 1744 1745 1745 1694 1694 1746 1746 1695 1695 1694 1694 1745 1745 1746 1746 1695 1695 1747 1747 1696 1696 1695 1695 1746 1746 1747 1747 1696 1696 1748 1748 1697 1697 1696 1696 1747 1747 1748 1748 1697 1697 1749 1749 1698 1698 1697 1697 1748 1748 1749 1749 1698 1698 1750 1750 1699 1699 1698 1698 1749 1749 1750 1750 1699 1699 1751 1751 1700 1700 1699 1699 1750 1750 1751 1751 1700 1700 1752 1752 1701 1701 1700 1700 1751 1751 1752 1752 1701 1701 1753 1753 1702 1702 1701 1701 1752 1752 1753 1753 1702 1702 1754 1754 1703 1703 1702 1702 1753 1753 1754 1754 1703 1703 1755 1755 1704 1704 1703 1703 1754 1754 1755 1755 1704 1704 1756 1756 1705 1705 1704 1704 1755 1755 1756 1756 1705 1705 1757 1757 1706 1706 1705 1705 1756 1756 1757 1757 1706 1706 1758 1758 1707 1707 1706 1706 1757 1757 1758 1758 1707 1707 1759 1759 1708 1708 1707 1707 1758 1758 1759 1759 1708 1708 1760 1760 1709 1709 1708 1708 1759 1759 1760 1760 1709 1709 1761 1761 1710 1710 1709 1709 1760 1760 1761 1761 1710 1710 1762 1762 1711 1711 1710 1710 1761 1761 1762 1762 1711 1711 1763 1763 1712 1712 1711 1711 1762 1762 1763 1763 1712 1712 1764 1764 1713 1713 1712 1712 1763 1763 1764 1764 1713 1713 1765 1765 1714 1714 1713 1713 1764 1764 1765 1765 1714 1714 1766 1766 1715 1715 1714 1714 1765 1765 1766 1766 1715 1715 1767 1767 1716 1716 1715 1715 1766 1766 1767 1767 1716 1716 1768 1768 1717 1717 1716 1716 1767 1767 1768 1768 1717 1717 1769 1769 1718 1718 1717 1717 1768 1768 1769 1769 1718 1718 1770 1770 1719 1719 1718 1718 1769 1769 1770 1770 1719 1719 1771 1771 1720 1720 1719 1719 1770 1770 1771 1771 1720 1720 1772 1772 1721 1721 1720 1720 1771 1771 1772 1772 1721 1721 1773 1773 1722 1722 1721 1721 1772 1772 1773 1773 1722 1722 1774 1774 1723 1723 1722 1722 1773 1773 1774 1774 1723 1723 1775 1775 1724 1724 1723 1723 1774 1774 1775 1775 1724 1724 1776 1776 1725 1725 1724 1724 1775 1775 1776 1776 1725 1725 1777 1777 1726 1726 1725 1725 1776 1776 1777 1777 1726 1726 1778 1778 1727 1727 1726 1726 1777 1777 1778 1778 1727 1727 1779 1779 1728 1728 1727 1727 1778 1778 1779 1779 1728 1728 1780 1780 1729 1729 1728 1728 1779 1779 1780 1780 1729 1729 1781 1781 1730 1730 1729 1729 1780 1780 1781 1781 1730 1730 1782 1782 1731 1731 1730 1730 1781 1781 1782 1782 1731 1731 1783 1783 1732 1732 1731 1731 1782 1782 1783 1783 1732 1732 1784 1784 1733 1733 1732 1732 1783 1783 1784 1784 1734 1734 1786 1786 1735 1735 1734 1734 1785 1785 1786 1786 1735 1735 1787 1787 1736 1736 1735 1735 1786 1786 1787 1787 1736 1736 1788 1788 1737 1737 1736 1736 1787 1787 1788 1788 1737 1737 1789 1789 1738 1738 1737 1737 1788 1788 1789 1789 1738 1738 1790 1790 1739 1739 1738 1738 1789 1789 1790 1790 1739 1739 1791 1791 1740 1740 1739 1739 1790 1790 1791 1791 1740 1740 1792 1792 1741 1741 1740 1740 1791 1791 1792 1792 1741 1741 1793 1793 1742 1742 1741 1741 1792 1792 1793 1793 1742 1742 1794 1794 1743 1743 1742 1742 1793 1793 1794 1794 1743 1743 1795 1795 1744 1744 1743 1743 1794 1794 1795 1795 1744 1744 1796 1796 1745 1745 1744 1744 1795 1795 1796 1796 1745 1745 1797 1797 1746 1746 1745 1745 1796 1796 1797 1797 1746 1746 1798 1798 1747 1747 1746 1746 1797 1797 1798 1798 1747 1747 1799 1799 1748 1748 1747 1747 1798 1798 1799 1799 1748 1748 1800 1800 1749 1749 1748 1748 1799 1799 1800 1800 1749 1749 1801 1801 1750 1750 1749 1749 1800 1800 1801 1801 1750 1750 1802 1802 1751 1751 1750 1750 1801 1801 1802 1802 1751 1751 1803 1803 1752 1752 1751 1751 1802 1802 1803 1803 1752 1752 1804 1804 1753 1753 1752 1752 1803 1803 1804 1804 1753 1753 1805 1805 1754 1754 1753 1753 1804 1804 1805 1805 1754 1754 1806 1806 1755 1755 1754 1754 1805 1805 1806 1806 1755 1755 1807 1807 1756 1756 1755 1755 1806 1806 1807 1807 1756 1756 1808 1808 1757 1757 1756 1756 1807 1807 1808 1808 1757 1757 1809 1809 1758 1758 1757 1757 1808 1808 1809 1809 1758 1758 1810 1810 1759 1759 1758 1758 1809 1809 1810 1810 1759 1759 1811 1811 1760 1760 1759 1759 1810 1810 1811 1811 1760 1760 1812 1812 1761 1761 1760 1760 1811 1811 1812 1812 1761 1761 1813 1813 1762 1762 1761 1761 1812 1812 1813 1813 1762 1762 1814 1814 1763 1763 1762 1762 1813 1813 1814 1814 1763 1763 1815 1815 1764 1764 1763 1763 1814 1814 1815 1815 1764 1764 1816 1816 1765 1765 1764 1764 1815 1815 1816 1816 1765 1765 1817 1817 1766 1766 1765 1765 1816 1816 1817 1817 1766 1766 1818 1818 1767 1767 1766 1766 1817 1817 1818 1818 1767 1767 1819 1819 1768 1768 1767 1767 1818 1818 1819 1819 1768 1768 1820 1820 1769 1769 1768 1768 1819 1819 1820 1820 1769 1769 1821 1821 1770 1770 1769 1769 1820 1820 1821 1821 1770 1770 1822 1822 1771 1771 1770 1770 1821 1821 1822 1822 1771 1771 1823 1823 1772 1772 1771 1771 1822 1822 1823 1823 1772 1772 1824 1824 1773 1773 1772 1772 1823 1823 1824 1824 1773 1773 1825 1825 1774 1774 1773 1773 1824 1824 1825 1825 1774 1774 1826 1826 1775 1775 1774 1774 1825 1825 1826 1826 1775 1775 1827 1827 1776 1776 1775 1775 1826 1826 1827 1827 1776 1776 1828 1828 1777 1777 1776 1776 1827 1827 1828 1828 1777 1777 1829 1829 1778 1778 1777 1777 1828 1828 1829 1829 1778 1778 1830 1830 1779 1779 1778 1778 1829 1829 1830 1830 1779 1779 1831 1831 1780 1780 1779 1779 1830 1830 1831 1831 1780 1780 1832 1832 1781 1781 1780 1780 1831 1831 1832 1832 1781 1781 1833 1833 1782 1782 1781 1781 1832 1832 1833 1833 1782 1782 1834 1834 1783 1783 1782 1782 1833 1833 1834 1834 1783 1783 1835 1835 1784 1784 1783 1783 1834 1834 1835 1835 1785 1785 1837 1837 1786 1786 1785 1785 1836 1836 1837 1837 1786 1786 1838 1838 1787 1787 1786 1786 1837 1837 1838 1838 1787 1787 1839 1839 1788 1788 1787 1787 1838 1838 1839 1839 1788 1788 1840 1840 1789 1789 1788 1788 1839 1839 1840 1840 1789 1789 1841 1841 1790 1790 1789 1789 1840 1840 1841 1841 1790 1790 1842 1842 1791 1791 1790 1790 1841 1841 1842 1842 1791 1791 1843 1843 1792 1792 1791 1791 1842 1842 1843 1843 1792 1792 1844 1844 1793 1793 1792 1792 1843 1843 1844 1844 1793 1793 1845 1845 1794 1794 1793 1793 1844 1844 1845 1845 1794 1794 1846 1846 1795 1795 1794 1794 1845 1845 1846 1846 1795 1795 1847 1847 1796 1796 1795 1795 1846 1846 1847 1847 1796 1796 1848 1848 1797 1797 1796 1796 1847 1847 1848 1848 1797 1797 1849 1849 1798 1798 1797 1797 1848 1848 1849 1849 1798 1798 1850 1850 1799 1799 1798 1798 1849 1849 1850 1850 1799 1799 1851 1851 1800 1800 1799 1799 1850 1850 1851 1851 1800 1800 1852 1852 1801 1801 1800 1800 1851 1851 1852 1852 1801 1801 1853 1853 1802 1802 1801 1801 1852 1852 1853 1853 1802 1802 1854 1854 1803 1803 1802 1802 1853 1853 1854 1854 1803 1803 1855 1855 1804 1804 1803 1803 1854 1854 1855 1855 1804 1804 1856 1856 1805 1805 1804 1804 1855 1855 1856 1856 1805 1805 1857 1857 1806 1806 1805 1805 1856 1856 1857 1857 1806 1806 1858 1858 1807 1807 1806 1806 1857 1857 1858 1858 1807 1807 1859 1859 1808 1808 1807 1807 1858 1858 1859 1859 1808 1808 1860 1860 1809 1809 1808 1808 1859 1859 1860 1860 1809 1809 1861 1861 1810 1810 1809 1809 1860 1860 1861 1861 1810 1810 1862 1862 1811 1811 1810 1810 1861 1861 1862 1862 1811 1811 1863 1863 1812 1812 1811 1811 1862 1862 1863 1863 1812 1812 1864 1864 1813 1813 1812 1812 1863 1863 1864 1864 1813 1813 1865 1865 1814 1814 1813 1813 1864 1864 1865 1865 1814 1814 1866 1866 1815 1815 1814 1814 1865 1865 1866 1866 1815 1815 1867 1867 1816 1816 1815 1815 1866 1866 1867 1867 1816 1816 1868 1868 1817 1817 1816 1816 1867 1867 1868 1868 1817 1817 1869 1869 1818 1818 1817 1817 1868 1868 1869 1869 1818 1818 1870 1870 1819 1819 1818 1818 1869 1869 1870 1870 1819 1819 1871 1871 1820 1820 1819 1819 1870 1870 1871 1871 1820 1820 1872 1872 1821 1821 1820 1820 1871 1871 1872 1872 1821 1821 1873 1873 1822 1822 1821 1821 1872 1872 1873 1873 1822 1822 1874 1874 1823 1823 1822 1822 1873 1873 1874 1874 1823 1823 1875 1875 1824 1824 1823 1823 1874 1874 1875 1875 1824 1824 1876 1876 1825 1825 1824 1824 1875 1875 1876 1876 1825 1825 1877 1877 1826 1826 1825 1825 1876 1876 1877 1877 1826 1826 1878 1878 1827 1827 1826 1826 1877 1877 1878 1878 1827 1827 1879 1879 1828 1828 1827 1827 1878 1878 1879 1879 1828 1828 1880 1880 1829 1829 1828 1828 1879 1879 1880 1880 1829 1829 1881 1881 1830 1830 1829 1829 1880 1880 1881 1881 1830 1830 1882 1882 1831 1831 1830 1830 1881 1881 1882 1882 1831 1831 1883 1883 1832 1832 1831 1831 1882 1882 1883 1883 1832 1832 1884 1884 1833 1833 1832 1832 1883 1883 1884 1884 1833 1833 1885 1885 1834 1834 1833 1833 1884 1884 1885 1885 1834 1834 1886 1886 1835 1835 1834 1834 1885 1885 1886 1886 1836 1836 1888 1888 1837 1837 1836 1836 1887 1887 1888 1888 1837 1837 1889 1889 1838 1838 1837 1837 1888 1888 1889 1889 1838 1838 1890 1890 1839 1839 1838 1838 1889 1889 1890 1890 1839 1839 1891 1891 1840 1840 1839 1839 1890 1890 1891 1891 1840 1840 1892 1892 1841 1841 1840 1840 1891 1891 1892 1892 1841 1841 1893 1893 1842 1842 1841 1841 1892 1892 1893 1893 1842 1842 1894 1894 1843 1843 1842 1842 1893 1893 1894 1894 1843 1843 1895 1895 1844 1844 1843 1843 1894 1894 1895 1895 1844 1844 1896 1896 1845 1845 1844 1844 1895 1895 1896 1896 1845 1845 1897 1897 1846 1846 1845 1845 1896 1896 1897 1897 1846 1846 1898 1898 1847 1847 1846 1846 1897 1897 1898 1898 1847 1847 1899 1899 1848 1848 1847 1847 1898 1898 1899 1899 1848 1848 1900 1900 1849 1849 1848 1848 1899 1899 1900 1900 1849 1849 1901 1901 1850 1850 1849 1849 1900 1900 1901 1901 1850 1850 1902 1902 1851 1851 1850 1850 1901 1901 1902 1902 1851 1851 1903 1903 1852 1852 1851 1851 1902 1902 1903 1903 1852 1852 1904 1904 1853 1853 1852 1852 1903 1903 1904 1904 1853 1853 1905 1905 1854 1854 1853 1853 1904 1904 1905 1905 1854 1854 1906 1906 1855 1855 1854 1854 1905 1905 1906 1906 1855 1855 1907 1907 1856 1856 1855 1855 1906 1906 1907 1907 1856 1856 1908 1908 1857 1857 1856 1856 1907 1907 1908 1908 1857 1857 1909 1909 1858 1858 1857 1857 1908 1908 1909 1909 1858 1858 1910 1910 1859 1859 1858 1858 1909 1909 1910 1910 1859 1859 1911 1911 1860 1860 1859 1859 1910 1910 1911 1911 1860 1860 1912 1912 1861 1861 1860 1860 1911 1911 1912 1912 1861 1861 1913 1913 1862 1862 1861 1861 1912 1912 1913 1913 1862 1862 1914 1914 1863 1863 1862 1862 1913 1913 1914 1914 1863 1863 1915 1915 1864 1864 1863 1863 1914 1914 1915 1915 1864 1864 1916 1916 1865 1865 1864 1864 1915 1915 1916 1916 1865 1865 1917 1917 1866 1866 1865 1865 1916 1916 1917 1917 1866 1866 1918 1918 1867 1867 1866 1866 1917 1917 1918 1918 1867 1867 1919 1919 1868 1868 1867 1867 1918 1918 1919 1919 1868 1868 1920 1920 1869 1869 1868 1868 1919 1919 1920 1920 1869 1869 1921 1921 1870 1870 1869 1869 1920 1920 1921 1921 1870 1870 1922 1922 1871 1871 1870 1870 1921 1921 1922 1922 1871 1871 1923 1923 1872 1872 1871 1871 1922 1922 1923 1923 1872 1872 1924 1924 1873 1873 1872 1872 1923 1923 1924 1924 1873 1873 1925 1925 1874 1874 1873 1873 1924 1924 1925 1925 1874 1874 1926 1926 1875 1875 1874 1874 1925 1925 1926 1926 1875 1875 1927 1927 1876 1876 1875 1875 1926 1926 1927 1927 1876 1876 1928 1928 1877 1877 1876 1876 1927 1927 1928 1928 1877 1877 1929 1929 1878 1878 1877 1877 1928 1928 1929 1929 1878 1878 1930 1930 1879 1879 1878 1878 1929 1929 1930 1930 1879 1879 1931 1931 1880 1880 1879 1879 1930 1930 1931 1931 1880 1880 1932 1932 1881 1881 1880 1880 1931 1931 1932 1932 1881 1881 1933 1933 1882 1882 1881 1881 1932 1932 1933 1933 1882 1882 1934 1934 1883 1883 1882 1882 1933 1933 1934 1934 1883 1883 1935 1935 1884 1884 1883 1883 1934 1934 1935 1935 1884 1884 1936 1936 1885 1885 1884 1884 1935 1935 1936 1936 1885 1885 1937 1937 1886 1886 1885 1885 1936 1936 1937 1937 1887 1887 1939 1939 1888 1888 1887 1887 1938 1938 1939 1939 1888 1888 1940 1940 1889 1889 1888 1888 1939 1939 1940 1940 1889 1889 1941 1941 1890 1890 1889 1889 1940 1940 1941 1941 1890 1890 1942 1942 1891 1891 1890 1890 1941 1941 1942 1942 1891 1891 1943 1943 1892 1892 1891 1891 1942 1942 1943 1943 1892 1892 1944 1944 1893 1893 1892 1892 1943 1943 1944 1944 1893 1893 1945 1945 1894 1894 1893 1893 1944 1944 1945 1945 1894 1894 1946 1946 1895 1895 1894 1894 1945 1945 1946 1946 1895 1895 1947 1947 1896 1896 1895 1895 1946 1946 1947 1947 1896 1896 1948 1948 1897 1897 1896 1896 1947 1947 1948 1948 1897 1897 1949 1949 1898 1898 1897 1897 1948 1948 1949 1949 1898 1898 1950 1950 1899 1899 1898 1898 1949 1949 1950 1950 1899 1899 1951 1951 1900 1900 1899 1899 1950 1950 1951 1951 1900 1900 1952 1952 1901 1901 1900 1900 1951 1951 1952 1952 1901 1901 1953 1953 1902 1902 1901 1901 1952 1952 1953 1953 1902 1902 1954 1954 1903 1903 1902 1902 1953 1953 1954 1954 1903 1903 1955 1955 1904 1904 1903 1903 1954 1954 1955 1955 1904 1904 1956 1956 1905 1905 1904 1904 1955 1955 1956 1956 1905 1905 1957 1957 1906 1906 1905 1905 1956 1956 1957 1957 1906 1906 1958 1958 1907 1907 1906 1906 1957 1957 1958 1958 1907 1907 1959 1959 1908 1908 1907 1907 1958 1958 1959 1959 1908 1908 1960 1960 1909 1909 1908 1908 1959 1959 1960 1960 1909 1909 1961 1961 1910 1910 1909 1909 1960 1960 1961 1961 1910 1910 1962 1962 1911 1911 1910 1910 1961 1961 1962 1962 1911 1911 1963 1963 1912 1912 1911 1911 1962 1962 1963 1963 1912 1912 1964 1964 1913 1913 1912 1912 1963 1963 1964 1964 1913 1913 1965 1965 1914 1914 1913 1913 1964 1964 1965 1965 1914 1914 1966 1966 1915 1915 1914 1914 1965 1965 1966 1966 1915 1915 1967 1967 1916 1916 1915 1915 1966 1966 1967 1967 1916 1916 1968 1968 1917 1917 1916 1916 1967 1967 1968 1968 1917 1917 1969 1969 1918 1918 1917 1917 1968 1968 1969 1969 1918 1918 1970 1970 1919 1919 1918 1918 1969 1969 1970 1970 1919 1919 1971 1971 1920 1920 1919 1919 1970 1970 1971 1971 1920 1920 1972 1972 1921 1921 1920 1920 1971 1971 1972 1972 1921 1921 1973 1973 1922 1922 1921 1921 1972 1972 1973 1973 1922 1922 1974 1974 1923 1923 1922 1922 1973 1973 1974 1974 1923 1923 1975 1975 1924 1924 1923 1923 1974 1974 1975 1975 1924 1924 1976 1976 1925 1925 1924 1924 1975 1975 1976 1976 1925 1925 1977 1977 1926 1926 1925 1925 1976 1976 1977 1977 1926 1926 1978 1978 1927 1927 1926 1926 1977 1977 1978 1978 1927 1927 1979 1979 1928 1928 1927 1927 1978 1978 1979 1979 1928 1928 1980 1980 1929 1929 1928 1928 1979 1979 1980 1980 1929 1929 1981 1981 1930 1930 1929 1929 1980 1980 1981 1981 1930 1930 1982 1982 1931 1931 1930 1930 1981 1981 1982 1982 1931 1931 1983 1983 1932 1932 1931 1931 1982 1982 1983 1983 1932 1932 1984 1984 1933 1933 1932 1932 1983 1983 1984 1984 1933 1933 1985 1985 1934 1934 1933 1933 1984 1984 1985 1985 1934 1934 1986 1986 1935 1935 1934 1934 1985 1985 1986 1986 1935 1935 1987 1987 1936 1936 1935 1935 1986 1986 1987 1987 1936 1936 1988 1988 1937 1937 1936 1936 1987 1987 1988 1988 1938 1938 1990 1990 1939 1939 1938 1938 1989 1989 1990 1990 1939 1939 1991 1991 1940 1940 1939 1939 1990 1990 1991 1991 1940 1940 1992 1992 1941 1941 1940 1940 1991 1991 1992 1992 1941 1941 1993 1993 1942 1942 1941 1941 1992 1992 1993 1993 1942 1942 1994 1994 1943 1943 1942 1942 1993 1993 1994 1994 1943 1943 1995 1995 1944 1944 1943 1943 1994 1994 1995 1995 1944 1944 1996 1996 1945 1945 1944 1944 1995 1995 1996 1996 1945 1945 1997 1997 1946 1946 1945 1945 1996 1996 1997 1997 1946 1946 1998 1998 1947 1947 1946 1946 1997 1997 1998 1998 1947 1947 1999 1999 1948 1948 1947 1947 1998 1998 1999 1999 1948 1948 2000 2000 1949 1949 1948 1948 1999 1999 2000 2000 1949 1949 2001 2001 1950 1950 1949 1949 2000 2000 2001 2001 1950 1950 2002 2002 1951 1951 1950 1950 2001 2001 2002 2002 1951 1951 2003 2003 1952 1952 1951 1951 2002 2002 2003 2003 1952 1952 2004 2004 1953 1953 1952 1952 2003 2003 2004 2004 1953 1953 2005 2005 1954 1954 1953 1953 2004 2004 2005 2005 1954 1954 2006 2006 1955 1955 1954 1954 2005 2005 2006 2006 1955 1955 2007 2007 1956 1956 1955 1955 2006 2006 2007 2007 1956 1956 2008 2008 1957 1957 1956 1956 2007 2007 2008 2008 1957 1957 2009 2009 1958 1958 1957 1957 2008 2008 2009 2009 1958 1958 2010 2010 1959 1959 1958 1958 2009 2009 2010 2010 1959 1959 2011 2011 1960 1960 1959 1959 2010 2010 2011 2011 1960 1960 2012 2012 1961 1961 1960 1960 2011 2011 2012 2012 1961 1961 2013 2013 1962 1962 1961 1961 2012 2012 2013 2013 1962 1962 2014 2014 1963 1963 1962 1962 2013 2013 2014 2014 1963 1963 2015 2015 1964 1964 1963 1963 2014 2014 2015 2015 1964 1964 2016 2016 1965 1965 1964 1964 2015 2015 2016 2016 1965 1965 2017 2017 1966 1966 1965 1965 2016 2016 2017 2017 1966 1966 2018 2018 1967 1967 1966 1966 2017 2017 2018 2018 1967 1967 2019 2019 1968 1968 1967 1967 2018 2018 2019 2019 1968 1968 2020 2020 1969 1969 1968 1968 2019 2019 2020 2020 1969 1969 2021 2021 1970 1970 1969 1969 2020 2020 2021 2021 1970 1970 2022 2022 1971 1971 1970 1970 2021 2021 2022 2022 1971 1971 2023 2023 1972 1972 1971 1971 2022 2022 2023 2023 1972 1972 2024 2024 1973 1973 1972 1972 2023 2023 2024 2024 1973 1973 2025 2025 1974 1974 1973 1973 2024 2024 2025 2025 1974 1974 2026 2026 1975 1975 1974 1974 2025 2025 2026 2026 1975 1975 2027 2027 1976 1976 1975 1975 2026 2026 2027 2027 1976 1976 2028 2028 1977 1977 1976 1976 2027 2027 2028 2028 1977 1977 2029 2029 1978 1978 1977 1977 2028 2028 2029 2029 1978 1978 2030 2030 1979 1979 1978 1978 2029 2029 2030 2030 1979 1979 2031 2031 1980 1980 1979 1979 2030 2030 2031 2031 1980 1980 2032 2032 1981 1981 1980 1980 2031 2031 2032 2032 1981 1981 2033 2033 1982 1982 1981 1981 2032 2032 2033 2033 1982 1982 2034 2034 1983 1983 1982 1982 2033 2033 2034 2034 1983 1983 2035 2035 1984 1984 1983 1983 2034 2034 2035 2035 1984 1984 2036 2036 1985 1985 1984 1984 2035 2035 2036 2036 1985 1985 2037 2037 1986 1986 1985 1985 2036 2036 2037 2037 1986 1986 2038 2038 1987 1987 1986 1986 2037 2037 2038 2038 1987 1987 2039 2039 1988 1988 1987 1987 2038 2038 2039 2039 1989 1989 2041 2041 1990 1990 1989 1989 2040 2040 2041 2041 1990 1990 2042 2042 1991 1991 1990 1990 2041 2041 2042 2042 1991 1991 2043 2043 1992 1992 1991 1991 2042 2042 2043 2043 1992 1992 2044 2044 1993 1993 1992 1992 2043 2043 2044 2044 1993 1993 2045 2045 1994 1994 1993 1993 2044 2044 2045 2045 1994 1994 2046 2046 1995 1995 1994 1994 2045 2045 2046 2046 1995 1995 2047 2047 1996 1996 1995 1995 2046 2046 2047 2047 1996 1996 2048 2048 1997 1997 1996 1996 2047 2047 2048 2048 1997 1997 2049 2049 1998 1998 1997 1997 2048 2048 2049 2049 1998 1998 2050 2050 1999 1999 1998 1998 2049 2049 2050 2050 1999 1999 2051 2051 2000 2000 1999 1999 2050 2050 2051 2051 2000 2000 2052 2052 2001 2001 2000 2000 2051 2051 2052 2052 2001 2001 2053 2053 2002 2002 2001 2001 2052 2052 2053 2053 2002 2002 2054 2054 2003 2003 2002 2002 2053 2053 2054 2054 2003 2003 2055 2055 2004 2004 2003 2003 2054 2054 2055 2055 2004 2004 2056 2056 2005 2005 2004 2004 2055 2055 2056 2056 2005 2005 2057 2057 2006 2006 2005 2005 2056 2056 2057 2057 2006 2006 2058 2058 2007 2007 2006 2006 2057 2057 2058 2058 2007 2007 2059 2059 2008 2008 2007 2007 2058 2058 2059 2059 2008 2008 2060 2060 2009 2009 2008 2008 2059 2059 2060 2060 2009 2009 2061 2061 2010 2010 2009 2009 2060 2060 2061 2061 2010 2010 2062 2062 2011 2011 2010 2010 2061 2061 2062 2062 2011 2011 2063 2063 2012 2012 2011 2011 2062 2062 2063 2063 2012 2012 2064 2064 2013 2013 2012 2012 2063 2063 2064 2064 2013 2013 2065 2065 2014 2014 2013 2013 2064 2064 2065 2065 2014 2014 2066 2066 2015 2015 2014 2014 2065 2065 2066 2066 2015 2015 2067 2067 2016 2016 2015 2015 2066 2066 2067 2067 2016 2016 2068 2068 2017 2017 2016 2016 2067 2067 2068 2068 2017 2017 2069 2069 2018 2018 2017 2017 2068 2068 2069 2069 2018 2018 2070 2070 2019 2019 2018 2018 2069 2069 2070 2070 2019 2019 2071 2071 2020 2020 2019 2019 2070 2070 2071 2071 2020 2020 2072 2072 2021 2021 2020 2020 2071 2071 2072 2072 2021 2021 2073 2073 2022 2022 2021 2021 2072 2072 2073 2073 2022 2022 2074 2074 2023 2023 2022 2022 2073 2073 2074 2074 2023 2023 2075 2075 2024 2024 2023 2023 2074 2074 2075 2075 2024 2024 2076 2076 2025 2025 2024 2024 2075 2075 2076 2076 2025 2025 2077 2077 2026 2026 2025 2025 2076 2076 2077 2077 2026 2026 2078 2078 2027 2027 2026 2026 2077 2077 2078 2078 2027 2027 2079 2079 2028 2028 2027 2027 2078 2078 2079 2079 2028 2028 2080 2080 2029 2029 2028 2028 2079 2079 2080 2080 2029 2029 2081 2081 2030 2030 2029 2029 2080 2080 2081 2081 2030 2030 2082 2082 2031 2031 2030 2030 2081 2081 2082 2082 2031 2031 2083 2083 2032 2032 2031 2031 2082 2082 2083 2083 2032 2032 2084 2084 2033 2033 2032 2032 2083 2083 2084 2084 2033 2033 2085 2085 2034 2034 2033 2033 2084 2084 2085 2085 2034 2034 2086 2086 2035 2035 2034 2034 2085 2085 2086 2086 2035 2035 2087 2087 2036 2036 2035 2035 2086 2086 2087 2087 2036 2036 2088 2088 2037 2037 2036 2036 2087 2087 2088 2088 2037 2037 2089 2089 2038 2038 2037 2037 2088 2088 2089 2089 2038 2038 2090 2090 2039 2039 2038 2038 2089 2089 2090 2090 2040 2040 2092 2092 2041 2041 2040 2040 2091 2091 2092 2092 2041 2041 2093 2093 2042 2042 2041 2041 2092 2092 2093 2093 2042 2042 2094 2094 2043 2043 2042 2042 2093 2093 2094 2094 2043 2043 2095 2095 2044 2044 2043 2043 2094 2094 2095 2095 2044 2044 2096 2096 2045 2045 2044 2044 2095 2095 2096 2096 2045 2045 2097 2097 2046 2046 2045 2045 2096 2096 2097 2097 2046 2046 2098 2098 2047 2047 2046 2046 2097 2097 2098 2098 2047 2047 2099 2099 2048 2048 2047 2047 2098 2098 2099 2099 2048 2048 2100 2100 2049 2049 2048 2048 2099 2099 2100 2100 2049 2049 2101 2101 2050 2050 2049 2049 2100 2100 2101 2101 2050 2050 2102 2102 2051 2051 2050 2050 2101 2101 2102 2102 2051 2051 2103 2103 2052 2052 2051 2051 2102 2102 2103 2103 2052 2052 2104 2104 2053 2053 2052 2052 2103 2103 2104 2104 2053 2053 2105 2105 2054 2054 2053 2053 2104 2104 2105 2105 2054 2054 2106 2106 2055 2055 2054 2054 2105 2105 2106 2106 2055 2055 2107 2107 2056 2056 2055 2055 2106 2106 2107 2107 2056 2056 2108 2108 2057 2057 2056 2056 2107 2107 2108 2108 2057 2057 2109 2109 2058 2058 2057 2057 2108 2108 2109 2109 2058 2058 2110 2110 2059 2059 2058 2058 2109 2109 2110 2110 2059 2059 2111 2111 2060 2060 2059 2059 2110 2110 2111 2111 2060 2060 2112 2112 2061 2061 2060 2060 2111 2111 2112 2112 2061 2061 2113 2113 2062 2062 2061 2061 2112 2112 2113 2113 2062 2062 2114 2114 2063 2063 2062 2062 2113 2113 2114 2114 2063 2063 2115 2115 2064 2064 2063 2063 2114 2114 2115 2115 2064 2064 2116 2116 2065 2065 2064 2064 2115 2115 2116 2116 2065 2065 2117 2117 2066 2066 2065 2065 2116 2116 2117 2117 2066 2066 2118 2118 2067 2067 2066 2066 2117 2117 2118 2118 2067 2067 2119 2119 2068 2068 2067 2067 2118 2118 2119 2119 2068 2068 2120 2120 2069 2069 2068 2068 2119 2119 2120 2120 2069 2069 2121 2121 2070 2070 2069 2069 2120 2120 2121 2121 2070 2070 2122 2122 2071 2071 2070 2070 2121 2121 2122 2122 2071 2071 2123 2123 2072 2072 2071 2071 2122 2122 2123 2123 2072 2072 2124 2124 2073 2073 2072 2072 2123 2123 2124 2124 2073 2073 2125 2125 2074 2074 2073 2073 2124 2124 2125 2125 2074 2074 2126 2126 2075 2075 2074 2074 2125 2125 2126 2126 2075 2075 2127 2127 2076 2076 2075 2075 2126 2126 2127 2127 2076 2076 2128 2128 2077 2077 2076 2076 2127 2127 2128 2128 2077 2077 2129 2129 2078 2078 2077 2077 2128 2128 2129 2129 2078 2078 2130 2130 2079 2079 2078 2078 2129 2129 2130 2130 2079 2079 2131 2131 2080 2080 2079 2079 2130 2130 2131 2131 2080 2080 2132 2132 2081 2081 2080 2080 2131 2131 2132 2132 2081 2081 2133 2133 2082 2082 2081 2081 2132 2132 2133 2133 2082 2082 2134 2134 2083 2083 2082 2082 2133 2133 2134 2134 2083 2083 2135 2135 2084 2084 2083 2083 2134 2134 2135 2135 2084 2084 2136 2136 2085 2085 2084 2084 2135 2135 2136 2136 2085 2085 2137 2137 2086 2086 2085 2085 2136 2136 2137 2137 2086 2086 2138 2138 2087 2087 2086 2086 2137 2137 2138 2138 2087 2087 2139 2139 2088 2088 2087 2087 2138 2138 2139 2139 2088 2088 2140 2140 2089 2089 2088 2088 2139 2139 2140 2140 2089 2089 2141 2141 2090 2090 2089 2089 2140 2140 2141 2141 2091 2091 2143 2143 2092 2092 2091 2091 2142 2142 2143 2143 2092 2092 2144 2144 2093 2093 2092 2092 2143 2143 2144 2144 2093 2093 2145 2145 2094 2094 2093 2093 2144 2144 2145 2145 2094 2094 2146 2146 2095 2095 2094 2094 2145 2145 2146 2146 2095 2095 2147 2147 2096 2096 2095 2095 2146 2146 2147 2147 2096 2096 2148 2148 2097 2097 2096 2096 2147 2147 2148 2148 2097 2097 2149 2149 2098 2098 2097 2097 2148 2148 2149 2149 2098 2098 2150 2150 2099 2099 2098 2098 2149 2149 2150 2150 2099 2099 2151 2151 2100 2100 2099 2099 2150 2150 2151 2151 2100 2100 2152 2152 2101 2101 2100 2100 2151 2151 2152 2152 2101 2101 2153 2153 2102 2102 2101 2101 2152 2152 2153 2153 2102 2102 2154 2154 2103 2103 2102 2102 2153 2153 2154 2154 2103 2103 2155 2155 2104 2104 2103 2103 2154 2154 2155 2155 2104 2104 2156 2156 2105 2105 2104 2104 2155 2155 2156 2156 2105 2105 2157 2157 2106 2106 2105 2105 2156 2156 2157 2157 2106 2106 2158 2158 2107 2107 2106 2106 2157 2157 2158 2158 2107 2107 2159 2159 2108 2108 2107 2107 2158 2158 2159 2159 2108 2108 2160 2160 2109 2109 2108 2108 2159 2159 2160 2160 2109 2109 2161 2161 2110 2110 2109 2109 2160 2160 2161 2161 2110 2110 2162 2162 2111 2111 2110 2110 2161 2161 2162 2162 2111 2111 2163 2163 2112 2112 2111 2111 2162 2162 2163 2163 2112 2112 2164 2164 2113 2113 2112 2112 2163 2163 2164 2164 2113 2113 2165 2165 2114 2114 2113 2113 2164 2164 2165 2165 2114 2114 2166 2166 2115 2115 2114 2114 2165 2165 2166 2166 2115 2115 2167 2167 2116 2116 2115 2115 2166 2166 2167 2167 2116 2116 2168 2168 2117 2117 2116 2116 2167 2167 2168 2168 2117 2117 2169 2169 2118 2118 2117 2117 2168 2168 2169 2169 2118 2118 2170 2170 2119 2119 2118 2118 2169 2169 2170 2170 2119 2119 2171 2171 2120 2120 2119 2119 2170 2170 2171 2171 2120 2120 2172 2172 2121 2121 2120 2120 2171 2171 2172 2172 2121 2121 2173 2173 2122 2122 2121 2121 2172 2172 2173 2173 2122 2122 2174 2174 2123 2123 2122 2122 2173 2173 2174 2174 2123 2123 2175 2175 2124 2124 2123 2123 2174 2174 2175 2175 2124 2124 2176 2176 2125 2125 2124 2124 2175 2175 2176 2176 2125 2125 2177 2177 2126 2126 2125 2125 2176 2176 2177 2177 2126 2126 2178 2178 2127 2127 2126 2126 2177 2177 2178 2178 2127 2127 2179 2179 2128 2128 2127 2127 2178 2178 2179 2179 2128 2128 2180 2180 2129 2129 2128 2128 2179 2179 2180 2180 2129 2129 2181 2181 2130 2130 2129 2129 2180 2180 2181 2181 2130 2130 2182 2182 2131 2131 2130 2130 2181 2181 2182 2182 2131 2131 2183 2183 2132 2132 2131 2131 2182 2182 2183 2183 2132 2132 2184 2184 2133 2133 2132 2132 2183 2183 2184 2184 2133 2133 2185 2185 2134 2134 2133 2133 2184 2184 2185 2185 2134 2134 2186 2186 2135 2135 2134 2134 2185 2185 2186 2186 2135 2135 2187 2187 2136 2136 2135 2135 2186 2186 2187 2187 2136 2136 2188 2188 2137 2137 2136 2136 2187 2187 2188 2188 2137 2137 2189 2189 2138 2138 2137 2137 2188 2188 2189 2189 2138 2138 2190 2190 2139 2139 2138 2138 2189 2189 2190 2190 2139 2139 2191 2191 2140 2140 2139 2139 2190 2190 2191 2191 2140 2140 2192 2192 2141 2141 2140 2140 2191 2191 2192 2192 2142 2142 2194 2194 2143 2143 2142 2142 2193 2193 2194 2194 2143 2143 2195 2195 2144 2144 2143 2143 2194 2194 2195 2195 2144 2144 2196 2196 2145 2145 2144 2144 2195 2195 2196 2196 2145 2145 2197 2197 2146 2146 2145 2145 2196 2196 2197 2197 2146 2146 2198 2198 2147 2147 2146 2146 2197 2197 2198 2198 2147 2147 2199 2199 2148 2148 2147 2147 2198 2198 2199 2199 2148 2148 2200 2200 2149 2149 2148 2148 2199 2199 2200 2200 2149 2149 2201 2201 2150 2150 2149 2149 2200 2200 2201 2201 2150 2150 2202 2202 2151 2151 2150 2150 2201 2201 2202 2202 2151 2151 2203 2203 2152 2152 2151 2151 2202 2202 2203 2203 2152 2152 2204 2204 2153 2153 2152 2152 2203 2203 2204 2204 2153 2153 2205 2205 2154 2154 2153 2153 2204 2204 2205 2205 2154 2154 2206 2206 2155 2155 2154 2154 2205 2205 2206 2206 2155 2155 2207 2207 2156 2156 2155 2155 2206 2206 2207 2207 2156 2156 2208 2208 2157 2157 2156 2156 2207 2207 2208 2208 2157 2157 2209 2209 2158 2158 2157 2157 2208 2208 2209 2209 2158 2158 2210 2210 2159 2159 2158 2158 2209 2209 2210 2210 2159 2159 2211 2211 2160 2160 2159 2159 2210 2210 2211 2211 2160 2160 2212 2212 2161 2161 2160 2160 2211 2211 2212 2212 2161 2161 2213 2213 2162 2162 2161 2161 2212 2212 2213 2213 2162 2162 2214 2214 2163 2163 2162 2162 2213 2213 2214 2214 2163 2163 2215 2215 2164 2164 2163 2163 2214 2214 2215 2215 2164 2164 2216 2216 2165 2165 2164 2164 2215 2215 2216 2216 2165 2165 2217 2217 2166 2166 2165 2165 2216 2216 2217 2217 2166 2166 2218 2218 2167 2167 2166 2166 2217 2217 2218 2218 2167 2167 2219 2219 2168 2168 2167 2167 2218 2218 2219 2219 2168 2168 2220 2220 2169 2169 2168 2168 2219 2219 2220 2220 2169 2169 2221 2221 2170 2170 2169 2169 2220 2220 2221 2221 2170 2170 2222 2222 2171 2171 2170 2170 2221 2221 2222 2222 2171 2171 2223 2223 2172 2172 2171 2171 2222 2222 2223 2223 2172 2172 2224 2224 2173 2173 2172 2172 2223 2223 2224 2224 2173 2173 2225 2225 2174 2174 2173 2173 2224 2224 2225 2225 2174 2174 2226 2226 2175 2175 2174 2174 2225 2225 2226 2226 2175 2175 2227 2227 2176 2176 2175 2175 2226 2226 2227 2227 2176 2176 2228 2228 2177 2177 2176 2176 2227 2227 2228 2228 2177 2177 2229 2229 2178 2178 2177 2177 2228 2228 2229 2229 2178 2178 2230 2230 2179 2179 2178 2178 2229 2229 2230 2230 2179 2179 2231 2231 2180 2180 2179 2179 2230 2230 2231 2231 2180 2180 2232 2232 2181 2181 2180 2180 2231 2231 2232 2232 2181 2181 2233 2233 2182 2182 2181 2181 2232 2232 2233 2233 2182 2182 2234 2234 2183 2183 2182 2182 2233 2233 2234 2234 2183 2183 2235 2235 2184 2184 2183 2183 2234 2234 2235 2235 2184 2184 2236 2236 2185 2185 2184 2184 2235 2235 2236 2236 2185 2185 2237 2237 2186 2186 2185 2185 2236 2236 2237 2237 2186 2186 2238 2238 2187 2187 2186 2186 2237 2237 2238 2238 2187 2187 2239 2239 2188 2188 2187 2187 2238 2238 2239 2239 2188 2188 2240 2240 2189 2189 2188 2188 2239 2239 2240 2240 2189 2189 2241 2241 2190 2190 2189 2189 2240 2240 2241 2241 2190 2190 2242 2242 2191 2191 2190 2190 2241 2241 2242 2242 2191 2191 2243 2243 2192 2192 2191 2191 2242 2242 2243 2243 2193 2193 2245 2245 2194 2194 2193 2193 2244 2244 2245 2245 2194 2194 2246 2246 2195 2195 2194 2194 2245 2245 2246 2246 2195 2195 2247 2247 2196 2196 2195 2195 2246 2246 2247 2247 2196 2196 2248 2248 2197 2197 2196 2196 2247 2247 2248 2248 2197 2197 2249 2249 2198 2198 2197 2197 2248 2248 2249 2249 2198 2198 2250 2250 2199 2199 2198 2198 2249 2249 2250 2250 2199 2199 2251 2251 2200 2200 2199 2199 2250 2250 2251 2251 2200 2200 2252 2252 2201 2201 2200 2200 2251 2251 2252 2252 2201 2201 2253 2253 2202 2202 2201 2201 2252 2252 2253 2253 2202 2202 2254 2254 2203 2203 2202 2202 2253 2253 2254 2254 2203 2203 2255 2255 2204 2204 2203 2203 2254 2254 2255 2255 2204 2204 2256 2256 2205 2205 2204 2204 2255 2255 2256 2256 2205 2205 2257 2257 2206 2206 2205 2205 2256 2256 2257 2257 2206 2206 2258 2258 2207 2207 2206 2206 2257 2257 2258 2258 2207 2207 2259 2259 2208 2208 2207 2207 2258 2258 2259 2259 2208 2208 2260 2260 2209 2209 2208 2208 2259 2259 2260 2260 2209 2209 2261 2261 2210 2210 2209 2209 2260 2260 2261 2261 2210 2210 2262 2262 2211 2211 2210 2210 2261 2261 2262 2262 2211 2211 2263 2263 2212 2212 2211 2211 2262 2262 2263 2263 2212 2212 2264 2264 2213 2213 2212 2212 2263 2263 2264 2264 2213 2213 2265 2265 2214 2214 2213 2213 2264 2264 2265 2265 2214 2214 2266 2266 2215 2215 2214 2214 2265 2265 2266 2266 2215 2215 2267 2267 2216 2216 2215 2215 2266 2266 2267 2267 2216 2216 2268 2268 2217 2217 2216 2216 2267 2267 2268 2268 2217 2217 2269 2269 2218 2218 2217 2217 2268 2268 2269 2269 2218 2218 2270 2270 2219 2219 2218 2218 2269 2269 2270 2270 2219 2219 2271 2271 2220 2220 2219 2219 2270 2270 2271 2271 2220 2220 2272 2272 2221 2221 2220 2220 2271 2271 2272 2272 2221 2221 2273 2273 2222 2222 2221 2221 2272 2272 2273 2273 2222 2222 2274 2274 2223 2223 2222 2222 2273 2273 2274 2274 2223 2223 2275 2275 2224 2224 2223 2223 2274 2274 2275 2275 2224 2224 2276 2276 2225 2225 2224 2224 2275 2275 2276 2276 2225 2225 2277 2277 2226 2226 2225 2225 2276 2276 2277 2277 2226 2226 2278 2278 2227 2227 2226 2226 2277 2277 2278 2278 2227 2227 2279 2279 2228 2228 2227 2227 2278 2278 2279 2279 2228 2228 2280 2280 2229 2229 2228 2228 2279 2279 2280 2280 2229 2229 2281 2281 2230 2230 2229 2229 2280 2280 2281 2281 2230 2230 2282 2282 2231 2231 2230 2230 2281 2281 2282 2282 2231 2231 2283 2283 2232 2232 2231 2231 2282 2282 2283 2283 2232 2232 2284 2284 2233 2233 2232 2232 2283 2283 2284 2284 2233 2233 2285 2285 2234 2234 2233 2233 2284 2284 2285 2285 2234 2234 2286 2286 2235 2235 2234 2234 2285 2285 2286 2286 2235 2235 2287 2287 2236 2236 2235 2235 2286 2286 2287 2287 2236 2236 2288 2288 2237 2237 2236 2236 2287 2287 2288 2288 2237 2237 2289 2289 2238 2238 2237 2237 2288 2288 2289 2289 2238 2238 2290 2290 2239 2239 2238 2238 2289 2289 2290 2290 2239 2239 2291 2291 2240 2240 2239 2239 2290 2290 2291 2291 2240 2240 2292 2292 2241 2241 2240 2240 2291 2291 2292 2292 2241 2241 2293 2293 2242 2242 2241 2241 2292 2292 2293 2293 2242 2242 2294 2294 2243 2243 2242 2242 2293 2293 2294 2294 2244 2244 2296 2296 2245 2245 2244 2244 2295 2295 2296 2296 2245 2245 2297 2297 2246 2246 2245 2245 2296 2296 2297 2297 2246 2246 2298 2298 2247 2247 2246 2246 2297 2297 2298 2298 2247 2247 2299 2299 2248 2248 2247 2247 2298 2298 2299 2299 2248 2248 2300 2300 2249 2249 2248 2248 2299 2299 2300 2300 2249 2249 2301 2301 2250 2250 2249 2249 2300 2300 2301 2301 2250 2250 2302 2302 2251 2251 2250 2250 2301 2301 2302 2302 2251 2251 2303 2303 2252 2252 2251 2251 2302 2302 2303 2303 2252 2252 2304 2304 2253 2253 2252 2252 2303 2303 2304 2304 2253 2253 2305 2305 2254 2254 2253 2253 2304 2304 2305 2305 2254 2254 2306 2306 2255 2255 2254 2254 2305 2305 2306 2306 2255 2255 2307 2307 2256 2256 2255 2255 2306 2306 2307 2307 2256 2256 2308 2308 2257 2257 2256 2256 2307 2307 2308 2308 2257 2257 2309 2309 2258 2258 2257 2257 2308 2308 2309 2309 2258 2258 2310 2310 2259 2259 2258 2258 2309 2309 2310 2310 2259 2259 2311 2311 2260 2260 2259 2259 2310 2310 2311 2311 2260 2260 2312 2312 2261 2261 2260 2260 2311 2311 2312 2312 2261 2261 2313 2313 2262 2262 2261 2261 2312 2312 2313 2313 2262 2262 2314 2314 2263 2263 2262 2262 2313 2313 2314 2314 2263 2263 2315 2315 2264 2264 2263 2263 2314 2314 2315 2315 2264 2264 2316 2316 2265 2265 2264 2264 2315 2315 2316 2316 2265 2265 2317 2317 2266 2266 2265 2265 2316 2316 2317 2317 2266 2266 2318 2318 2267 2267 2266 2266 2317 2317 2318 2318 2267 2267 2319 2319 2268 2268 2267 2267 2318 2318 2319 2319 2268 2268 2320 2320 2269 2269 2268 2268 2319 2319 2320 2320 2269 2269 2321 2321 2270 2270 2269 2269 2320 2320 2321 2321 2270 2270 2322 2322 2271 2271 2270 2270 2321 2321 2322 2322 2271 2271 2323 2323 2272 2272 2271 2271 2322 2322 2323 2323 2272 2272 2324 2324 2273 2273 2272 2272 2323 2323 2324 2324 2273 2273 2325 2325 2274 2274 2273 2273 2324 2324 2325 2325 2274 2274 2326 2326 2275 2275 2274 2274 2325 2325 2326 2326 2275 2275 2327 2327 2276 2276 2275 2275 2326 2326 2327 2327 2276 2276 2328 2328 2277 2277 2276 2276 2327 2327 2328 2328 2277 2277 2329 2329 2278 2278 2277 2277 2328 2328 2329 2329 2278 2278 2330 2330 2279 2279 2278 2278 2329 2329 2330 2330 2279 2279 2331 2331 2280 2280 2279 2279 2330 2330 2331 2331 2280 2280 2332 2332 2281 2281 2280 2280 2331 2331 2332 2332 2281 2281 2333 2333 2282 2282 2281 2281 2332 2332 2333 2333 2282 2282 2334 2334 2283 2283 2282 2282 2333 2333 2334 2334 2283 2283 2335 2335 2284 2284 2283 2283 2334 2334 2335 2335 2284 2284 2336 2336 2285 2285 2284 2284 2335 2335 2336 2336 2285 2285 2337 2337 2286 2286 2285 2285 2336 2336 2337 2337 2286 2286 2338 2338 2287 2287 2286 2286 2337 2337 2338 2338 2287 2287 2339 2339 2288 2288 2287 2287 2338 2338 2339 2339 2288 2288 2340 2340 2289 2289 2288 2288 2339 2339 2340 2340 2289 2289 2341 2341 2290 2290 2289 2289 2340 2340 2341 2341 2290 2290 2342 2342 2291 2291 2290 2290 2341 2341 2342 2342 2291 2291 2343 2343 2292 2292 2291 2291 2342 2342 2343 2343 2292 2292 2344 2344 2293 2293 2292 2292 2343 2343 2344 2344 2293 2293 2345 2345 2294 2294 2293 2293 2344 2344 2345 2345 2295 2295 2347 2347 2296 2296 2295 2295 2346 2346 2347 2347 2296 2296 2348 2348 2297 2297 2296 2296 2347 2347 2348 2348 2297 2297 2349 2349 2298 2298 2297 2297 2348 2348 2349 2349 2298 2298 2350 2350 2299 2299 2298 2298 2349 2349 2350 2350 2299 2299 2351 2351 2300 2300 2299 2299 2350 2350 2351 2351 2300 2300 2352 2352 2301 2301 2300 2300 2351 2351 2352 2352 2301 2301 2353 2353 2302 2302 2301 2301 2352 2352 2353 2353 2302 2302 2354 2354 2303 2303 2302 2302 2353 2353 2354 2354 2303 2303 2355 2355 2304 2304 2303 2303 2354 2354 2355 2355 2304 2304 2356 2356 2305 2305 2304 2304 2355 2355 2356 2356 2305 2305 2357 2357 2306 2306 2305 2305 2356 2356 2357 2357 2306 2306 2358 2358 2307 2307 2306 2306 2357 2357 2358 2358 2307 2307 2359 2359 2308 2308 2307 2307 2358 2358 2359 2359 2308 2308 2360 2360 2309 2309 2308 2308 2359 2359 2360 2360 2309 2309 2361 2361 2310 2310 2309 2309 2360 2360 2361 2361 2310 2310 2362 2362 2311 2311 2310 2310 2361 2361 2362 2362 2311 2311 2363 2363 2312 2312 2311 2311 2362 2362 2363 2363 2312 2312 2364 2364 2313 2313 2312 2312 2363 2363 2364 2364 2313 2313 2365 2365 2314 2314 2313 2313 2364 2364 2365 2365 2314 2314 2366 2366 2315 2315 2314 2314 2365 2365 2366 2366 2315 2315 2367 2367 2316 2316 2315 2315 2366 2366 2367 2367 2316 2316 2368 2368 2317 2317 2316 2316 2367 2367 2368 2368 2317 2317 2369 2369 2318 2318 2317 2317 2368 2368 2369 2369 2318 2318 2370 2370 2319 2319 2318 2318 2369 2369 2370 2370 2319 2319 2371 2371 2320 2320 2319 2319 2370 2370 2371 2371 2320 2320 2372 2372 2321 2321 2320 2320 2371 2371 2372 2372 2321 2321 2373 2373 2322 2322 2321 2321 2372 2372 2373 2373 2322 2322 2374 2374 2323 2323 2322 2322 2373 2373 2374 2374 2323 2323 2375 2375 2324 2324 2323 2323 2374 2374 2375 2375 2324 2324 2376 2376 2325 2325 2324 2324 2375 2375 2376 2376 2325 2325 2377 2377 2326 2326 2325 2325 2376 2376 2377 2377 2326 2326 2378 2378 2327 2327 2326 2326 2377 2377 2378 2378 2327 2327 2379 2379 2328 2328 2327 2327 2378 2378 2379 2379 2328 2328 2380 2380 2329 2329 2328 2328 2379 2379 2380 2380 2329 2329 2381 2381 2330 2330 2329 2329 2380 2380 2381 2381 2330 2330 2382 2382 2331 2331 2330 2330 2381 2381 2382 2382 2331 2331 2383 2383 2332 2332 2331 2331 2382 2382 2383 2383 2332 2332 2384 2384 2333 2333 2332 2332 2383 2383 2384 2384 2333 2333 2385 2385 2334 2334 2333 2333 2384 2384 2385 2385 2334 2334 2386 2386 2335 2335 2334 2334 2385 2385 2386 2386 2335 2335 2387 2387 2336 2336 2335 2335 2386 2386 2387 2387 2336 2336 2388 2388 2337 2337 2336 2336 2387 2387 2388 2388 2337 2337 2389 2389 2338 2338 2337 2337 2388 2388 2389 2389 2338 2338 2390 2390 2339 2339 2338 2338 2389 2389 2390 2390 2339 2339 2391 2391 2340 2340 2339 2339 2390 2390 2391 2391 2340 2340 2392 2392 2341 2341 2340 2340 2391 2391 2392 2392 2341 2341 2393 2393 2342 2342 2341 2341 2392 2392 2393 2393 2342 2342 2394 2394 2343 2343 2342 2342 2393 2393 2394 2394 2343 2343 2395 2395 2344 2344 2343 2343 2394 2394 2395 2395 2344 2344 2396 2396 2345 2345 2344 2344 2395 2395 2396 2396 2346 2346 2398 2398 2347 2347 2346 2346 2397 2397 2398 2398 2347 2347 2399 2399 2348 2348 2347 2347 2398 2398 2399 2399 2348 2348 2400 2400 2349 2349 2348 2348 2399 2399 2400 2400 2349 2349 2401 2401 2350 2350 2349 2349 2400 2400 2401 2401 2350 2350 2402 2402 2351 2351 2350 2350 2401 2401 2402 2402 2351 2351 2403 2403 2352 2352 2351 2351 2402 2402 2403 2403 2352 2352 2404 2404 2353 2353 2352 2352 2403 2403 2404 2404 2353 2353 2405 2405 2354 2354 2353 2353 2404 2404 2405 2405 2354 2354 2406 2406 2355 2355 2354 2354 2405 2405 2406 2406 2355 2355 2407 2407 2356 2356 2355 2355 2406 2406 2407 2407 2356 2356 2408 2408 2357 2357 2356 2356 2407 2407 2408 2408 2357 2357 2409 2409 2358 2358 2357 2357 2408 2408 2409 2409 2358 2358 2410 2410 2359 2359 2358 2358 2409 2409 2410 2410 2359 2359 2411 2411 2360 2360 2359 2359 2410 2410 2411 2411 2360 2360 2412 2412 2361 2361 2360 2360 2411 2411 2412 2412 2361 2361 2413 2413 2362 2362 2361 2361 2412 2412 2413 2413 2362 2362 2414 2414 2363 2363 2362 2362 2413 2413 2414 2414 2363 2363 2415 2415 2364 2364 2363 2363 2414 2414 2415 2415 2364 2364 2416 2416 2365 2365 2364 2364 2415 2415 2416 2416 2365 2365 2417 2417 2366 2366 2365 2365 2416 2416 2417 2417 2366 2366 2418 2418 2367 2367 2366 2366 2417 2417 2418 2418 2367 2367 2419 2419 2368 2368 2367 2367 2418 2418 2419 2419 2368 2368 2420 2420 2369 2369 2368 2368 2419 2419 2420 2420 2369 2369 2421 2421 2370 2370 2369 2369 2420 2420 2421 2421 2370 2370 2422 2422 2371 2371 2370 2370 2421 2421 2422 2422 2371 2371 2423 2423 2372 2372 2371 2371 2422 2422 2423 2423 2372 2372 2424 2424 2373 2373 2372 2372 2423 2423 2424 2424 2373 2373 2425 2425 2374 2374 2373 2373 2424 2424 2425 2425 2374 2374 2426 2426 2375 2375 2374 2374 2425 2425 2426 2426 2375 2375 2427 2427 2376 2376 2375 2375 2426 2426 2427 2427 2376 2376 2428 2428 2377 2377 2376 2376 2427 2427 2428 2428 2377 2377 2429 2429 2378 2378 2377 2377 2428 2428 2429 2429 2378 2378 2430 2430 2379 2379 2378 2378 2429 2429 2430 2430 2379 2379 2431 2431 2380 2380 2379 2379 2430 2430 2431 2431 2380 2380 2432 2432 2381 2381 2380 2380 2431 2431 2432 2432 2381 2381 2433 2433 2382 2382 2381 2381 2432 2432 2433 2433 2382 2382 2434 2434 2383 2383 2382 2382 2433 2433 2434 2434 2383 2383 2435 2435 2384 2384 2383 2383 2434 2434 2435 2435 2384 2384 2436 2436 2385 2385 2384 2384 2435 2435 2436 2436 2385 2385 2437 2437 2386 2386 2385 2385 2436 2436 2437 2437 2386 2386 2438 2438 2387 2387 2386 2386 2437 2437 2438 2438 2387 2387 2439 2439 2388 2388 2387 2387 2438 2438 2439 2439 2388 2388 2440 2440 2389 2389 2388 2388 2439 2439 2440 2440 2389 2389 2441 2441 2390 2390 2389 2389 2440 2440 2441 2441 2390 2390 2442 2442 2391 2391 2390 2390 2441 2441 2442 2442 2391 2391 2443 2443 2392 2392 2391 2391 2442 2442 2443 2443 2392 2392 2444 2444 2393 2393 2392 2392 2443 2443 2444 2444 2393 2393 2445 2445 2394 2394 2393 2393 2444 2444 2445 2445 2394 2394 2446 2446 2395 2395 2394 2394 2445 2445 2446 2446 2395 2395 2447 2447 2396 2396 2395 2395 2446 2446 2447 2447 2397 2397 2449 2449 2398 2398 2397 2397 2448 2448 2449 2449 2398 2398 2450 2450 2399 2399 2398 2398 2449 2449 2450 2450 2399 2399 2451 2451 2400 2400 2399 2399 2450 2450 2451 2451 2400 2400 2452 2452 2401 2401 2400 2400 2451 2451 2452 2452 2401 2401 2453 2453 2402 2402 2401 2401 2452 2452 2453 2453 2402 2402 2454 2454 2403 2403 2402 2402 2453 2453 2454 2454 2403 2403 2455 2455 2404 2404 2403 2403 2454 2454 2455 2455 2404 2404 2456 2456 2405 2405 2404 2404 2455 2455 2456 2456 2405 2405 2457 2457 2406 2406 2405 2405 2456 2456 2457 2457 2406 2406 2458 2458 2407 2407 2406 2406 2457 2457 2458 2458 2407 2407 2459 2459 2408 2408 2407 2407 2458 2458 2459 2459 2408 2408 2460 2460 2409 2409 2408 2408 2459 2459 2460 2460 2409 2409 2461 2461 2410 2410 2409 2409 2460 2460 2461 2461 2410 2410 2462 2462 2411 2411 2410 2410 2461 2461 2462 2462 2411 2411 2463 2463 2412 2412 2411 2411 2462 2462 2463 2463 2412 2412 2464 2464 2413 2413 2412 2412 2463 2463 2464 2464 2413 2413 2465 2465 2414 2414 2413 2413 2464 2464 2465 2465 2414 2414 2466 2466 2415 2415 2414 2414 2465 2465 2466 2466 2415 2415 2467 2467 2416 2416 2415 2415 2466 2466 2467 2467 2416 2416 2468 2468 2417 2417 2416 2416 2467 2467 2468 2468 2417 2417 2469 2469 2418 2418 2417 2417 2468 2468 2469 2469 2418 2418 2470 2470 2419 2419 2418 2418 2469 2469 2470 2470 2419 2419 2471 2471 2420 2420 2419 2419 2470 2470 2471 2471 2420 2420 2472 2472 2421 2421 2420 2420 2471 2471 2472 2472 2421 2421 2473 2473 2422 2422 2421 2421 2472 2472 2473 2473 2422 2422 2474 2474 2423 2423 2422 2422 2473 2473 2474 2474 2423 2423 2475 2475 2424 2424 2423 2423 2474 2474 2475 2475 2424 2424 2476 2476 2425 2425 2424 2424 2475 2475 2476 2476 2425 2425 2477 2477 2426 2426 2425 2425 2476 2476 2477 2477 2426 2426 2478 2478 2427 2427 2426 2426 2477 2477 2478 2478 2427 2427 2479 2479 2428 2428 2427 2427 2478 2478 2479 2479 2428 2428 2480 2480 2429 2429 2428 2428 2479 2479 2480 2480 2429 2429 2481 2481 2430 2430 2429 2429 2480 2480 2481 2481 2430 2430 2482 2482 2431 2431 2430 2430 2481 2481 2482 2482 2431 2431 2483 2483 2432 2432 2431 2431 2482 2482 2483 2483 2432 2432 2484 2484 2433 2433 2432 2432 2483 2483 2484 2484 2433 2433 2485 2485 2434 2434 2433 2433 2484 2484 2485 2485 2434 2434 2486 2486 2435 2435 2434 2434 2485 2485 2486 2486 2435 2435 2487 2487 2436 2436 2435 2435 2486 2486 2487 2487 2436 2436 2488 2488 2437 2437 2436 2436 2487 2487 2488 2488 2437 2437 2489 2489 2438 2438 2437 2437 2488 2488 2489 2489 2438 2438 2490 2490 2439 2439 2438 2438 2489 2489 2490 2490 2439 2439 2491 2491 2440 2440 2439 2439 2490 2490 2491 2491 2440 2440 2492 2492 2441 2441 2440 2440 2491 2491 2492 2492 2441 2441 2493 2493 2442 2442 2441 2441 2492 2492 2493 2493 2442 2442 2494 2494 2443 2443 2442 2442 2493 2493 2494 2494 2443 2443 2495 2495 2444 2444 2443 2443 2494 2494 2495 2495 2444 2444 2496 2496 2445 2445 2444 2444 2495 2495 2496 2496 2445 2445 2497 2497 2446 2446 2445 2445 2496 2496 2497 2497 2446 2446 2498 2498 2447 2447 2446 2446 2497 2497 2498 2498 2448 2448 2500 2500 2449 2449 2448 2448 2499 2499 2500 2500 2449 2449 2501 2501 2450 2450 2449 2449 2500 2500 2501 2501 2450 2450 2502 2502 2451 2451 2450 2450 2501 2501 2502 2502 2451 2451 2503 2503 2452 2452 2451 2451 2502 2502 2503 2503 2452 2452 2504 2504 2453 2453 2452 2452 2503 2503 2504 2504 2453 2453 2505 2505 2454 2454 2453 2453 2504 2504 2505 2505 2454 2454 2506 2506 2455 2455 2454 2454 2505 2505 2506 2506 2455 2455 2507 2507 2456 2456 2455 2455 2506 2506 2507 2507 2456 2456 2508 2508 2457 2457 2456 2456 2507 2507 2508 2508 2457 2457 2509 2509 2458 2458 2457 2457 2508 2508 2509 2509 2458 2458 2510 2510 2459 2459 2458 2458 2509 2509 2510 2510 2459 2459 2511 2511 2460 2460 2459 2459 2510 2510 2511 2511 2460 2460 2512 2512 2461 2461 2460 2460 2511 2511 2512 2512 2461 2461 2513 2513 2462 2462 2461 2461 2512 2512 2513 2513 2462 2462 2514 2514 2463 2463 2462 2462 2513 2513 2514 2514 2463 2463 2515 2515 2464 2464 2463 2463 2514 2514 2515 2515 2464 2464 2516 2516 2465 2465 2464 2464 2515 2515 2516 2516 2465 2465 2517 2517 2466 2466 2465 2465 2516 2516 2517 2517 2466 2466 2518 2518 2467 2467 2466 2466 2517 2517 2518 2518 2467 2467 2519 2519 2468 2468 2467 2467 2518 2518 2519 2519 2468 2468 2520 2520 2469 2469 2468 2468 2519 2519 2520 2520 2469 2469 2521 2521 2470 2470 2469 2469 2520 2520 2521 2521 2470 2470 2522 2522 2471 2471 2470 2470 2521 2521 2522 2522 2471 2471 2523 2523 2472 2472 2471 2471 2522 2522 2523 2523 2472 2472 2524 2524 2473 2473 2472 2472 2523 2523 2524 2524 2473 2473 2525 2525 2474 2474 2473 2473 2524 2524 2525 2525 2474 2474 2526 2526 2475 2475 2474 2474 2525 2525 2526 2526 2475 2475 2527 2527 2476 2476 2475 2475 2526 2526 2527 2527 2476 2476 2528 2528 2477 2477 2476 2476 2527 2527 2528 2528 2477 2477 2529 2529 2478 2478 2477 2477 2528 2528 2529 2529 2478 2478 2530 2530 2479 2479 2478 2478 2529 2529 2530 2530 2479 2479 2531 2531 2480 2480 2479 2479 2530 2530 2531 2531 2480 2480 2532 2532 2481 2481 2480 2480 2531 2531 2532 2532 2481 2481 2533 2533 2482 2482 2481 2481 2532 2532 2533 2533 2482 2482 2534 2534 2483 2483 2482 2482 2533 2533 2534 2534 2483 2483 2535 2535 2484 2484 2483 2483 2534 2534 2535 2535 2484 2484 2536 2536 2485 2485 2484 2484 2535 2535 2536 2536 2485 2485 2537 2537 2486 2486 2485 2485 2536 2536 2537 2537 2486 2486 2538 2538 2487 2487 2486 2486 2537 2537 2538 2538 2487 2487 2539 2539 2488 2488 2487 2487 2538 2538 2539 2539 2488 2488 2540 2540 2489 2489 2488 2488 2539 2539 2540 2540 2489 2489 2541 2541 2490 2490 2489 2489 2540 2540 2541 2541 2490 2490 2542 2542 2491 2491 2490 2490 2541 2541 2542 2542 2491 2491 2543 2543 2492 2492 2491 2491 2542 2542 2543 2543 2492 2492 2544 2544 2493 2493 2492 2492 2543 2543 2544 2544 2493 2493 2545 2545 2494 2494 2493 2493 2544 2544 2545 2545 2494 2494 2546 2546 2495 2495 2494 2494 2545 2545 2546 2546 2495 2495 2547 2547 2496 2496 2495 2495 2546 2546 2547 2547 2496 2496 2548 2548 2497 2497 2496 2496 2547 2547 2548 2548 2497 2497 2549 2549 2498 2498 2497 2497 2548 2548 2549 2549 2499 2499 2551 2551 2500 2500 2499 2499 2550 2550 2551 2551 2500 2500 2552 2552 2501 2501 2500 2500 2551 2551 2552 2552 2501 2501 2553 2553 2502 2502 2501 2501 2552 2552 2553 2553 2502 2502 2554 2554 2503 2503 2502 2502 2553 2553 2554 2554 2503 2503 2555 2555 2504 2504 2503 2503 2554 2554 2555 2555 2504 2504 2556 2556 2505 2505 2504 2504 2555 2555 2556 2556 2505 2505 2557 2557 2506 2506 2505 2505 2556 2556 2557 2557 2506 2506 2558 2558 2507 2507 2506 2506 2557 2557 2558 2558 2507 2507 2559 2559 2508 2508 2507 2507 2558 2558 2559 2559 2508 2508 2560 2560 2509 2509 2508 2508 2559 2559 2560 2560 2509 2509 2561 2561 2510 2510 2509 2509 2560 2560 2561 2561 2510 2510 2562 2562 2511 2511 2510 2510 2561 2561 2562 2562 2511 2511 2563 2563 2512 2512 2511 2511 2562 2562 2563 2563 2512 2512 2564 2564 2513 2513 2512 2512 2563 2563 2564 2564 2513 2513 2565 2565 2514 2514 2513 2513 2564 2564 2565 2565 2514 2514 2566 2566 2515 2515 2514 2514 2565 2565 2566 2566 2515 2515 2567 2567 2516 2516 2515 2515 2566 2566 2567 2567 2516 2516 2568 2568 2517 2517 2516 2516 2567 2567 2568 2568 2517 2517 2569 2569 2518 2518 2517 2517 2568 2568 2569 2569 2518 2518 2570 2570 2519 2519 2518 2518 2569 2569 2570 2570 2519 2519 2571 2571 2520 2520 2519 2519 2570 2570 2571 2571 2520 2520 2572 2572 2521 2521 2520 2520 2571 2571 2572 2572 2521 2521 2573 2573 2522 2522 2521 2521 2572 2572 2573 2573 2522 2522 2574 2574 2523 2523 2522 2522 2573 2573 2574 2574 2523 2523 2575 2575 2524 2524 2523 2523 2574 2574 2575 2575 2524 2524 2576 2576 2525 2525 2524 2524 2575 2575 2576 2576 2525 2525 2577 2577 2526 2526 2525 2525 2576 2576 2577 2577 2526 2526 2578 2578 2527 2527 2526 2526 2577 2577 2578 2578 2527 2527 2579 2579 2528 2528 2527 2527 2578 2578 2579 2579 2528 2528 2580 2580 2529 2529 2528 2528 2579 2579 2580 2580 2529 2529 2581 2581 2530 2530 2529 2529 2580 2580 2581 2581 2530 2530 2582 2582 2531 2531 2530 2530 2581 2581 2582 2582 2531 2531 2583 2583 2532 2532 2531 2531 2582 2582 2583 2583 2532 2532 2584 2584 2533 2533 2532 2532 2583 2583 2584 2584 2533 2533 2585 2585 2534 2534 2533 2533 2584 2584 2585 2585 2534 2534 2586 2586 2535 2535 2534 2534 2585 2585 2586 2586 2535 2535 2587 2587 2536 2536 2535 2535 2586 2586 2587 2587 2536 2536 2588 2588 2537 2537 2536 2536 2587 2587 2588 2588 2537 2537 2589 2589 2538 2538 2537 2537 2588 2588 2589 2589 2538 2538 2590 2590 2539 2539 2538 2538 2589 2589 2590 2590 2539 2539 2591 2591 2540 2540 2539 2539 2590 2590 2591 2591 2540 2540 2592 2592 2541 2541 2540 2540 2591 2591 2592 2592 2541 2541 2593 2593 2542 2542 2541 2541 2592 2592 2593 2593 2542 2542 2594 2594 2543 2543 2542 2542 2593 2593 2594 2594 2543 2543 2595 2595 2544 2544 2543 2543 2594 2594 2595 2595 2544 2544 2596 2596 2545 2545 2544 2544 2595 2595 2596 2596 2545 2545 2597 2597 2546 2546 2545 2545 2596 2596 2597 2597 2546 2546 2598 2598 2547 2547 2546 2546 2597 2597 2598 2598 2547 2547 2599 2599 2548 2548 2547 2547 2598 2598 2599 2599 2548 2548 2600 2600 2549 2549 2548 2548 2599 2599 2600 2600</p>
        </triangles>
      </mesh>
    </geometry>
  </library_geometries>

  <library_visual_scenes>
    <visual_scene id="Scene" name="Scene">
      <node id="terrain" name="terrain">
        <instance_geometry url="#terrain_mesh">
          <bind_material>
            <technique_common>
              <instance_material symbol="terrain_material" target="#terrain_material"/>
            </technique_common>
          </bind_material>
        </instance_geometry>
      </node>
    </visual_scene>
  </library_visual_scenes>

  <scene>
    <instance_visual_scene url="#Scene"/>
  </scene>
</COLLADA>
